bigram,origin,G2,target_freq,target_share
trade war,seed,,,
trade tensions,seed,,,
trade dispute,seed,,,
trade barriers,seed,,,
import tariffs,seed,,,
retaliatory tariffs,seed,,,
tariff increase,seed,,,
economic sanctions,seed,,,
financial sanctions,seed,,,
trade sanctions,seed,,,
export controls,seed,,,
export restrictions,seed,,,
entity list,seed,,,
sanctions regime,seed,,,
geopolitical risk,seed,,,
geopolitical tensions,seed,,,
geopolitical uncertainty,seed,,,
national security,seed,,,
foreign policy,seed,,,
political risk,seed,,,
regional conflict,seed,,,
supply disruption,seed,,,
supply security,seed,,,
import dependence,seed,,,
near shoring,seed,,,
critical infrastructure,seed,,,
rare earth,seed,,,
critical minerals,seed,,,
critical materials,seed,,,
semiconductor supply,seed,,,
chip shortage,seed,,,
technology transfer,seed,,,
technology restrictions,seed,,,
economic decoupling,seed,,,
dual use,seed,,,
export ban,seed,,,
critical technologies,seed,,,
energy security,seed,,,
energy independence,seed,,,
gas supply,seed,,,
oil supply,seed,,,
investment screening,seed,,,
industrial policy,seed,,,
capital controls,seed,,,
currency manipulation,seed,,,
protectionist measures,seed,,,
import substitution,seed,,,
cyber attack,seed,,,
cyber security,seed,,,
data sovereignty,seed,,,
supply chain,discovered,918893.630337,272579,0.746495
natural gas,discovered,537230.675462,132335,0.888500
oil gas,discovered,243082.730615,78375,0.687560
middle east,discovered,242016.706455,75025,0.714987
united states,discovered,226868.444585,113095,0.452387
supply demand,discovered,201991.172251,49641,0.890390
covid 19,discovered,194669.408664,94270,0.464352
gas prices,discovered,169329.237451,44841,0.832841
raw material,discovered,161036.147423,74942,0.481524
crude oil,discovered,138015.494490,35502,0.855326
oil prices,discovered,132298.445666,39764,0.737271
raw materials,discovered,101189.559989,45265,0.499531
renewable energy,discovered,89464.323594,25461,0.777768
supply chains,discovered,80102.680506,19617,0.893103
north america,discovered,77093.770087,100202,0.231093
energy transition,discovered,71955.113401,16589,0.937761
data center,discovered,71887.912600,37119,0.438609
commodity prices,discovered,71876.891125,29255,0.546393
economic growth,discovered,69537.093458,18352,0.835511
power generation,discovered,68589.710249,20458,0.742901
chain issues,discovered,68395.624047,15746,0.938771
federal government,discovered,67894.860851,19666,0.764560
north american,discovered,66240.678899,47452,0.336324
global supply,discovered,65717.266976,14829,0.952714
cubic feet,discovered,65354.879136,20111,0.720334
energy prices,discovered,64495.256769,16150,0.876099
global economy,discovered,61740.700728,15864,0.856218
global economic,discovered,58953.303540,14042,0.914014
19 pandemic,discovered,57730.624043,19648,0.651545
data centers,discovered,55418.615175,22957,0.537232
million cubic,discovered,55328.216170,17901,0.685284
oil price,discovered,55041.922525,21934,0.557691
material prices,discovered,53912.166440,17272,0.692043
feet day,discovered,52252.896160,13933,0.827572
hong kong,discovered,51760.542833,28391,0.416248
gas production,discovered,51384.706102,13482,0.840052
energy costs,discovered,49945.391260,16174,0.684672
power plants,discovered,49838.084951,14021,0.786504
clean energy,discovered,49571.042136,13060,0.836858
demand supply,discovered,49061.808918,12533,0.860724
climate change,discovered,48429.059662,11188,0.936313
chain challenges,discovered,47255.301947,11266,0.913336
iron ore,discovered,46163.552184,19517,0.526874
macro environment,discovered,45598.621330,20836,0.489786
energy efficiency,discovered,45221.225512,14426,0.694994
chain disruptions,discovered,43071.168435,9706,0.953625
artificial intelligence,discovered,41931.006785,12757,0.728514
important role,discovered,41753.267310,12369,0.747914
global demand,discovered,40774.608600,10111,0.883597
value chain,discovered,40247.304915,17934,0.501384
low carbon,discovered,39821.798728,10190,0.859408
economic conditions,discovered,39529.888689,18756,0.473135
inflationary pressures,discovered,39384.349162,14639,0.596998
gas price,discovered,37746.660951,12077,0.692965
consumer confidence,discovered,37363.394351,12529,0.661266
supply constraints,discovered,36946.899064,9729,0.837263
gas market,discovered,36914.900132,9330,0.868958
electric vehicles,discovered,36563.453047,11203,0.723428
material costs,discovered,36209.864283,20395,0.406996
macroeconomic environment,discovered,36116.918668,13387,0.598649
east africa,discovered,35724.253799,11425,0.693265
economic uncertainty,discovered,35691.901855,9790,0.805828
market volatility,discovered,34003.147161,11430,0.659664
chain constraints,discovered,33946.416427,7923,0.928948
big data,discovered,33176.389213,10069,0.730273
economic environment,discovered,32648.861779,21433,0.359451
net zero,discovered,32303.485186,9283,0.770501
european union,discovered,32061.908659,9156,0.775210
world largest,discovered,31729.594331,10606,0.663373
europe middle,discovered,31281.016410,9079,0.763069
outside china,discovered,30701.054592,8859,0.767412
parts world,discovered,30687.374010,12239,0.557255
homeland security,discovered,30274.262921,6770,0.958788
gas business,discovered,30158.296002,9684,0.690481
high inflation,discovered,29858.617116,7689,0.854523
nuclear power,discovered,29741.415172,7115,0.910778
department defense,discovered,29501.515549,7265,0.888902
southeast asia,discovered,29456.119085,13244,0.497203
energy sector,discovered,29259.759826,7875,0.820398
economic activity,discovered,28525.880433,10009,0.632081
greenhouse gas,discovered,28310.356317,7604,0.821965
global markets,discovered,28091.885675,10080,0.618177
government agencies,discovered,27583.606530,6865,0.880806
oil production,discovered,27580.183222,10089,0.606492
energy storage,discovered,27433.872659,8308,0.731853
south america,discovered,27148.266443,18446,0.350032
digital transformation,discovered,27117.583372,13628,0.449265
power plant,discovered,26840.952594,11359,0.526391
impact covid,discovered,26819.338015,13512,0.448263
gulf coast,discovered,26439.935641,12194,0.485623
cubic meters,discovered,26370.163927,7287,0.800154
coal fired,discovered,25419.614816,6158,0.901347
gas industry,discovered,24694.978211,5922,0.908979
domestic market,discovered,24284.847185,13861,0.402491
war ukraine,discovered,24173.917107,5480,0.949575
term supply,discovered,23815.197704,5349,0.955861
chinese government,discovered,23802.791764,6239,0.840836
economic slowdown,discovered,23668.300314,6783,0.772551
gdp growth,discovered,23589.191873,10433,0.504912
million barrels,discovered,23567.987362,12088,0.441232
energy market,discovered,23488.680849,6623,0.784809
global trade,discovered,23467.642784,5141,0.972017
russia ukraine,discovered,23403.129935,6290,0.821471
global growth,discovered,23284.910011,6970,0.740308
saudi arabia,discovered,23091.753223,9055,0.566504
fuel oil,discovered,23046.224375,6263,0.812954
oil natural,discovered,22977.303100,5536,0.905463
global market,discovered,22878.263966,10549,0.485726
supply issues,discovered,22805.098865,5564,0.895974
supply agreement,discovered,22385.686121,6480,0.765053
new supply,discovered,22268.515286,8827,0.560587
emerging markets,discovered,22253.053418,21959,0.270558
rising rates,discovered,22159.411311,8767,0.561627
gas power,discovered,22091.286420,5668,0.857359
gas emissions,discovered,21908.711858,5295,0.903121
energy infrastructure,discovered,21565.293918,5436,0.871014
high energy,discovered,21365.289892,5184,0.900156
chain management,discovered,21299.186814,6386,0.739120
economic recovery,discovered,21297.116214,9168,0.517937
current economic,discovered,21270.791943,9530,0.498848
power prices,discovered,21224.737305,6783,0.693771
consumer sentiment,discovered,21051.798310,6570,0.710347
new technologies,discovered,21026.986781,11704,0.411099
cloud computing,discovered,20970.402053,6041,0.768673
terms supply,discovered,20967.160586,5906,0.785581
barrels day,discovered,20682.170849,18057,0.292668
america europe,discovered,20585.695970,11839,0.399953
chain disruption,discovered,20574.447323,4627,0.955005
energy markets,discovered,20573.659977,5732,0.793906
gas liquids,discovered,20491.382203,5252,0.858170
green energy,discovered,20450.512839,5021,0.891196
data analytics,discovered,20354.464263,10313,0.446025
demand china,discovered,20114.632475,5248,0.844409
impact tariffs,discovered,20078.945762,5650,0.786360
gas oil,discovered,19907.332871,5771,0.763966
growth china,discovered,19832.437464,7577,0.581103
shale gas,discovered,19692.035622,4429,0.954937
gas pipeline,discovered,19611.895004,4970,0.866911
economic development,discovered,19531.054255,5452,0.792442
supply growth,discovered,19515.430605,5358,0.805109
security solutions,discovered,19459.631660,4630,0.914839
gas storage,discovered,19337.801313,5180,0.824053
gas fired,discovered,19325.017020,4838,0.876291
carbon emissions,discovered,19324.525742,5265,0.810998
africa middle,discovered,19073.162200,5059,0.831662
south africa,discovered,18908.517598,15790,0.301566
like china,discovered,18899.837412,5638,0.742819
new energy,discovered,18827.785574,6168,0.676835
play important,discovered,18710.301770,5583,0.742618
eastern europe,discovered,18688.601397,13469,0.334850
higher energy,discovered,18585.759869,5740,0.717769
electric vehicle,discovered,18492.583059,6611,0.620460
supply situation,discovered,18403.022766,4583,0.880330
fired power,discovered,18374.231450,4072,0.964700
gas demand,discovered,18243.357701,4062,0.961648
billion cubic,discovered,18238.587308,4436,0.898339
think supply,discovered,18205.021415,4900,0.820358
american market,discovered,17953.192978,8358,0.481452
gas markets,discovered,17825.470916,4366,0.893025
oil demand,discovered,17641.423261,3848,0.974671
customers world,discovered,17615.485318,5308,0.735486
heavy oil,discovered,17478.000532,4457,0.862089
department energy,discovered,17308.302319,4374,0.869064
impact supply,discovered,17257.202121,4060,0.923147
cloud based,discovered,17201.647578,8809,0.441842
energy consumption,discovered,17187.689561,5269,0.723068
steel prices,discovered,17098.860799,7229,0.526895
tight supply,discovered,16989.366238,4339,0.860913
power supply,discovered,16987.878186,5087,0.740035
price volatility,discovered,16956.220066,4702,0.797490
domestic demand,discovered,16952.226887,5281,0.711629
supply market,discovered,16938.333461,4765,0.786563
economic outlook,discovered,16870.799751,5923,0.631719
carbon footprint,discovered,16869.589503,5749,0.650707
monetary policy,discovered,16780.567264,4595,0.807132
security business,discovered,16720.180061,5154,0.719129
regions world,discovered,16711.324521,5489,0.675071
semiconductor industry,discovered,16660.266275,5346,0.690965
supply agreements,discovered,16580.289651,4200,0.867231
energy supply,discovered,16417.745205,3794,0.936097
world leading,discovered,16072.197145,6139,0.581235
countries like,discovered,16001.657046,6613,0.538474
general economic,discovered,15987.588652,5198,0.681973
gas sales,discovered,15718.510762,5263,0.662262
supply coming,discovered,15688.523763,4568,0.760699
commodity price,discovered,15687.388421,8402,0.424880
new gas,discovered,15674.524079,3516,0.956735
wind energy,discovered,15602.662745,4344,0.794440
lower oil,discovered,15496.724151,4573,0.750780
lot uncertainty,discovered,15488.690017,6214,0.554079
fuel cell,discovered,15425.955995,6163,0.556328
global pandemic,discovered,15291.016657,4604,0.736051
particularly europe,discovered,15283.980577,5540,0.612019
economic situation,discovered,15165.640613,6090,0.553586
red sea,discovered,15136.307343,3881,0.857869
europe china,discovered,14975.408070,4721,0.703262
gas sector,discovered,14914.638489,3963,0.830295
security supply,discovered,14817.618567,3144,0.990236
information technology,discovered,14800.185868,6539,0.505410
data protection,discovered,14590.367022,3742,0.857667
supply customers,discovered,14566.233086,3434,0.921632
global financial,discovered,14525.852254,4696,0.685848
impact global,discovered,14524.576514,3649,0.873593
offshore wind,discovered,14508.727636,6486,0.499884
energy sources,discovered,14459.328806,3410,0.921373
macroeconomic conditions,discovered,14383.026144,5209,0.612535
heavy duty,discovered,14192.229045,6783,0.470030
energy solutions,discovered,14155.733113,3942,0.794278
energy management,discovered,14011.204409,4434,0.700585
aerospace defense,discovered,13886.395461,6050,0.512104
europe north,discovered,13784.747976,7251,0.431581
china india,discovered,13779.517729,6562,0.471577
uncertainty market,discovered,13771.357306,3785,0.804292
reduce carbon,discovered,13757.802251,3383,0.890029
permian basin,discovered,13747.908522,5165,0.590758
particularly china,discovered,13745.121804,4310,0.707021
cross border,discovered,13744.558816,8272,0.385246
china market,discovered,13696.472240,6251,0.490351
solar power,discovered,13688.088712,4324,0.701834
increasingly important,discovered,13687.901712,5514,0.551897
higher raw,discovered,13675.412455,6077,0.502688
global energy,discovered,13564.940502,3146,0.933531
north africa,discovered,13555.676289,4187,0.717689
volatility market,discovered,13540.506489,4074,0.736576
environmental impact,discovered,13498.620591,4209,0.710980
government support,discovered,13486.005769,4426,0.675622
stay home,discovered,13399.150365,4352,0.682667
technology development,discovered,13250.816689,5408,0.544996
lower carbon,discovered,13191.033999,3103,0.923237
global leader,discovered,13181.263863,4976,0.587971
data security,discovered,13174.678920,3146,0.912148
electricity prices,discovered,13123.424840,3729,0.778985
china europe,discovered,13120.878079,3584,0.809029
steel industry,discovered,13108.037090,4292,0.677185
supply contracts,discovered,13080.008915,3038,0.932474
think government,discovered,13033.913720,3666,0.786695
high tech,discovered,13032.905204,6202,0.471886
europe asia,discovered,13003.435682,9583,0.329403
wind power,discovered,12999.636416,4376,0.658739
energy demand,discovered,12950.226545,2967,0.942204
higher gas,discovered,12920.449793,3409,0.835744
east asia,discovered,12908.915144,4671,0.613073
asia middle,discovered,12906.596924,3446,0.826577
technology solutions,discovered,12842.818676,5909,0.486698
gas processing,discovered,12806.379256,3978,0.713671
just supply,discovered,12784.336998,3146,0.889454
missile defense,discovered,12707.183519,2936,0.936224
cloud security,discovered,12681.402089,3106,0.893042
chinese market,discovered,12604.526455,6233,0.455795
energy efficient,discovered,12598.157307,4308,0.648502
global oil,discovered,12594.224181,2707,0.983291
bcf day,discovered,12530.414609,3643,0.761815
china china,discovered,12499.858036,3670,0.754523
supply disruptions,discovered,12498.713225,2946,0.921777
fuel prices,discovered,12433.094227,8128,0.360635
chinese economy,discovered,12392.581757,3015,0.898123
india china,discovered,12380.164495,4632,0.593162
energy related,discovered,12256.032391,3768,0.721010
inflation reduction,discovered,12253.854933,2846,0.932503
geopolitical situation,discovered,12247.923490,2700,0.968089
labor shortages,discovered,12239.807270,3858,0.703373
refining margins,discovered,12230.843990,3858,0.702860
china trade,discovered,12210.379086,2584,0.991558
higher oil,discovered,12184.175453,3921,0.688983
technology innovation,discovered,12082.283448,4366,0.613892
market supply,discovered,12070.039171,3187,0.835168
defense spending,discovered,12048.637378,2876,0.912437
european markets,discovered,11980.350823,7334,0.379961
macroeconomic uncertainty,discovered,11980.085864,3080,0.855793
high rates,discovered,11899.823042,5090,0.521089
public cloud,discovered,11878.415426,5117,0.517601
states canada,discovered,11867.615205,3647,0.721321
technologies like,discovered,11863.199973,3297,0.795800
going world,discovered,11811.659667,3517,0.744181
related supply,discovered,11745.279646,2928,0.879543
inflation rates,discovered,11719.178898,3526,0.736578
base oil,discovered,11688.689771,3257,0.793809
overall economic,discovered,11674.579552,4431,0.584873
demand europe,discovered,11647.341088,3572,0.722784
water supply,discovered,11572.405059,2724,0.922764
material cost,discovered,11571.024740,9225,0.311382
important area,discovered,11569.139034,3865,0.663747
markets north,discovered,11456.037636,3351,0.757288
global footprint,discovered,11412.741019,5869,0.440219
industry supply,discovered,11391.513316,2747,0.904809
inflation rate,discovered,11378.648729,3980,0.634061
met coal,discovered,11356.937450,4058,0.620774
local governments,discovered,11355.456955,3355,0.749888
coal prices,discovered,11281.686615,4498,0.557442
gas distribution,discovered,11246.906434,3930,0.634690
market uncertainty,discovered,11243.672873,3267,0.762249
higher inflation,discovered,11206.148246,3844,0.646485
east coast,discovered,11177.365400,8154,0.331868
western canada,discovered,11150.894862,5601,0.449482
south korea,discovered,11120.666274,6202,0.410429
supply business,discovered,11116.826208,3102,0.792742
world class,discovered,11102.878430,12175,0.253963
advanced technology,discovered,11100.101767,4573,0.540097
energy cost,discovered,11067.460972,4791,0.515217
gold price,discovered,11035.223537,6225,0.406491
greater china,discovered,11004.729547,4691,0.522791
overall supply,discovered,10992.653845,2855,0.847936
focus energy,discovered,10973.303889,2558,0.929844
demand energy,discovered,10920.381928,2475,0.949731
oil companies,discovered,10909.360321,4661,0.521656
cloud infrastructure,discovered,10896.350194,3203,0.753647
political situation,discovered,10848.593146,2586,0.913458
oil sands,discovered,10825.834722,5180,0.469543
supply base,discovered,10805.705303,4268,0.562541
demand north,discovered,10769.346455,2935,0.810773
advanced materials,discovered,10718.714986,3895,0.610502
challenging macroeconomic,discovered,10682.814855,3208,0.737980
material price,discovered,10679.253283,4954,0.483034
year supply,discovered,10667.924145,3309,0.714687
material supply,discovered,10665.707160,2618,0.891386
alternative energy,discovered,10624.417518,3168,0.743139
ai data,discovered,10621.193193,2907,0.807500
given supply,discovered,10609.300740,2682,0.868805
energy price,discovered,10586.860250,2791,0.836380
political environment,discovered,10578.280347,2786,0.837139
supply contract,discovered,10546.720076,2409,0.944336
especially china,discovered,10538.558241,3443,0.678691
prices raw,discovered,10530.708919,2906,0.801213
lithium ion,discovered,10487.162577,3820,0.609056
green hydrogen,discovered,10482.347662,3768,0.617098
macro trends,discovered,10466.608791,3823,0.607404
situation china,discovered,10457.283455,2554,0.895198
high oil,discovered,10409.429624,2620,0.872170
product supply,discovered,10402.646134,3039,0.758234
countries world,discovered,10398.102849,4195,0.551104
demand oil,discovered,10384.943311,2348,0.951378
gas infrastructure,discovered,10378.451298,2435,0.925152
high power,discovered,10354.433961,4136,0.556438
american markets,discovered,10353.715399,3386,0.678014
network security,discovered,10288.796433,2676,0.846835
impacts covid,discovered,10269.161219,3655,0.623188
balance supply,discovered,10250.887450,2442,0.913922
growing global,discovered,10245.795248,2860,0.792463
british columbia,discovered,10207.623242,4067,0.557811
electric power,discovered,10111.568520,3644,0.615541
supply issue,discovered,10047.351935,2494,0.882832
technology company,discovered,10018.302530,4342,0.514638
security services,discovered,9961.101934,2977,0.741469
east north,discovered,9939.647917,2645,0.829154
level uncertainty,discovered,9934.996063,3155,0.698163
covid related,discovered,9923.007438,7589,0.320685
increase energy,discovered,9913.593524,2660,0.822765
current macroeconomic,discovered,9896.344570,2777,0.788472
new government,discovered,9871.139409,3741,0.585721
global gdp,discovered,9821.780170,2433,0.884406
macro uncertainty,discovered,9815.294553,2973,0.731725
european countries,discovered,9812.091831,5934,0.383730
expect supply,discovered,9806.145266,2443,0.880043
low oil,discovered,9793.392328,2917,0.743943
government customers,discovered,9741.347887,2811,0.767404
palm oil,discovered,9720.821259,2583,0.830280
security market,discovered,9719.622247,2638,0.813946
important long,discovered,9695.900657,3261,0.659321
zero carbon,discovered,9689.832657,2314,0.912101
energy industry,discovered,9654.962685,2816,0.759439
energy generation,discovered,9645.888347,2337,0.901273
gas transmission,discovered,9644.028254,2633,0.809407
ukraine war,discovered,9608.521813,2124,0.966333
inflationary pressure,discovered,9582.341093,4147,0.515347
china going,discovered,9572.784181,3198,0.663761
input costs,discovered,9537.401368,9062,0.277049
carbon capture,discovered,9520.970944,4224,0.503456
various countries,discovered,9498.187530,3027,0.695702
asia pacific,discovered,9488.134723,18313,0.191954
export markets,discovered,9465.169805,4131,0.511262
certain countries,discovered,9439.819574,3244,0.645315
fossil fuel,discovered,9439.797555,2336,0.885184
steel demand,discovered,9395.511391,2378,0.867883
energy projects,discovered,9365.194991,2924,0.710053
domestic production,discovered,9363.769158,2666,0.777486
gas pricing,discovered,9352.609030,2531,0.816188
energy crisis,discovered,9336.500033,2186,0.926664
ukraine russia,discovered,9329.910900,2277,0.895751
covid pandemic,discovered,9309.353723,4182,0.497620
ongoing supply,discovered,9304.033399,2260,0.899324
europe united,discovered,9303.839178,3176,0.649622
supply shortages,discovered,9300.189679,2318,0.879696
inflation supply,discovered,9293.110339,2201,0.918231
oil market,discovered,9285.821358,2776,0.741255
higher rates,discovered,9266.235388,10189,0.253559
energy policy,discovered,9256.742583,2104,0.947748
energy mix,discovered,9214.088968,2041,0.965012
hybrid cloud,discovered,9210.050755,3273,0.624142
countries including,discovered,9168.224432,2631,0.771554
freight rates,discovered,9125.082633,4914,0.422892
technology companies,discovered,9121.308988,3751,0.541036
business china,discovered,9108.354758,4789,0.431753
gas electricity,discovered,9103.056672,2401,0.836003
inflationary environment,discovered,9099.409184,5035,0.413179
latin america,discovered,9097.556583,21867,0.176142
political uncertainty,discovered,9094.097955,2133,0.925380
renewable natural,discovered,9084.823082,1967,0.979094
gas natural,discovered,9079.850716,2378,0.841472
far east,discovered,9070.768531,4789,0.430201
lower gas,discovered,9068.224796,2645,0.759403
free trade,discovered,9060.078815,2156,0.914722
gas costs,discovered,9044.138740,2724,0.735818
trade policy,discovered,9041.474897,1945,0.982820
power purchase,discovered,8991.215745,2671,0.745881
price oil,discovered,8986.971368,4023,0.499255
economic downturn,discovered,8949.547791,5084,0.404101
gas volumes,discovered,8944.651019,2906,0.682480
supply going,discovered,8940.322133,2308,0.852604
gas transportation,discovered,8923.508042,2107,0.920489
entire supply,discovered,8896.144958,2178,0.893355
export business,discovered,8893.710685,3246,0.607865
power demand,discovered,8868.507329,2436,0.804757
000 cubic,discovered,8853.001538,2668,0.735391
coal gas,discovered,8847.186151,2319,0.840827
solar energy,discovered,8823.344423,2955,0.662111
safety security,discovered,8818.587680,2632,0.742454
steel production,discovered,8813.489971,3991,0.493936
terms energy,discovered,8804.096120,2472,0.788014
renewable power,discovered,8790.312431,2728,0.714323
government spending,discovered,8744.357097,2950,0.657308
coking coal,discovered,8730.069793,4124,0.475060
trade flows,discovered,8724.100070,2021,0.934350
broader economic,discovered,8714.047748,2328,0.826118
coming china,discovered,8681.064588,3462,0.557308
government shutdown,discovered,8678.633283,2733,0.704019
given uncertainty,discovered,8643.558335,4061,0.477428
including china,discovered,8641.802097,2490,0.768519
energy resources,discovered,8627.260579,2755,0.694304
impacted covid,discovered,8625.867133,4680,0.420183
energy needs,discovered,8625.703493,2000,0.933707
impacted supply,discovered,8604.622579,1918,0.960922
increase supply,discovered,8591.094406,2631,0.723796
multi cloud,discovered,8577.978338,2629,0.723246
power sector,discovered,8574.382327,2769,0.686586
lower energy,discovered,8572.610024,2972,0.639690
production china,discovered,8558.652784,2571,0.737733
wind solar,discovered,8513.992838,3354,0.563982
significant supply,discovered,8499.732854,1948,0.941973
tariff situation,discovered,8458.905471,2239,0.833271
thermal coal,discovered,8438.121649,3100,0.603935
uncertainty remains,discovered,8434.173944,1983,0.923614
increase gas,discovered,8430.788938,2128,0.869992
drilling activity,discovered,8430.112115,4725,0.408702
customers supply,discovered,8423.886786,2135,0.866829
global macroeconomic,discovered,8401.061916,1914,0.946120
government programs,discovered,8398.046736,2596,0.717127
manage supply,discovered,8386.168491,2234,0.828328
defense business,discovered,8385.643228,3451,0.540655
increase oil,discovered,8377.406438,2310,0.801805
supply new,discovered,8370.318110,2370,0.781662
lot supply,discovered,8367.797773,2702,0.686658
continue supply,discovered,8347.062720,2176,0.845049
national oil,discovered,8326.407577,2079,0.878327
states europe,discovered,8289.506458,3322,0.554684
world today,discovered,8274.430073,2996,0.612679
energy future,discovered,8272.981203,1918,0.933788
gas companies,discovered,8270.202723,2329,0.785762
steel aluminum,discovered,8251.690738,2168,0.839009
zero trust,discovered,8228.446991,2111,0.857433
generative ai,discovered,8226.851468,5164,0.372395
global manufacturing,discovered,8217.316126,2634,0.691702
seeing supply,discovered,8213.925424,2140,0.845516
defense budget,discovered,8203.962921,2155,0.839174
gas customers,discovered,8193.167423,2171,0.832439
advanced technologies,discovered,8191.654951,3007,0.604422
cost energy,discovered,8186.038640,2935,0.618676
sulfur fuel,discovered,8181.462369,1916,0.926499
global basis,discovered,8180.145182,6230,0.321648
macroeconomic headwinds,discovered,8178.160094,2423,0.747840
feet gas,discovered,8163.908644,2480,0.729626
geopolitical environment,discovered,8160.503530,1823,0.959474
impact china,discovered,8158.402599,2068,0.866723
macro economic,discovered,8153.603528,3387,0.535833
cloud data,discovered,8128.533280,2599,0.693436
supply shortage,discovered,8121.603173,1871,0.938315
gas gas,discovered,8114.992415,1928,0.915914
electricity gas,discovered,8100.877787,1952,0.905380
reduce emissions,discovered,8094.639284,2235,0.800788
dry gas,discovered,8083.322194,3034,0.591308
renewable generation,discovered,8077.994300,2028,0.874138
energy energy,discovered,8061.133228,1843,0.943676
high volatility,discovered,8052.992484,2465,0.724148
overall global,discovered,8006.059325,2578,0.688568
export market,discovered,7998.535897,4466,0.410026
new technology,discovered,7989.692338,9700,0.239773
increase raw,discovered,7967.306860,3156,0.560967
supply challenges,discovered,7963.558438,2247,0.784293
markets china,discovered,7960.437981,2859,0.617628
power grid,discovered,7953.410137,2797,0.630665
america middle,discovered,7930.271743,2230,0.786874
demand data,discovered,7926.665164,2437,0.721006
manufacturing supply,discovered,7916.520349,2788,0.629772
based technology,discovered,7913.999656,2894,0.606709
carbon intensity,discovered,7880.704551,2422,0.721263
gas company,discovered,7867.182017,2312,0.753831
uncertainty related,discovered,7866.201792,2074,0.836290
gas day,discovered,7842.344268,2153,0.805161
demand power,discovered,7832.284357,1991,0.864525
macro level,discovered,7823.959469,3630,0.482970
ai technology,discovered,7820.955723,2612,0.663955
economic political,discovered,7819.864991,1896,0.900713
amp gas,discovered,7818.194683,3429,0.508905
government policy,discovered,7802.434284,2389,0.723939
markets world,discovered,7790.784787,4565,0.393806
caused covid,discovered,7787.712488,2226,0.774530
macro headwinds,discovered,7787.118307,2845,0.607257
international markets,discovered,7784.804248,11754,0.214329
energy production,discovered,7780.349416,2326,0.741236
result covid,discovered,7764.533019,3149,0.548320
security products,discovered,7760.922887,2447,0.703161
crude prices,discovered,7724.568320,2735,0.626432
pipeline capacity,discovered,7698.471907,2213,0.770275
global environment,discovered,7696.114249,2051,0.828018
uncertainty global,discovered,7681.287301,1714,0.960224
continued supply,discovered,7680.921734,1919,0.877859
domestic supply,discovered,7676.123173,1681,0.972238
post covid,discovered,7661.510105,5864,0.320507
federal agencies,discovered,7661.473850,1853,0.902582
world economy,discovered,7647.751873,2662,0.637147
chain team,discovered,7640.385367,2221,0.761921
challenges supply,discovered,7629.450219,1879,0.888836
solar wind,discovered,7626.767047,2386,0.708643
leading global,discovered,7624.706533,3518,0.485442
high gas,discovered,7609.048815,1822,0.910090
key raw,discovered,7596.643916,2108,0.796975
oil amp,discovered,7571.535413,3392,0.498897
german government,discovered,7563.302901,2030,0.822528
base metals,discovered,7547.088211,2135,0.782338
south wales,discovered,7540.005239,4451,0.391400
precious metals,discovered,7531.515775,3234,0.519184
world trade,discovered,7516.632829,1964,0.843280
outside united,discovered,7477.199699,5234,0.342226
price gas,discovered,7476.383004,2276,0.728087
geopolitical events,discovered,7471.227792,1638,0.971530
new south,discovered,7465.365797,4485,0.385806
global production,discovered,7414.350961,2155,0.762023
gas pipelines,discovered,7376.839748,1921,0.845883
customers suppliers,discovered,7371.161214,3547,0.467141
current supply,discovered,7349.191331,2004,0.810352
chinese customers,discovered,7343.983453,2355,0.691427
economic uncertainties,discovered,7337.861717,2000,0.810701
global customers,discovered,7330.696470,2802,0.580846
steel products,discovered,7323.925570,2575,0.630818
power market,discovered,7315.985867,2890,0.562476
chain logistics,discovered,7296.560414,2237,0.723012
thermal power,discovered,7292.171368,2217,0.729037
domestic gas,discovered,7288.108477,1601,0.970303
gas reserves,discovered,7264.768471,1803,0.882958
continued uncertainty,discovered,7257.767407,2203,0.730196
inventory supply,discovered,7243.452143,2079,0.771429
related covid,discovered,7243.247038,4009,0.413086
economic headwinds,discovered,7227.921446,2423,0.661480
emerging market,discovered,7190.877212,6173,0.295996
asian countries,discovered,7183.704044,2474,0.643935
macroeconomic factors,discovered,7178.025764,2603,0.611751
invasion ukraine,discovered,7176.408079,1586,0.966484
central government,discovered,7165.755543,2725,0.583762
gas projects,discovered,7162.987429,1997,0.793405
information security,discovered,7155.673469,1788,0.877761
disruption supply,discovered,7151.322360,1664,0.931170
going china,discovered,7142.478247,2735,0.579818
supply constrained,discovered,7138.483612,2630,0.602244
technology infrastructure,discovered,7110.506252,3045,0.520513
geopolitical issues,discovered,7108.606262,1699,0.911481
business confidence,discovered,7107.029242,2271,0.693859
exports china,discovered,7095.980303,1716,0.902683
important driver,discovered,7078.301881,3428,0.464436
challenging macro,discovered,7063.665852,2859,0.549385
gas drilling,discovered,7063.400434,1898,0.821645
market sentiment,discovered,7051.980748,2521,0.620477
international trade,discovered,7031.893254,2038,0.764154
cost supply,discovered,7003.124835,2137,0.726377
security solution,discovered,6998.034923,1663,0.915749
rich gas,discovered,6989.475398,1868,0.825818
cost inflation,discovered,6981.336292,9887,0.221181
nuclear energy,discovered,6980.847769,1754,0.873506
fuel cells,discovered,6974.020320,2525,0.612715
government announced,discovered,6956.887101,2115,0.729059
export demand,discovered,6951.703229,1888,0.813442
mainland china,discovered,6918.268010,4526,0.360436
strong dollar,discovered,6901.431173,2903,0.529455
carbon free,discovered,6900.056909,1650,0.911099
electricity demand,discovered,6883.480682,1978,0.770549
global steel,discovered,6878.901422,1729,0.873232
prices europe,discovered,6877.688236,2143,0.711487
private cloud,discovered,6853.293559,2759,0.552242
energy business,discovered,6851.397264,4632,0.351388
say supply,discovered,6849.461215,1649,0.906044
industrial gas,discovered,6846.116373,2070,0.733003
production supply,discovered,6834.319926,1665,0.897091
canada australia,discovered,6827.153611,2344,0.645908
especially europe,discovered,6827.123392,3390,0.454119
economic indicators,discovered,6812.788799,2261,0.668144
environmental regulations,discovered,6807.410121,1742,0.859398
china hong,discovered,6803.770705,2057,0.733072
macroeconomic challenges,discovered,6800.468436,1972,0.763749
rising raw,discovered,6766.605615,1858,0.805026
number countries,discovered,6762.220220,2908,0.518452
science technology,discovered,6740.520057,1946,0.767048
electricity generation,discovered,6740.073251,1911,0.780637
bit supply,discovered,6733.232200,1950,0.764706
term economic,discovered,6695.680017,1926,0.769784
global macro,discovered,6695.656817,1917,0.773296
china continue,discovered,6693.630450,2368,0.626953
america south,discovered,6687.305988,2146,0.690921
gas consumption,discovered,6670.944676,1747,0.841522
china demand,discovered,6665.899545,1655,0.882667
gas plant,discovered,6662.039962,2672,0.554242
technology leadership,discovered,6660.360219,3254,0.460776
cost gas,discovered,6650.626228,1713,0.854364
imports china,discovered,6648.580324,1653,0.881600
gas assets,discovered,6644.102703,2081,0.707823
terms gas,discovered,6640.517052,1674,0.870968
rare earths,discovered,6637.858605,1428,0.982794
significant uncertainty,discovered,6631.955126,1837,0.798349
disruptions supply,discovered,6626.796624,1481,0.959197
trade finance,discovered,6619.814458,2439,0.602222
trade wars,discovered,6613.437180,1431,0.979466
defense security,discovered,6613.356358,1716,0.848665
energy company,discovered,6609.556005,2264,0.647412
world continue,discovered,6608.146345,2135,0.686275
increased supply,discovered,6584.779163,1985,0.735185
upstream downstream,discovered,6576.059939,2299,0.634382
low gas,discovered,6561.239624,1698,0.850701
situation europe,discovered,6541.310839,2029,0.714688
energy savings,discovered,6534.340138,2163,0.669867
fuel supply,discovered,6534.318525,1573,0.906106
international market,discovered,6524.992329,5567,0.297224
process technology,discovered,6514.694922,2849,0.510299
coal market,discovered,6514.052235,2028,0.712079
sustainable energy,discovered,6510.520158,1621,0.880500
macro economy,discovered,6503.280757,2354,0.612861
gulf mexico,discovered,6503.114869,8722,0.227390
gas plants,discovered,6481.432978,1920,0.747955
macroeconomic geopolitical,discovered,6480.826497,1411,0.975795
challenging economic,discovered,6480.751104,4015,0.376324
look supply,discovered,6473.665308,2057,0.697761
tier suppliers,discovered,6462.230840,1809,0.790301
potential supply,discovered,6460.265434,1466,0.948867
economic factors,discovered,6459.684856,2216,0.646441
technology driven,discovered,6457.255397,2427,0.590511
particularly united,discovered,6453.744094,1747,0.815974
united kingdom,discovered,6451.690729,4892,0.322670
government services,discovered,6450.441688,2498,0.573462
china russia,discovered,6448.543344,1795,0.794599
federal state,discovered,6435.273717,3327,0.438167
environmental protection,discovered,6416.432950,1825,0.778252
prices gas,discovered,6410.885521,1572,0.892168
different countries,discovered,6404.629482,4684,0.331259
government agency,discovered,6400.875026,2022,0.701840
gas contracts,discovered,6400.502168,1622,0.866916
oil products,discovered,6389.023560,2218,0.638825
refining capacity,discovered,6386.980186,1809,0.781425
lockdowns china,discovered,6369.731079,1502,0.921472
macro factors,discovered,6365.021909,2669,0.531039
lng market,discovered,6364.929988,1693,0.829495
global automotive,discovered,6361.204533,1820,0.773810
associated gas,discovered,6358.792852,1606,0.869518
like energy,discovered,6355.293861,1705,0.822876
wind turbines,discovered,6343.738030,2107,0.667617
slowdown china,discovered,6308.130998,1526,0.902425
southeast asian,discovered,6305.265441,1873,0.745918
reduce energy,discovered,6292.973375,1729,0.804560
gas cost,discovered,6263.538699,1805,0.768412
chain environment,discovered,6262.597054,1753,0.790352
business supply,discovered,6245.246898,1675,0.823096
export prices,discovered,6238.595465,1611,0.852381
pipeline project,discovered,6227.588124,2084,0.662639
co2 emissions,discovered,6226.510817,3102,0.452781
like india,discovered,6225.191547,2559,0.541244
increases raw,discovered,6218.206656,2115,0.651973
asia europe,discovered,6216.409679,3920,0.371036
gas wells,discovered,6211.686581,1750,0.785458
environmentally friendly,discovered,6206.002569,2279,0.604189
semiconductor shortage,discovered,6205.037999,1481,0.912508
export volumes,discovered,6202.062980,2218,0.620246
global recession,discovered,6171.590576,1899,0.720410
digital infrastructure,discovered,6168.834972,2314,0.591665
gas amp,discovered,6167.591604,1692,0.805714
secure supply,discovered,6161.578839,1639,0.829453
economic impact,discovered,6161.380284,3032,0.457799
import export,discovered,6146.626091,1491,0.900362
political economic,discovered,6126.862075,1711,0.792130
logistics supply,discovered,6121.095291,1533,0.876000
rising inflation,discovered,6113.644831,1592,0.845909
ore prices,discovered,6094.771198,2063,0.655129
wave covid,discovered,6087.659868,1986,0.679671
demand global,discovered,6067.136730,1702,0.788693
chinese companies,discovered,6057.281926,1803,0.744426
hybrid electric,discovered,6049.378911,1725,0.776328
china southeast,discovered,6047.583736,1454,0.907049
strong global,discovered,6047.199113,2724,0.496356
western canadian,discovered,6038.360664,1814,0.737698
energy source,discovered,6038.146285,1448,0.908977
commodity markets,discovered,6032.069190,2328,0.575383
impact economy,discovered,6018.960730,2041,0.653957
tariff increases,discovered,6012.146214,1752,0.760087
technology business,discovered,6011.698789,3738,0.375226
governments world,discovered,6010.270146,1491,0.883294
gas fields,discovered,6008.425926,1391,0.934812
integrated supply,discovered,6001.627238,1730,0.768206
sources supply,discovered,6001.071130,1439,0.909033
terms trade,discovered,5985.230451,1755,0.755489
going supply,discovered,5969.387890,1913,0.691863
geopolitical risks,discovered,5953.532315,1275,0.985317
security systems,discovered,5947.714370,1522,0.859401
related energy,discovered,5903.091053,1693,0.772002
purchasing power,discovered,5901.152128,3119,0.429792
support global,discovered,5897.682618,1939,0.674435
manufacturing technology,discovered,5897.129908,1575,0.826338
ongoing uncertainty,discovered,5866.467013,1471,0.875074
duty truck,discovered,5863.029676,2262,0.575573
question supply,discovered,5859.076822,1762,0.736930
global economies,discovered,5842.168274,1456,0.879758
term gas,discovered,5820.041087,1271,0.973946
economic climate,discovered,5818.600022,3366,0.398013
tariff related,discovered,5812.947938,1741,0.739907
increased volatility,discovered,5807.877278,1765,0.729339
energy companies,discovered,5802.659691,1923,0.669102
nuclear fuel,discovered,5801.519075,1473,0.865452
offshore oil,discovered,5795.298449,1498,0.851620
gas development,discovered,5782.892990,1435,0.883077
domestic markets,discovered,5779.889050,2637,0.490513
component supply,discovered,5779.697967,1512,0.842340
growth data,discovered,5774.532914,2814,0.461841
technology products,discovered,5768.714842,3117,0.421672
quarter supply,discovered,5766.654505,1638,0.779258
mentioned supply,discovered,5763.646318,1419,0.889098
energy power,discovered,5760.350084,1599,0.796712
time supply,discovered,5757.961950,1518,0.836364
japan korea,discovered,5752.284840,2565,0.501074
wet gas,discovered,5740.541469,1536,0.824919
cloud solutions,discovered,5739.499782,2234,0.570626
inflation rising,discovered,5731.677003,1275,0.962264
demand gas,discovered,5731.400884,1346,0.924451
economic challenges,discovered,5730.237078,2438,0.523738
government government,discovered,5727.150062,1687,0.752118
prices energy,discovered,5724.859077,1471,0.856228
impact energy,discovered,5721.408158,1542,0.819341
oil markets,discovered,5658.058231,1581,0.791688
supplier base,discovered,5650.215936,2055,0.609973
chain partners,discovered,5640.830402,1637,0.763170
gas energy,discovered,5637.533623,1536,0.810982
data management,discovered,5635.074991,3461,0.378955
cost raw,discovered,5634.733197,2557,0.492963
uncertainty surrounding,discovered,5634.234426,2001,0.624532
digital economy,discovered,5621.594759,1543,0.805324
continued economic,discovered,5612.735549,1805,0.689458
covid lockdowns,discovered,5611.043884,1611,0.771182
european market,discovered,5610.279090,5853,0.261552
uncertainty regarding,discovered,5606.390320,2002,0.621160
rest world,discovered,5604.077524,9861,0.199725
think energy,discovered,5591.595061,1628,0.760748
trade agreement,discovered,5576.308727,1259,0.952345
ai enabled,discovered,5568.150486,1768,0.698262
major european,discovered,5563.000215,1928,0.639894
semiconductor market,discovered,5557.790392,2286,0.540937
cloud services,discovered,5556.650077,3416,0.378672
supply supply,discovered,5548.565885,1451,0.842625
higher commodity,discovered,5544.037086,2989,0.422473
companies world,discovered,5543.687767,3341,0.384819
rising energy,discovered,5540.660936,1290,0.930736
material energy,discovered,5539.754906,1996,0.615669
strong supply,discovered,5535.748969,1529,0.800524
ai applications,discovered,5527.198320,1687,0.726216
additional supply,discovered,5521.844691,1729,0.708026
lng projects,discovered,5494.097328,1892,0.643975
oil company,discovered,5487.884401,2249,0.542843
defense industry,discovered,5478.353592,1537,0.788610
power markets,discovered,5477.112460,1643,0.738759
materials segment,discovered,5475.908473,2047,0.593677
strong economic,discovered,5468.352644,1955,0.620438
national energy,discovered,5455.086906,1256,0.938714
ongoing covid,discovered,5453.820433,1582,0.763514
plays important,discovered,5446.831115,1740,0.694057
asian markets,discovered,5441.359195,3052,0.408458
defense intelligence,discovered,5432.269575,1243,0.943096
kong china,discovered,5421.449600,1398,0.853480
wind turbine,discovered,5402.855451,2014,0.595330
power gas,discovered,5400.368112,1567,0.763273
trade credit,discovered,5398.865624,1357,0.873230
european gas,discovered,5388.351011,1359,0.870596
security data,discovered,5373.948286,1186,0.967374
gas supplies,discovered,5367.564640,1144,0.987910
countries europe,discovered,5360.198400,2900,0.421206
current oil,discovered,5358.080194,1559,0.761230
products china,discovered,5353.104343,1994,0.595757
rates inflation,discovered,5352.741308,1688,0.703040
reduce greenhouse,discovered,5351.892869,1209,0.951969
states china,discovered,5343.545419,1181,0.966448
current global,discovered,5343.408751,1579,0.749763
power station,discovered,5336.954631,2136,0.555382
chain issue,discovered,5330.001440,1341,0.872479
driven supply,discovered,5327.973310,1493,0.789529
china australia,discovered,5327.619695,1407,0.835015
000 barrels,discovered,5324.360228,11402,0.184046
say china,discovered,5322.820283,1618,0.729157
federal business,discovered,5321.883129,2007,0.588563
defense markets,discovered,5312.649101,1412,0.830100
gas lng,discovered,5311.962776,1240,0.928839
tariff impact,discovered,5306.859722,2208,0.535013
government india,discovered,5299.341127,2119,0.555876
ukraine conflict,discovered,5292.906899,1255,0.917398
chain shortages,discovered,5291.828907,1190,0.955056
heavy crude,discovered,5291.661608,1488,0.786885
uncertainty volatility,discovered,5288.873182,1358,0.856782
world needs,discovered,5282.430331,1313,0.881800
managing supply,discovered,5278.971669,1615,0.724540
emerging countries,discovered,5270.322689,2659,0.447718
macroeconomic uncertainties,discovered,5269.520249,1272,0.904051
shortage supply,discovered,5253.731082,1234,0.924345
global business,discovered,5249.219879,4528,0.295041
developing countries,discovered,5248.142055,1920,0.606443
gas coal,discovered,5245.030581,1390,0.832335
local government,discovered,5240.508189,2920,0.410747
energy services,discovered,5239.311810,3437,0.359669
carbon neutrality,discovered,5239.259895,1686,0.689007
know china,discovered,5239.142964,1712,0.678557
lng export,discovered,5222.571519,1253,0.908629
china continues,discovered,5219.543182,1948,0.594628
local supply,discovered,5216.382739,1204,0.936965
significant economic,discovered,5214.904396,1576,0.733364
global warming,discovered,5210.198845,1306,0.875335
chain capabilities,discovered,5206.503274,1400,0.821114
inflation higher,discovered,5201.766372,2107,0.548984
operations supply,discovered,5200.569145,1469,0.783467
impact economic,discovered,5197.949245,1871,0.616271
emerging technologies,discovered,5191.928044,1769,0.650846
markets united,discovered,5189.244642,1554,0.740000
power energy,discovered,5187.215092,1581,0.727231
additional gas,discovered,5185.281225,1203,0.933282
zero emission,discovered,5179.212923,1905,0.603230
weak economic,discovered,5164.143919,1880,0.609400
south american,discovered,5159.450033,2976,0.398981
domestic prices,discovered,5138.356802,1409,0.806064
issues supply,discovered,5137.687587,1391,0.815836
backup power,discovered,5133.656765,1515,0.750743
happening china,discovered,5130.898917,1415,0.801700
based supply,discovered,5130.024583,1297,0.868721
impact raw,discovered,5126.634623,1920,0.592593
chain labor,discovered,5120.975107,1234,0.905356
use technology,discovered,5116.385603,3534,0.345691
food security,discovered,5109.747843,1154,0.952145
electricity supply,discovered,5109.383002,1172,0.941365
growth global,discovered,5108.103157,2906,0.403611
heat power,discovered,5105.670493,1186,0.932390
given global,discovered,5105.106246,1551,0.729539
gas coming,discovered,5086.777477,1318,0.849774
economy continues,discovered,5085.344132,2806,0.414170
government defense,discovered,5082.209346,1421,0.791203
world including,discovered,5077.385026,1973,0.571553
security operations,discovered,5075.858739,1199,0.920184
like europe,discovered,5065.117129,2340,0.484874
cleaner energy,discovered,5063.174832,1122,0.964746
china south,discovered,5062.575369,1473,0.761240
edge technologies,discovered,5060.571038,1414,0.791713
new tariff,discovered,5046.308076,1545,0.723993
security space,discovered,5042.274859,1168,0.934400
china really,discovered,5039.779133,1894,0.590583
strategically important,discovered,5039.763821,2766,0.416065
technology like,discovered,5032.424228,1875,0.595616
new oil,discovered,5025.678867,1324,0.836915
reducing carbon,discovered,5023.189187,1455,0.764582
gas generation,discovered,5014.799214,1280,0.861373
new nuclear,discovered,5014.694986,1534,0.724610
volatility uncertainty,discovered,5013.450302,1480,0.750507
defense market,discovered,5008.988252,1800,0.617284
european commission,discovered,4993.565824,2872,0.399944
supply markets,discovered,4988.774546,1370,0.804935
electric gas,discovered,4986.705569,1756,0.629842
increasing rates,discovered,4985.827499,2192,0.507760
china just,discovered,4983.537112,2097,0.529278
increased energy,discovered,4951.538951,1315,0.830701
potential tariffs,discovered,4949.417680,1178,0.914596
zero emissions,discovered,4943.591450,1237,0.876683
source supply,discovered,4939.825966,1304,0.835362
despite global,discovered,4929.355145,1233,0.876956
gas contract,discovered,4923.778511,1249,0.866158
election year,discovered,4921.910425,2067,0.530272
gas going,discovered,4914.700317,1695,0.643020
low energy,discovered,4909.797948,1461,0.744648
market china,discovered,4907.340472,3053,0.375061
trade policies,discovered,4896.950418,1067,0.975320
technology systems,discovered,4895.270991,1650,0.657895
chain costs,discovered,4892.506129,2294,0.478315
power production,discovered,4890.105542,1417,0.764293
inflation environment,discovered,4881.139727,1676,0.645857
pipeline infrastructure,discovered,4880.900534,1280,0.840446
energy water,discovered,4876.609393,1313,0.820112
global infrastructure,discovered,4873.458084,1812,0.596838
russian gas,discovered,4868.639119,1067,0.971767
think gas,discovered,4867.509962,1390,0.775237
particularly important,discovered,4847.530436,2725,0.407690
proprietary technology,discovered,4825.787750,2483,0.440014
supply gas,discovered,4825.014609,1041,0.981150
energy customers,discovered,4819.049281,1396,0.764513
question gas,discovered,4815.024257,1146,0.914605
ai models,discovered,4815.015704,1566,0.681759
low commodity,discovered,4814.335740,1491,0.715795
position global,discovered,4813.423772,1665,0.641124
food supply,discovered,4811.762590,1136,0.920583
think china,discovered,4810.352727,2449,0.444142
semiconductor manufacturing,discovered,4803.040362,1300,0.816070
decline oil,discovered,4801.608904,1537,0.692654
technology capabilities,discovered,4800.641283,2042,0.523858
security issues,discovered,4792.251339,1137,0.916935
power distribution,discovered,4790.722493,1663,0.638878
gas field,discovered,4790.117361,1455,0.729689
lng project,discovered,4784.064144,1944,0.547297
geopolitical uncertainties,discovered,4773.000539,1044,0.972973
gas fuel,discovered,4771.851369,1099,0.938514
china japan,discovered,4769.698461,2337,0.459587
looking supply,discovered,4759.233314,1285,0.817950
demand domestic,discovered,4754.394051,1476,0.714078
kong macau,discovered,4748.808539,1631,0.645685
government funding,discovered,4745.620668,2129,0.498245
growth oil,discovered,4744.411329,1426,0.737332
pandemic related,discovered,4744.080334,2693,0.404354
recovery global,discovered,4743.819835,1194,0.872169
impact tariff,discovered,4739.417564,1256,0.832339
economic cycles,discovered,4738.929025,2363,0.452422
domestic consumption,discovered,4738.268190,1573,0.667941
impacted global,discovered,4734.375794,1203,0.864845
impact trade,discovered,4732.615796,1147,0.901021
ability supply,discovered,4712.687489,1637,0.638456
look global,discovered,4708.625755,2091,0.503007
future energy,discovered,4707.128590,1202,0.861032
energy saving,discovered,4700.541265,1640,0.635659
international oil,discovered,4698.824301,1314,0.791090
global customer,discovered,4696.734584,2003,0.522567
growth energy,discovered,4694.679986,1631,0.638356
global company,discovered,4691.324494,2249,0.468737
expanding global,discovered,4690.660510,1750,0.594833
china north,discovered,4688.437960,1323,0.784232
constrained supply,discovered,4687.022104,1324,0.783432
climate related,discovered,4685.561154,1176,0.874349
jet fuel,discovered,4674.839400,2602,0.411123
cloud environments,discovered,4673.790030,1251,0.824654
uncertain economic,discovered,4666.885011,2314,0.454706
ensure supply,discovered,4660.880920,1081,0.933506
especially north,discovered,4660.725091,2133,0.489108
customers china,discovered,4660.383409,1880,0.551158
china particular,discovered,4653.635475,1521,0.678412
cloud service,discovered,4653.372548,2244,0.466237
electric utilities,discovered,4653.031971,1468,0.702729
supply cost,discovered,4652.373131,1458,0.707424
cyber attacks,discovered,4646.480285,1013,0.974976
china course,discovered,4644.933784,1262,0.813144
like supply,discovered,4636.870106,1523,0.675089
east region,discovered,4634.538769,1618,0.635257
costs supply,discovered,4633.102969,1519,0.676313
energy raw,discovered,4632.575301,1232,0.829630
terms oil,discovered,4631.812202,1276,0.802516
chinese oems,discovered,4630.457770,1403,0.731491
national defense,discovered,4614.612122,987,0.986014
security service,discovered,4609.273447,1232,0.825737
defense department,discovered,4603.330862,1086,0.921120
mexico canada,discovered,4602.238994,1520,0.671378
products supply,discovered,4597.589011,1264,0.804071
products technology,discovered,4593.746393,2088,0.492221
uk government,discovered,4592.384528,1472,0.691729
global lng,discovered,4591.329006,1033,0.954713
new tariffs,discovered,4589.180582,1385,0.734358
energy systems,discovered,4588.535521,1702,0.598243
services technology,discovered,4586.983307,1579,0.644227
india middle,discovered,4584.950603,1359,0.747525
chip shortages,discovered,4568.889657,1139,0.879537
year gas,discovered,4565.471496,1288,0.784409
believe supply,discovered,4559.689308,1305,0.773563
growth supply,discovered,4557.897165,1364,0.740499
driven global,discovered,4557.664323,1381,0.731462
technology platforms,discovered,4550.241709,2800,0.378378
light oil,discovered,4548.610269,1535,0.657106
security compliance,discovered,4547.644269,1247,0.806076
lng supply,discovered,4545.520350,1002,0.968116
power stations,discovered,4542.170984,1434,0.702253
market global,discovered,4540.876606,1617,0.622881
shortages supply,discovered,4540.763159,1001,0.968085
global network,discovered,4535.886802,2434,0.424190
coal demand,discovered,4534.457708,1187,0.841844
gas based,discovered,4531.118740,1108,0.894270
leading technology,discovered,4530.190906,2517,0.411745
prices oil,discovered,4519.935616,1434,0.698830
need energy,discovered,4517.775061,983,0.976167
international prices,discovered,4514.787571,1650,0.607064
economic stimulus,discovered,4513.843483,1319,0.758046
pacific region,discovered,4512.193262,4086,0.285734
lng prices,discovered,4510.545023,1173,0.846931
sustainable solutions,discovered,4509.396909,1545,0.647256
gas utilities,discovered,4508.900529,1590,0.628956
supply come,discovered,4503.699122,1177,0.843123
support government,discovered,4501.001577,1560,0.639869
government policies,discovered,4500.224389,1339,0.744716
current macro,discovered,4498.407755,2063,0.488168
chinese demand,discovered,4496.075308,1205,0.823650
asia particularly,discovered,4494.574848,1382,0.720918
oil based,discovered,4492.497034,1476,0.674897
power outages,discovered,4491.490767,1315,0.756617
countries operate,discovered,4489.515256,2211,0.457480
battery materials,discovered,4487.415856,1425,0.698187
exposure china,discovered,4484.863477,1252,0.792405
lot volatility,discovered,4483.900335,2735,0.381078
markets india,discovered,4483.016889,1386,0.717020
hydrogen fuel,discovered,4477.907784,1378,0.720335
overall economy,discovered,4476.655475,2717,0.382622
term uncertainty,discovered,4466.882632,1277,0.774409
chain situation,discovered,4465.099487,1136,0.863878
government commercial,discovered,4461.295764,1328,0.744395
supply high,discovered,4459.841821,1302,0.758741
chemical industry,discovered,4459.625577,1839,0.539613
able supply,discovered,4455.615862,2228,0.451286
current geopolitical,discovered,4450.402293,951,0.986515
improvement supply,discovered,4445.796698,1338,0.736379
technology based,discovered,4433.789678,1820,0.541989
parts asia,discovered,4432.243227,1659,0.592924
macroeconomic outlook,discovered,4431.048616,1369,0.717505
lower commodity,discovered,4426.360264,2437,0.414950
technology leader,discovered,4425.773920,1641,0.598468
oil recovery,discovered,4424.727586,1351,0.725954
pressure supply,discovered,4419.101940,1226,0.797139
short supply,discovered,4415.137765,1854,0.530320
renewable sources,discovered,4414.030469,1357,0.721041
edge technology,discovered,4413.296166,2141,0.463721
world economic,discovered,4407.200195,1267,0.770213
labor supply,discovered,4402.951711,1307,0.746431
new power,discovered,4402.050092,1911,0.513848
central europe,discovered,4390.305274,3596,0.305600
economic recession,discovered,4390.118592,1535,0.634298
capacity supply,discovered,4386.399889,1395,0.697151
expect global,discovered,4381.924148,1726,0.564052
america china,discovered,4370.968367,1731,0.561102
sources energy,discovered,4370.307763,972,0.962376
limited supply,discovered,4370.115266,1866,0.521958
gas exploration,discovered,4369.464125,1216,0.794771
increased uncertainty,discovered,4354.997514,1168,0.823115
defense sector,discovered,4350.213347,1354,0.712257
chain supply,discovered,4347.245862,1032,0.916519
global industrial,discovered,4346.239036,1399,0.688823
energy products,discovered,4343.083338,1584,0.608295
covid restrictions,discovered,4339.355279,2136,0.457682
state federal,discovered,4333.406205,1926,0.502610
environmental sustainability,discovered,4332.837748,1163,0.822489
gas plays,discovered,4332.659031,1160,0.824449
year global,discovered,4331.490193,1977,0.490327
carbon emission,discovered,4330.500754,1363,0.704393
increase global,discovered,4329.847566,1588,0.604952
inflation high,discovered,4328.758487,1382,0.694472
data science,discovered,4328.701306,2265,0.433576
lot countries,discovered,4327.341595,1443,0.664977
power industry,discovered,4326.957561,1413,0.679000
supply year,discovered,4320.525576,1243,0.769659
western europe,discovered,4319.295213,7375,0.202415
global technology,discovered,4314.881553,1680,0.570458
gas producers,discovered,4304.907081,1124,0.843844
china united,discovered,4303.214229,967,0.955534
economies world,discovered,4302.173672,1212,0.785483
business technology,discovered,4296.093862,1882,0.509475
ai infrastructure,discovered,4294.610758,1276,0.745763
supply remains,discovered,4282.719098,1053,0.890110
enterprise security,discovered,4277.411268,1524,0.622549
term sustainable,discovered,4275.518875,3817,0.288402
regarding supply,discovered,4274.807830,1041,0.897414
kind supply,discovered,4272.575024,1310,0.722958
large global,discovered,4263.104714,2411,0.405619
despite supply,discovered,4260.567651,1103,0.850424
china think,discovered,4258.216216,2170,0.443763
seen supply,discovered,4257.373968,998,0.925788
shale oil,discovered,4249.409121,1244,0.756691
term energy,discovered,4248.390914,995,0.926443
chain including,discovered,4240.338653,1083,0.860890
spread covid,discovered,4236.514262,1485,0.632723
security cloud,discovered,4236.410612,1003,0.918498
ongoing global,discovered,4235.665681,1196,0.783748
domestic manufacturing,discovered,4233.643817,1244,0.753939
global companies,discovered,4233.030748,1508,0.622626
china plus,discovered,4225.715717,1161,0.804574
europe countries,discovered,4223.170942,1401,0.668416
ai driven,discovered,4220.404156,2346,0.411579
sort supply,discovered,4216.611990,1098,0.845917
lack supply,discovered,4214.314660,1237,0.754728
think trade,discovered,4205.300283,1455,0.640969
recovery china,discovered,4204.085584,1248,0.746411
supply capacity,discovered,4202.470569,1155,0.804318
chain cost,discovered,4194.889940,1513,0.615041
operating rates,discovered,4193.463441,3059,0.331887
reliable supply,discovered,4193.417808,1054,0.873239
sure supply,discovered,4192.310646,1176,0.788732
impact oil,discovered,4188.390800,1216,0.762861
government mandated,discovered,4185.486963,1229,0.754451
renewable energies,discovered,4184.727516,1253,0.740106
indian market,discovered,4176.113666,2521,0.384299
energy environment,discovered,4175.821184,1160,0.796156
technology support,discovered,4175.672045,1746,0.532479
electricity consumption,discovered,4171.742202,1227,0.753223
fuel price,discovered,4166.596173,2997,0.335347
commodity pricing,discovered,4166.183838,2157,0.437614
result supply,discovered,4165.028308,1058,0.865086
given macro,discovered,4164.591363,2049,0.457877
developing world,discovered,4164.227971,1453,0.635608
rising commodity,discovered,4160.454675,1270,0.726129
economic geopolitical,discovered,4159.990933,905,0.976268
states government,discovered,4159.459434,1015,0.895852
chain solutions,discovered,4159.324548,1398,0.659745
gas service,discovered,4154.741318,1108,0.827483
american gas,discovered,4152.853825,984,0.917910
terms technology,discovered,4149.154228,2306,0.411639
production rates,discovered,4144.831479,3899,0.278819
know supply,discovered,4142.248006,1217,0.754027
potential economic,discovered,4133.491301,1128,0.809763
lng demand,discovered,4132.425392,1011,0.893899
believe global,discovered,4128.865415,1345,0.680668
data privacy,discovered,4122.940267,1117,0.815328
risk supply,discovered,4113.842680,938,0.945565
cost fuel,discovered,4112.406229,1765,0.519423
markets europe,discovered,4110.010739,3278,0.311301
tariffs impact,discovered,4107.441566,1076,0.841282
nat gas,discovered,4099.570043,1347,0.674850
core technology,discovered,4094.205900,2158,0.430825
china strong,discovered,4092.597635,1571,0.578424
petroleum products,discovered,4091.475885,1409,0.643967
significant disruption,discovered,4085.724580,1264,0.716553
covid supply,discovered,4072.608690,942,0.935452
technology provide,discovered,4072.018356,1515,0.596457
company world,discovered,4071.290912,2369,0.396088
infrastructure energy,discovered,4069.829985,962,0.919694
currency risk,discovered,4068.112751,1262,0.714609
global logistics,discovered,4065.747077,1253,0.719288
pipeline projects,discovered,4064.411749,2581,0.368978
government funded,discovered,4052.346085,1106,0.809663
better supply,discovered,4050.874757,1318,0.681489
prices china,discovered,4049.173048,1222,0.734375
imports coming,discovered,4048.879297,1179,0.760645
coal supply,discovered,4047.169460,1218,0.736397
fuel economy,discovered,4047.145314,1482,0.605887
conflict ukraine,discovered,4044.567879,928,0.941176
canada united,discovered,4043.317191,1607,0.559151
enterprise data,discovered,4039.950997,1732,0.519964
material availability,discovered,4038.806298,1278,0.700658
economic trends,discovered,4036.926296,1537,0.583080
battery electric,discovered,4031.590376,1867,0.483804
east europe,discovered,4026.948062,1536,0.582039
intellectual property,discovered,4025.498977,6103,0.213908
overall macro,discovered,4022.098645,1702,0.526446
carbon energy,discovered,4017.689714,895,0.961332
america asia,discovered,4017.029594,3439,0.296542
stable supply,discovered,4007.960458,1144,0.775593
question energy,discovered,4007.890069,1186,0.748737
mitigate supply,discovered,4007.404877,938,0.926877
european customers,discovered,4006.858248,1767,0.506304
chain bottlenecks,discovered,4005.348264,904,0.952582
power infrastructure,discovered,3996.190325,1112,0.794853
disruption caused,discovered,3994.414809,1242,0.712974
europe just,discovered,3985.665164,2168,0.419261
wind market,discovered,3982.274750,1261,0.700167
trade environment,discovered,3966.797144,999,0.871728
china impact,discovered,3963.467155,1090,0.803835
ongoing macroeconomic,discovered,3956.602739,915,0.935583
affordable energy,discovered,3950.068151,864,0.972973
world energy,discovered,3946.440157,964,0.895079
driven china,discovered,3941.014765,1228,0.711472
reliable energy,discovered,3935.908742,893,0.948990
higher crude,discovered,3935.544739,1094,0.795636
excess supply,discovered,3933.633290,1472,0.593070
trade issues,discovered,3932.925881,896,0.946146
know global,discovered,3932.273581,1156,0.753585
demand electricity,discovered,3927.223729,1074,0.808126
recent volatility,discovered,3925.362772,1222,0.712121
strong oil,discovered,3924.900206,1077,0.805535
fuel gas,discovered,3923.383055,986,0.873339
despite uncertainty,discovered,3921.167940,1141,0.761174
work supply,discovered,3915.046243,1358,0.639360
carbon reduction,discovered,3914.605169,1356,0.640227
continued volatility,discovered,3912.943571,1318,0.658342
amp power,discovered,3912.290653,1262,0.687364
supply environment,discovered,3907.846320,1253,0.691501
gas marketing,discovered,3906.816341,1288,0.672585
reducing emissions,discovered,3906.039667,1072,0.805409
chain services,discovered,3903.356317,1461,0.592938
certain raw,discovered,3900.400191,1077,0.800743
demand steel,discovered,3888.217861,1172,0.735257
uncertainty economic,discovered,3887.179397,1067,0.805283
ongoing economic,discovered,3884.515401,1216,0.708212
energy conservation,discovered,3884.098113,1067,0.804676
energy transportation,discovered,3883.725253,1119,0.768544
trade tariffs,discovered,3880.348951,880,0.949299
commercial government,discovered,3878.889746,1360,0.632558
defense programs,discovered,3873.128255,1103,0.777308
economic crisis,discovered,3871.529966,2119,0.417044
trade volumes,discovered,3864.961233,1142,0.749836
demand covid,discovered,3861.124482,1232,0.694867
currency volatility,discovered,3859.948103,1363,0.628111
canadian oil,discovered,3859.789283,1178,0.726264
china mexico,discovered,3858.300512,1021,0.833469
government stimulus,discovered,3858.166476,1867,0.464775
government business,discovered,3855.849273,2894,0.325059
price energy,discovered,3854.632879,1131,0.755007
states america,discovered,3854.340762,1056,0.806723
uncertainty caused,discovered,3849.970995,969,0.872187
customers north,discovered,3846.792767,1585,0.540034
price crude,discovered,3845.003873,1263,0.675040
supply dynamics,discovered,3844.262821,1053,0.806897
global presence,discovered,3843.269342,2048,0.426756
supply meet,discovered,3842.417765,963,0.875455
international customers,discovered,3839.020191,2260,0.392293
volatility markets,discovered,3832.146291,1440,0.590648
higher power,discovered,3824.652634,1795,0.477902
coal business,discovered,3817.557654,1729,0.493859
changes supply,discovered,3816.149271,1025,0.821973
gas turbines,discovered,3814.659606,1514,0.559911
technologies including,discovered,3809.149900,1389,0.608410
future supply,discovered,3805.392387,954,0.875229
south china,discovered,3805.210233,1024,0.820513
indian government,discovered,3801.181281,1055,0.796828
new lng,discovered,3800.804353,1048,0.801836
coal mining,discovered,3795.150920,1411,0.596870
hydrogen production,discovered,3791.865632,1102,0.762102
uncertainty world,discovered,3785.897393,979,0.851304
costs energy,discovered,3782.056918,1288,0.651163
chain continue,discovered,3781.601580,974,0.854386
critical data,discovered,3778.069088,1009,0.826372
china taiwan,discovered,3775.632827,1296,0.646062
chain pressures,discovered,3774.878805,990,0.840407
supply availability,discovered,3773.144823,939,0.880863
gas resources,discovered,3771.954112,863,0.943169
metals mining,discovered,3771.137172,1080,0.773085
canadian government,discovered,3769.652731,1304,0.641101
input cost,discovered,3766.945315,4258,0.249560
defense industrial,discovered,3761.320531,920,0.894072
security posture,discovered,3759.802492,852,0.949833
political issues,discovered,3754.630386,980,0.844100
related tariffs,discovered,3754.144297,990,0.836149
change government,discovered,3750.170050,1243,0.668999
global semiconductor,discovered,3750.047362,863,0.939064
supply needs,discovered,3745.220072,886,0.919087
china chinese,discovered,3735.731071,1181,0.701306
japan south,discovered,3726.368979,1150,0.718301
middle class,discovered,3725.366566,2217,0.388811
customers energy,discovered,3723.949110,910,0.894789
ai capabilities,discovered,3718.456575,1856,0.452021
managed security,discovered,3716.495584,888,0.911704
economy continued,discovered,3715.476725,1132,0.727506
copper prices,discovered,3710.863104,2320,0.373591
global health,discovered,3710.399598,1450,0.568405
solar projects,discovered,3708.849594,1902,0.441299
volatility commodity,discovered,3708.122163,1073,0.765335
tariffs china,discovered,3706.233944,824,0.962617
zero covid,discovered,3704.023005,930,0.874060
chinese steel,discovered,3701.963061,1037,0.789794
chain inventory,discovered,3699.079591,1000,0.816993
markets asia,discovered,3698.693680,1995,0.422312
security related,discovered,3697.153668,925,0.876777
challenges covid,discovered,3687.001030,1438,0.569505
key global,discovered,3686.744633,1168,0.699820
security capabilities,discovered,3686.610314,912,0.885437
chain related,discovered,3684.748846,1088,0.750345
existing supply,discovered,3682.373252,943,0.858834
gas utility,discovered,3670.270918,1527,0.535039
emerging economies,discovered,3669.779663,1441,0.565764
high technology,discovered,3669.539136,1466,0.556357
projects world,discovered,3669.465063,1184,0.687174
supply continue,discovered,3666.595649,958,0.843310
cloud providers,discovered,3666.481847,1591,0.514055
china brazil,discovered,3665.544330,1420,0.573274
china countries,discovered,3663.027489,927,0.867978
high commodity,discovered,3659.984555,1225,0.662520
chain risk,discovered,3652.203301,823,0.953650
metallurgical coal,discovered,3651.538258,1612,0.505805
really supply,discovered,3646.923625,1132,0.714196
macro backdrop,discovered,3646.767838,1942,0.427001
tariffs trade,discovered,3644.008636,772,0.991014
government recently,discovered,3637.524769,942,0.850181
identity management,discovered,3633.340387,1122,0.717850
electricity market,discovered,3631.832522,1210,0.665567
solar panels,discovered,3629.908560,1817,0.450868
security customers,discovered,3626.049416,852,0.924078
supply sources,discovered,3624.389483,876,0.903093
international energy,discovered,3622.064683,928,0.858464
africa south,discovered,3618.649969,1070,0.749300
plants china,discovered,3615.844034,989,0.808007
world europe,discovered,3613.912073,1051,0.761594
fuel demand,discovered,3612.717781,1083,0.739249
increasing global,discovered,3611.575691,1106,0.723822
effects covid,discovered,3611.253626,1749,0.464418
world think,discovered,3609.661273,1936,0.424375
adequate supply,discovered,3599.422810,1022,0.779558
improve energy,discovered,3596.306435,867,0.905010
offshore drilling,discovered,3595.626358,1457,0.548776
enhanced oil,discovered,3593.611600,1020,0.779817
european energy,discovered,3593.347241,833,0.933857
activity china,discovered,3592.602660,1094,0.727878
ex china,discovered,3588.650694,1176,0.676640
europe japan,discovered,3584.733044,2395,0.354605
volatility global,discovered,3584.376833,842,0.924259
china supply,discovered,3583.436293,832,0.932735
lower crude,discovered,3580.442803,1003,0.789764
supply balance,discovered,3579.167248,956,0.826275
electric grid,discovered,3577.604542,935,0.843102
security requirements,discovered,3577.244697,790,0.966952
trade growth,discovered,3575.735656,1128,0.702804
application security,discovered,3575.400522,1070,0.740484
gas activity,discovered,3574.614545,1011,0.782508
contract supply,discovered,3572.138249,964,0.818336
economy remains,discovered,3569.768663,1339,0.591692
supply constraint,discovered,3569.220146,1299,0.609573
performance materials,discovered,3568.945808,2483,0.343811
china economy,discovered,3568.104802,1138,0.695174
gas segment,discovered,3567.656062,1807,0.446173
europe course,discovered,3565.464055,1309,0.604340
environmental footprint,discovered,3564.067231,1229,0.643119
economic weakness,discovered,3557.554718,1443,0.548252
technology continues,discovered,3557.450759,1392,0.567700
value chains,discovered,3556.655542,1324,0.596128
china government,discovered,3555.837842,950,0.826087
supply power,discovered,3552.959266,802,0.952494
presidential election,discovered,3552.579234,1685,0.473315
energy space,discovered,3550.746170,1328,0.593387
china business,discovered,3543.786256,2436,0.346959
think macro,discovered,3536.120253,1743,0.457120
macro uncertainties,discovered,3533.213625,1060,0.738676
carbon future,discovered,3532.056669,761,0.981935
political instability,discovered,3529.343800,863,0.894301
challenges global,discovered,3527.999799,920,0.844812
security company,discovered,3527.878354,912,0.851541
renewable fuels,discovered,3522.118513,1238,0.630989
safety environmental,discovered,3516.656850,1307,0.597076
upstream business,discovered,3515.049267,1483,0.527946
materials business,discovered,3513.752160,2193,0.374104
given macroeconomic,discovered,3512.691325,1048,0.742736
canada mexico,discovered,3512.379344,1764,0.449541
chain perspective,discovered,3509.845403,1016,0.765060
trade lanes,discovered,3509.845403,1016,0.765060
carbon economy,discovered,3505.718409,792,0.951923
coal power,discovered,3503.383675,1041,0.745702
broader macroeconomic,discovered,3499.068178,908,0.848598
current commodity,discovered,3498.117835,1420,0.547840
slowdown global,discovered,3496.662670,809,0.935260
industry china,discovered,3496.051108,1235,0.627860
country world,discovered,3487.664101,1466,0.529816
materials components,discovered,3483.904262,1037,0.744436
infrastructure data,discovered,3483.894403,936,0.821773
australian government,discovered,3483.695137,1001,0.770593
distributed energy,discovered,3482.848649,1094,0.705806
solutions global,discovered,3482.418229,991,0.777865
increase crude,discovered,3478.029904,928,0.827094
region world,discovered,3474.430212,1573,0.494033
gas portfolio,discovered,3474.349483,1077,0.715139
security platform,discovered,3473.980087,991,0.776038
coal natural,discovered,3472.659429,768,0.966038
super important,discovered,3469.256349,1444,0.534815
support energy,discovered,3466.232291,761,0.970663
environment china,discovered,3463.922945,1070,0.717639
market world,discovered,3463.689737,2372,0.347954
technology services,discovered,3463.121400,2388,0.346137
global commodity,discovered,3461.059325,850,0.890985
upstream oil,discovered,3460.871164,1176,0.652608
power costs,discovered,3459.004734,1909,0.414100
technologies products,discovered,3458.076439,1311,0.585529
uncertainty continue,discovered,3446.868576,856,0.882474
domestic chinese,discovered,3444.751295,878,0.862475
nuclear industry,discovered,3442.544845,897,0.845429
energy intensive,discovered,3441.526449,965,0.789043
security needs,discovered,3435.386272,744,0.978947
gas mining,discovered,3428.744006,974,0.779200
supply continues,discovered,3425.581313,882,0.854651
ore coal,discovered,3425.089464,988,0.767677
uncertainty macro,discovered,3424.812405,993,0.763846
effects pandemic,discovered,3424.548750,1390,0.547891
feedstock prices,discovered,3417.101603,1033,0.733144
years supply,discovered,3417.052701,1017,0.744510
cloud native,discovered,3415.484688,1921,0.407510
offshore energy,discovered,3412.850429,1019,0.742170
tariffs imposed,discovered,3412.704996,754,0.966667
defense customers,discovered,3412.471664,908,0.829224
chain initiatives,discovered,3410.237264,1473,0.516299
security concerns,discovered,3405.971200,762,0.958491
federal energy,discovered,3405.969753,902,0.832872
world particularly,discovered,3405.383375,1138,0.663557
american natural,discovered,3404.326719,748,0.970169
demand asia,discovered,3404.011471,1254,0.602305
chain delays,discovered,3401.995016,880,0.851064
growing energy,discovered,3399.718323,796,0.926659
control technology,discovered,3398.049738,1044,0.721493
energy regulatory,discovered,3395.749572,877,0.852284
east south,discovered,3395.423833,1137,0.662202
source energy,discovered,3393.333786,824,0.899563
including supply,discovered,3392.979668,943,0.795781
continued global,discovered,3391.956891,1114,0.675152
innovative technologies,discovered,3388.639683,1352,0.557066
european economy,discovered,3388.524949,1268,0.593078
parts supply,discovered,3384.060495,1053,0.712449
northern border,discovered,3377.737454,1138,0.658184
like oil,discovered,3372.560431,1244,0.601547
demand india,discovered,3371.284104,962,0.775806
supply logistics,discovered,3369.828803,1010,0.739385
defense budgets,discovered,3368.979001,804,0.912599
obviously supply,discovered,3368.665987,978,0.762871
monetary policies,discovered,3367.675693,770,0.943627
given volatility,discovered,3367.537632,1998,0.389778
price war,discovered,3366.863716,1730,0.440540
like russia,discovered,3365.648015,1133,0.658721
economic landscape,discovered,3361.197182,1022,0.728959
government officials,discovered,3359.100116,1230,0.605911
electronic security,discovered,3358.029872,909,0.815978
multibillion dollar,discovered,3353.982224,2011,0.386434
ore body,discovered,3352.877126,2426,0.333884
oil pipeline,discovered,3349.908194,1084,0.685209
cloud ai,discovered,3349.159453,1030,0.720784
logistics segment,discovered,3347.340693,1594,0.471598
cell technology,discovered,3342.367539,1134,0.653602
macroeconomic backdrop,discovered,3338.624229,1277,0.580455
situation supply,discovered,3338.027488,812,0.898230
cloud platform,discovered,3334.944252,2171,0.361833
lower emissions,discovered,3334.679306,889,0.827747
strong north,discovered,3331.596598,1350,0.548780
supply costs,discovered,3328.161132,1422,0.521643
despite economic,discovered,3320.350122,1477,0.502210
defense systems,discovered,3320.088782,1032,0.713200
gas electric,discovered,3319.904154,1305,0.565180
light crude,discovered,3318.934860,908,0.807829
gas produced,discovered,3318.461216,818,0.888165
oil field,discovered,3317.469130,2094,0.370751
vegetable oil,discovered,3317.046038,933,0.786678
sales china,discovered,3314.837350,2360,0.337915
fuel costs,discovered,3312.793654,4309,0.231058
supply energy,discovered,3305.152707,742,0.956186
gas gathering,discovered,3301.108020,1393,0.527851
50 barrel,discovered,3300.470098,1630,0.456327
china expect,discovered,3299.976426,1281,0.572130
impacted economic,discovered,3299.672743,1050,0.696749
global uncertainty,discovered,3297.718862,843,0.860204
oil business,discovered,3296.649571,1720,0.434673
inflation pressures,discovered,3293.766508,1166,0.626545
tightening supply,discovered,3292.371118,850,0.852558
increased raw,discovered,3291.389035,1308,0.559213
supply raw,discovered,3290.167846,838,0.863028
increase inflation,discovered,3288.408675,1176,0.620253
green transition,discovered,3286.690507,798,0.899662
northern hemisphere,discovered,3283.020104,1783,0.419826
situation ukraine,discovered,3274.627552,842,0.855691
related gas,discovered,3273.976089,864,0.835590
driven energy,discovered,3273.521350,853,0.845391
federal budget,discovered,3270.544362,1142,0.635150
management security,discovered,3268.830163,883,0.817593
extremely important,discovered,3262.414802,3584,0.253699
end supply,discovered,3259.104541,1047,0.690178
low inflation,discovered,3258.825898,1111,0.650468
feet natural,discovered,3256.541455,751,0.937578
ongoing trade,discovered,3256.522075,705,0.979167
electrical steel,discovered,3256.129672,983,0.734130
trade center,discovered,3254.820770,1019,0.708131
china based,discovered,3254.340093,1342,0.539606
critical importance,discovered,3249.444791,906,0.793345
electric utility,discovered,3247.140923,1418,0.510991
china covid,discovered,3247.114818,814,0.875269
chain manufacturing,discovered,3245.913413,1165,0.618037
global scale,discovered,3242.158948,2430,0.325388
rate volatility,discovered,3240.899767,1585,0.460354
supply response,discovered,3240.559133,801,0.886062
defense space,discovered,3236.997235,1229,0.584681
imbalance supply,discovered,3236.395472,761,0.923544
potential tariff,discovered,3235.559911,799,0.886792
sustainable development,discovered,3234.384786,2012,0.375093
recovery oil,discovered,3233.982014,878,0.813716
northrop grumman,discovered,3233.911088,1198,0.599000
solar industry,discovered,3233.823477,1295,0.555079
clean power,discovered,3233.644022,1036,0.692051
demand lng,discovered,3233.495735,755,0.928659
environmental performance,discovered,3232.715387,1153,0.621899
export china,discovered,3232.125542,789,0.895573
domestic economy,discovered,3230.217227,978,0.732036
reliable power,discovered,3226.028719,749,0.932752
market europe,discovered,3225.928228,2563,0.312142
import duties,discovered,3224.981503,888,0.802893
gas operations,discovered,3223.880304,1092,0.654676
impact gas,discovered,3223.106617,833,0.851738
tariff impacts,discovered,3222.871342,1014,0.704656
supply available,discovered,3222.273168,995,0.717893
uncertainty impact,discovered,3220.492214,802,0.880351
materials like,discovered,3219.771966,1055,0.676716
challenging global,discovered,3219.584671,1057,0.675399
new trade,discovered,3219.398435,919,0.775527
energy industrial,discovered,3218.061529,1029,0.693396
china continued,discovered,3217.629651,1182,0.603986
demand digital,discovered,3213.977299,1232,0.579220
brent crude,discovered,3208.876372,912,0.778822
technologies enable,discovered,3208.544509,921,0.771357
coronavirus pandemic,discovered,3206.804363,1199,0.593564
base metal,discovered,3204.701556,1201,0.592209
market oil,discovered,3201.879867,870,0.813084
technology expertise,discovered,3200.083020,1166,0.608877
believe china,discovered,3199.104611,1074,0.660517
rising fuel,discovered,3195.964590,1084,0.653800
important component,discovered,3192.585649,2761,0.294538
chain just,discovered,3183.388526,989,0.713564
trade disputes,discovered,3181.109078,681,0.985528
supply think,discovered,3180.971201,1053,0.669847
global operations,discovered,3179.821353,1935,0.381807
suppliers customers,discovered,3178.595906,1513,0.471780
europe think,discovered,3178.029656,2281,0.335886
mineral resources,discovered,3176.230904,1237,0.570309
anti dumping,discovered,3175.939096,1567,0.456718
don supply,discovered,3175.698426,885,0.793722
trade agreements,discovered,3174.115122,730,0.939511
stainless steel,discovered,3173.599178,2419,0.321462
pandemic supply,discovered,3172.692463,714,0.954545
semiconductor chip,discovered,3165.714505,686,0.978602
pandemic continues,discovered,3163.527011,1176,0.596954
based energy,discovered,3161.153031,824,0.845128
parts europe,discovered,3160.771939,1641,0.436552
mining oil,discovered,3159.764379,864,0.808232
indian economy,discovered,3159.405300,1022,0.685446
covid policy,discovered,3158.480418,858,0.813270
increasing raw,discovered,3156.591302,924,0.756757
opportunities europe,discovered,3156.462573,1309,0.536695
electric natural,discovered,3155.425993,799,0.867535
important strategic,discovered,3154.102470,2630,0.301882
import duty,discovered,3153.622138,837,0.831182
gas trading,discovered,3152.142005,977,0.715227
europe africa,discovered,3151.016739,1659,0.431245
regarding china,discovered,3150.043480,972,0.718404
materials prices,discovered,3147.274961,953,0.731951
broader macro,discovered,3145.993029,1193,0.585378
economic activities,discovered,3143.182782,1076,0.647803
electric transmission,discovered,3142.136132,1081,0.644603
export opportunities,discovered,3137.908030,960,0.724528
russia china,discovered,3136.362031,1109,0.627262
critically important,discovered,3134.367009,2326,0.327744
supply comes,discovered,3132.578525,830,0.832497
challenging supply,discovered,3132.005490,900,0.770548
russian invasion,discovered,3129.415636,717,0.942181
future economic,discovered,3129.355441,934,0.742448
environmental issues,discovered,3126.206386,1247,0.557194
country risk,discovered,3125.337390,804,0.855319
conditions europe,discovered,3124.113629,1188,0.583784
economy general,discovered,3122.381337,1092,0.634146
china especially,discovered,3120.873267,929,0.744391
domestic steel,discovered,3118.891231,917,0.753492
supply products,discovered,3117.958234,1240,0.558810
related technology,discovered,3114.877709,1207,0.573124
economic benefits,discovered,3110.082644,1419,0.490494
despite macroeconomic,discovered,3108.954723,1026,0.671906
china customers,discovered,3108.790796,879,0.782725
sustainable value,discovered,3108.676701,1892,0.381759
market gas,discovered,3107.289140,874,0.786679
reduce environmental,discovered,3106.956851,790,0.864333
production oil,discovered,3106.080718,1098,0.627429
outlook global,discovered,3105.850647,873,0.787196
green deal,discovered,3105.775309,827,0.828657
logistics challenges,discovered,3105.167024,862,0.796673
global auto,discovered,3103.807774,1014,0.678715
geopolitical tension,discovered,3103.301151,679,0.972779
china korea,discovered,3102.583908,1392,0.498210
security industry,discovered,3100.755673,774,0.878547
pressures supply,discovered,3100.195193,740,0.912454
gas water,discovered,3096.697988,1034,0.664098
look energy,discovered,3095.514552,1048,0.655000
federal level,discovered,3095.254810,1669,0.422425
standard cubic,discovered,3095.058796,899,0.762511
component shortages,discovered,3094.895805,1553,0.449884
use gas,discovered,3093.729016,819,0.833164
term oil,discovered,3091.510116,748,0.902292
china seeing,discovered,3091.164666,1059,0.647311
onshore wind,discovered,3088.554716,1273,0.539864
macro conditions,discovered,3088.035073,1883,0.381174
chain right,discovered,3086.401573,848,0.804554
developed countries,discovered,3085.703436,1557,0.447671
china tariffs,discovered,3084.954683,807,0.842380
costs raw,discovered,3084.945388,1259,0.545022
especially germany,discovered,3084.887897,1227,0.558743
energy grid,discovered,3084.521019,766,0.882488
important customers,discovered,3083.442101,2365,0.320027
ongoing pandemic,discovered,3082.971188,1153,0.593412
despite macro,discovered,3081.221991,1204,0.568461
related disruptions,discovered,3077.306975,1080,0.631949
asia china,discovered,3073.410311,1708,0.411665
political unrest,discovered,3072.842747,767,0.878580
production gas,discovered,3071.930135,844,0.804576
issues china,discovered,3069.605608,827,0.819623
significant volatility,discovered,3069.052119,1286,0.531405
customers globally,discovered,3066.362213,1180,0.577017
lot gas,discovered,3061.130319,1120,0.606389
materials energy,discovered,3061.077947,1188,0.572254
security infrastructure,discovered,3056.611438,759,0.882558
world especially,discovered,3056.600691,1016,0.667104
slow economic,discovered,3056.098686,874,0.774136
current gas,discovered,3054.963284,794,0.847385
materials supply,discovered,3054.766333,741,0.900365
country like,discovered,3054.581511,1454,0.471772
china region,discovered,3053.561611,1049,0.645538
make india,discovered,3048.398380,828,0.813360
provide energy,discovered,3047.351724,703,0.937333
security threats,discovered,3046.925881,653,0.984917
scope emissions,discovered,3043.648270,1551,0.443777
data infrastructure,discovered,3043.101072,1043,0.647022
australia south,discovered,3041.708901,964,0.699565
drop oil,discovered,3041.262131,1061,0.635710
energy service,discovered,3039.228101,997,0.675932
deepwater gulf,discovered,3038.635607,1082,0.622913
supply natural,discovered,3038.340811,644,0.990769
coal plants,discovered,3037.201743,1499,0.456595
american economy,discovered,3035.181994,873,0.769841
heavy fuel,discovered,3035.067670,850,0.789963
major global,discovered,3034.558580,1446,0.471317
chinese imports,discovered,3032.566122,1013,0.663827
technologies help,discovered,3031.957626,1044,0.644047
china ve,discovered,3029.205405,1471,0.463307
economic expansion,discovered,3027.795084,942,0.712557
state governments,discovered,3026.104884,1427,0.475825
china coming,discovered,3019.318705,989,0.676934
supply china,discovered,3018.322366,735,0.897436
energy capacity,discovered,3016.865874,952,0.702583
macroeconomic situation,discovered,3016.711917,1438,0.471166
chain network,discovered,3012.033463,923,0.723354
gas continue,discovered,3011.573491,741,0.889556
favorable supply,discovered,3010.589740,866,0.769778
uncertainty markets,discovered,3008.223692,868,0.767462
gas lift,discovered,3007.948163,1092,0.611080
canadian crude,discovered,3007.065976,869,0.766314
global covid,discovered,3002.233582,755,0.872832
capacity china,discovered,3001.234612,1286,0.520227
growth gas,discovered,3000.112588,861,0.771505
day gas,discovered,2999.030413,985,0.675120
tight gas,discovered,2997.745855,915,0.726190
amounts data,discovered,2997.193379,968,0.686525
domestic international,discovered,2996.883412,3700,0.237591
lng facilities,discovered,2991.643063,767,0.857942
markets global,discovered,2990.987410,1142,0.581466
persistent inflation,discovered,2990.954240,730,0.895706
term global,discovered,2989.490385,863,0.767111
wide supply,discovered,2988.954028,717,0.908745
potential disruption,discovered,2988.758011,846,0.781885
playing important,discovered,2986.397167,927,0.714176
production europe,discovered,2985.727693,1095,0.604972
co2 emission,discovered,2984.356540,1228,0.540731
power project,discovered,2983.334487,1217,0.545251
associated covid,discovered,2982.229630,1270,0.523280
particularly middle,discovered,2980.836837,981,0.673764
focused energy,discovered,2980.558257,767,0.855072
security applications,discovered,2979.978017,744,0.878394
material input,discovered,2977.714743,1073,0.615605
increasing energy,discovered,2973.433870,758,0.862344
semiconductor shortages,discovered,2972.380391,805,0.815603
east market,discovered,2972.061685,910,0.723946
china export,discovered,2970.802212,705,0.916775
gas europe,discovered,2970.588031,690,0.932432
environment supply,discovered,2970.462354,768,0.851441
resurgence covid,discovered,2969.720101,1010,0.652034
gas available,discovered,2969.195962,729,0.891198
world right,discovered,2964.768717,1546,0.434880
coal production,discovered,2963.206938,1455,0.458701
year extension,discovered,2962.810694,1867,0.371247
solar pv,discovered,2959.415535,1152,0.570579
impact coronavirus,discovered,2955.893025,1192,0.551341
technology customers,discovered,2955.260965,1270,0.518791
prices supply,discovered,2955.083525,735,0.881295
competition china,discovered,2952.668027,814,0.801970
outbreak covid,discovered,2951.681312,928,0.705167
chips act,discovered,2948.178974,854,0.764548
license technology,discovered,2946.938313,868,0.752166
uncertainty created,discovered,2945.327445,826,0.788921
cloud migration,discovered,2944.246543,1233,0.531695
total gas,discovered,2944.237496,795,0.817901
defense related,discovered,2944.039882,919,0.710201
government sector,discovered,2943.506611,1477,0.449893
east china,discovered,2942.760826,922,0.707598
industrial economy,discovered,2942.693318,1039,0.628174
slower economic,discovered,2942.519822,834,0.780899
current political,discovered,2941.303079,722,0.891358
entire world,discovered,2938.371034,982,0.663514
waste energy,discovered,2937.726312,1372,0.480056
china growth,discovered,2935.990521,1411,0.467683
government clients,discovered,2935.553430,875,0.743415
fuel efficiency,discovered,2935.100664,1756,0.387125
uncertainty tariffs,discovered,2934.021934,740,0.870588
macro challenges,discovered,2932.334770,1243,0.525581
countries middle,discovered,2931.782544,719,0.892060
overall energy,discovered,2931.072346,923,0.704043
use renewable,discovered,2930.108667,690,0.922460
strong domestic,discovered,2928.477895,1262,0.517425
north south,discovered,2926.065936,2605,0.288931
uncertainty right,discovered,2923.592409,847,0.764440
power solutions,discovered,2922.806199,1758,0.385442
china asia,discovered,2919.161104,1556,0.426652
including united,discovered,2916.370981,824,0.783270
increase tariff,discovered,2916.150568,722,0.884804
infrastructure security,discovered,2912.603551,646,0.964179
ongoing geopolitical,discovered,2910.103691,609,0.996727
electricity natural,discovered,2909.660511,662,0.947067
american manufacturing,discovered,2906.133531,782,0.820567
prices domestic,discovered,2902.012695,763,0.838462
physical security,discovered,2898.302784,719,0.883292
economic downturns,discovered,2896.647454,1043,0.616066
energy technology,discovered,2896.174645,929,0.691220
security product,discovered,2893.304104,945,0.678879
company global,discovered,2892.269390,1307,0.494888
global oems,discovered,2891.443783,842,0.760614
customer supply,discovered,2891.420897,1018,0.629950
steel market,discovered,2889.139395,1482,0.441203
increased gas,discovered,2889.090994,770,0.827957
levels supply,discovered,2888.126078,891,0.718548
extreme volatility,discovered,2886.735446,990,0.646636
talked supply,discovered,2885.051843,838,0.762511
right supply,discovered,2884.504876,951,0.672560
chain production,discovered,2882.268800,732,0.865248
impact pandemic,discovered,2881.869599,2294,0.311727
china important,discovered,2881.625030,1009,0.633396
security software,discovered,2881.427120,772,0.823906
battery energy,discovered,2880.082044,924,0.691099
china new,discovered,2879.746128,1357,0.476140
sustainable aviation,discovered,2878.804702,1092,0.585209
energy development,discovered,2878.727153,746,0.849658
oil pricing,discovered,2878.477724,1122,0.569832
crisis europe,discovered,2877.989468,694,0.904824
inflation raw,discovered,2877.871823,993,0.642718
volatility oil,discovered,2877.217570,774,0.820785
emission reduction,discovered,2876.452484,1172,0.545878
gas north,discovered,2875.387691,703,0.894402
current tariff,discovered,2874.899859,835,0.762557
south australia,discovered,2870.838087,1311,0.490093
security markets,discovered,2870.569179,720,0.874848
local economy,discovered,2867.762103,1245,0.513826
customer sentiment,discovered,2867.683353,1178,0.541609
demand export,discovered,2866.813984,703,0.892132
just china,discovered,2866.713017,1441,0.449190
gas new,discovered,2864.131587,733,0.859320
supply management,discovered,2855.179384,969,0.653405
increasing supply,discovered,2854.706086,964,0.656676
inflation energy,discovered,2854.192325,719,0.871515
billions dollars,discovered,2853.855165,2119,0.327613
european north,discovered,2852.574166,836,0.755877
domestic content,discovered,2848.743429,886,0.712792
large government,discovered,2846.920589,995,0.634566
chain operations,discovered,2846.693816,1055,0.598751
world oil,discovered,2846.047297,673,0.919399
term power,discovered,2845.355538,900,0.700935
major oil,discovered,2844.158124,1207,0.525011
including energy,discovered,2843.518686,926,0.680882
particularly energy,discovered,2843.236425,883,0.713824
leading technologies,discovered,2843.051753,894,0.705047
activity oil,discovered,2840.878716,866,0.727120
right technology,discovered,2840.698444,1261,0.503192
material shortages,discovered,2837.704419,979,0.642810
growth emerging,discovered,2833.480034,2311,0.306499
government continue,discovered,2831.963912,811,0.773117
russia middle,discovered,2831.272063,729,0.854631
global trends,discovered,2831.111109,925,0.678650
use technologies,discovered,2829.859305,779,0.803093
chip supply,discovered,2829.732396,704,0.881101
smart energy,discovered,2827.392369,808,0.774688
impacts supply,discovered,2827.164294,683,0.903439
china economic,discovered,2825.358696,638,0.952239
result global,discovered,2825.312415,864,0.724832
increase tariffs,discovered,2823.687082,871,0.718647
continuity supply,discovered,2821.291212,770,0.809674
market energy,discovered,2820.589527,860,0.726965
year oil,discovered,2820.469464,1143,0.548728
energy amp,discovered,2818.608774,1542,0.417208
carbon fuel,discovered,2816.945301,764,0.814499
slowing global,discovered,2815.413654,620,0.968750
including government,discovered,2815.170002,861,0.724747
scale technology,discovered,2815.033239,891,0.700472
look gas,discovered,2811.823681,819,0.760446
power outage,discovered,2811.728969,1012,0.616322
gas liquid,discovered,2810.457990,885,0.704057
security area,discovered,2810.030938,660,0.924370
based security,discovered,2808.473084,757,0.819264
chain customers,discovered,2808.295311,998,0.624140
supply expected,discovered,2808.094634,708,0.870849
emerging opportunities,discovered,2807.593635,1232,0.508671
disruptions caused,discovered,2803.669120,784,0.791120
increase electricity,discovered,2802.638397,858,0.724051
energy transformation,discovered,2799.702300,662,0.919444
markets supply,discovered,2799.095029,860,0.721477
india south,discovered,2798.188220,896,0.692427
based power,discovered,2797.295224,859,0.721849
25 tariff,discovered,2797.126916,703,0.873292
oil oil,discovered,2796.364976,921,0.673246
europe parts,discovered,2790.697295,944,0.655556
security offerings,discovered,2789.273467,703,0.871128
chinese players,discovered,2785.075848,888,0.695380
china middle,discovered,2783.772254,818,0.753917
levels government,discovered,2779.995951,822,0.749316
supply key,discovered,2779.170429,737,0.831828
energy use,discovered,2773.650295,966,0.636783
oil liquids,discovered,2773.638712,1018,0.604513
potential recession,discovered,2772.475970,841,0.730669
supply europe,discovered,2771.799987,619,0.959690
semiconductor equipment,discovered,2771.060136,1145,0.538570
increasing importance,discovered,2769.756634,972,0.631990
lng imports,discovered,2768.742965,677,0.894320
like power,discovered,2768.614910,1045,0.588070
energy sectors,discovered,2767.910692,750,0.815217
level security,discovered,2764.911617,938,0.653659
supply industry,discovered,2763.423504,840,0.729167
impact government,discovered,2763.027098,1006,0.609328
various government,discovered,2762.639134,949,0.645578
work government,discovered,2761.617924,1112,0.552135
europe russia,discovered,2760.090216,1208,0.509920
diversify supply,discovered,2759.475255,619,0.956723
geopolitical factors,discovered,2759.101356,615,0.960938
tariff rates,discovered,2757.421959,897,0.681611
global challenges,discovered,2757.280074,658,0.912621
increase power,discovered,2756.369220,1065,0.574744
europe particular,discovered,2755.496705,1374,0.452420
material inflation,discovered,2754.774160,2160,0.315053
lng shipping,discovered,2752.851628,824,0.740341
power projects,discovered,2752.323910,1283,0.480885
china remain,discovered,2748.734112,757,0.802757
global security,discovered,2748.645718,629,0.943028
government entities,discovered,2747.940832,1013,0.601901
materials used,discovered,2747.314697,1033,0.590286
gas sold,discovered,2745.262281,787,0.772326
focus supply,discovered,2742.710780,812,0.748387
coal imports,discovered,2742.698180,821,0.740307
control supply,discovered,2740.067892,877,0.692733
production north,discovered,2739.235096,1192,0.512688
environmentally responsible,discovered,2737.482228,720,0.838184
sourcing strategy,discovered,2736.015079,1030,0.589582
change supply,discovered,2734.033874,837,0.724048
based technologies,discovered,2733.534042,888,0.682552
supply ve,discovered,2728.750892,787,0.767805
china largest,discovered,2727.916721,1061,0.571044
know gas,discovered,2727.104149,775,0.778894
labor shortage,discovered,2726.787590,1178,0.516214
expect gas,discovered,2725.493648,772,0.781377
expect volatility,discovered,2725.384645,1136,0.534086
happening world,discovered,2723.908243,1205,0.504818
mexico china,discovered,2723.892268,834,0.723958
technology data,discovered,2719.701621,1539,0.405427
non opec,discovered,2718.106015,586,0.981575
opec production,discovered,2717.442292,620,0.945122
fuel energy,discovered,2714.559454,776,0.774451
important technology,discovered,2710.894230,995,0.604496
major supply,discovered,2708.428873,612,0.951788
world facing,discovered,2708.209451,696,0.856089
lower raw,discovered,2706.922240,1963,0.333333
copper nickel,discovered,2704.322912,700,0.850547
business energy,discovered,2703.391914,1045,0.574491
regarding energy,discovered,2702.714851,752,0.794926
use energy,discovered,2699.770110,857,0.698452
environmental stewardship,discovered,2697.787789,864,0.692308
energy gas,discovered,2696.285512,673,0.878590
china parts,discovered,2693.041288,691,0.857320
new export,discovered,2688.076809,638,0.916667
supply critical,discovered,2687.279849,569,0.991289
chain strategy,discovered,2684.903213,754,0.787879
just gas,discovered,2684.209262,786,0.756497
tariffs place,discovered,2681.001813,698,0.846061
think political,discovered,2680.850057,685,0.860553
world continues,discovered,2680.842487,981,0.606304
government customer,discovered,2679.594041,764,0.776423
technology supply,discovered,2677.034944,766,0.773737
product china,discovered,2676.861766,1062,0.560127
pipeline network,discovered,2676.640818,689,0.854839
chain headwinds,discovered,2676.005208,804,0.737615
gas delivery,discovered,2674.830563,757,0.782025
global 2000,discovered,2671.309191,1077,0.551459
chain support,discovered,2670.475793,686,0.856429
south asia,discovered,2668.928168,1231,0.485602
improving economic,discovered,2667.976560,1180,0.504921
based global,discovered,2667.644894,991,0.597348
economic financial,discovered,2665.876968,1059,0.559429
cyber threats,discovered,2665.476762,575,0.981229
material pricing,discovered,2664.506215,1360,0.443141
customers global,discovered,2664.484694,1072,0.552577
tightness supply,discovered,2663.470233,722,0.814898
slowdown economic,discovered,2661.920867,700,0.838323
technology important,discovered,2660.687766,932,0.633152
supply tight,discovered,2660.313204,747,0.787975
industry government,discovered,2655.945439,748,0.785714
supply portfolio,discovered,2654.588604,609,0.941267
global player,discovered,2654.216228,1057,0.558078
energy world,discovered,2653.128364,660,0.881175
tariff policies,discovered,2650.786775,638,0.906250
crude production,discovered,2648.859255,751,0.780665
uncertainty customers,discovered,2648.429562,677,0.860229
government looking,discovered,2647.914404,874,0.671791
war going,discovered,2647.500206,696,0.838554
growth asia,discovered,2646.840927,2682,0.266203
korea japan,discovered,2645.570879,1329,0.449442
power systems,discovered,2644.644959,2313,0.292341
coal based,discovered,2643.738585,877,0.668445
border security,discovered,2642.319777,598,0.950715
material impact,discovered,2638.930866,5509,0.185914
metal prices,discovered,2638.641554,2547,0.274313
defense applications,discovered,2638.591235,744,0.784810
security features,discovered,2638.225764,835,0.700503
volumes gas,discovered,2637.961860,703,0.828033
government regulations,discovered,2637.558073,902,0.648454
supply increase,discovered,2636.838307,784,0.745247
said supply,discovered,2633.296107,802,0.727768
south texas,discovered,2626.795068,2459,0.279686
traditional energy,discovered,2626.771441,656,0.878179
neighboring countries,discovered,2622.576034,953,0.610506
optimize supply,discovered,2620.491485,857,0.678006
power sales,discovered,2620.463681,1131,0.516674
supply arrangements,discovered,2619.716431,616,0.923538
lng business,discovered,2618.150127,965,0.601996
technology provides,discovered,2618.134348,1053,0.552756
global slowdown,discovered,2618.015636,680,0.847880
chain problems,discovered,2617.659046,687,0.839853
technologies new,discovered,2614.636067,1272,0.462545
asia south,discovered,2613.145808,1097,0.530464
demand emerging,discovered,2612.609278,786,0.736645
export capacity,discovered,2612.049525,920,0.629706
weak global,discovered,2610.411192,690,0.834341
uncertain macroeconomic,discovered,2609.977793,930,0.622490
quality supply,discovered,2609.150590,837,0.691164
resources energy,discovered,2608.991310,781,0.740284
geopolitical macroeconomic,discovered,2604.334529,622,0.912023
energy agency,discovered,2603.277090,574,0.967960
need gas,discovered,2603.242853,683,0.840098
east india,discovered,2602.002516,1005,0.574943
increased oil,discovered,2600.641994,789,0.730556
constraints supply,discovered,2599.944065,750,0.767656
global delivery,discovered,2598.025268,1243,0.469588
economy world,discovered,2595.639508,868,0.663102
supply long,discovered,2595.131523,624,0.906977
american energy,discovered,2595.102098,619,0.912979
geopolitical challenges,discovered,2594.683323,579,0.960199
primarily china,discovered,2594.162706,908,0.633636
fuel source,discovered,2593.497875,637,0.890909
ai solutions,discovered,2587.513255,1246,0.466842
particularly asia,discovered,2585.360505,1600,0.376648
long supply,discovered,2583.127944,665,0.854756
methane emissions,discovered,2582.664641,756,0.756757
think global,discovered,2581.915102,1377,0.426448
presidential elections,discovered,2580.390717,804,0.711504
chain continues,discovered,2579.905874,708,0.805461
uncertainty continues,discovered,2579.464821,665,0.853659
renewable resources,discovered,2579.343090,812,0.704250
including global,discovered,2579.232136,989,0.579040
customers interested,discovered,2578.993082,1530,0.389809
business global,discovered,2578.967610,1711,0.356533
mexican government,discovered,2577.748215,791,0.722374
global leaders,discovered,2576.377799,814,0.701724
local regional,discovered,2576.173146,1661,0.364574
nickel price,discovered,2574.777535,1102,0.520794
trade tariff,discovered,2574.251264,576,0.958403
copper price,discovered,2572.703657,1842,0.336500
higher tariffs,discovered,2572.489279,886,0.643895
security defense,discovered,2571.759433,557,0.978910
security technology,discovered,2571.626875,704,0.807339
government initiatives,discovered,2571.552247,858,0.664601
china believe,discovered,2565.680297,861,0.660783
chain really,discovered,2565.247102,913,0.623208
respect supply,discovered,2563.210422,667,0.846447
tariff policy,discovered,2560.344252,687,0.822754
lng plant,discovered,2557.088690,750,0.755287
result economic,discovered,2556.830576,871,0.650972
large gas,discovered,2555.672741,757,0.748024
policy uncertainty,discovered,2555.195575,635,0.881944
low emissions,discovered,2554.220636,620,0.899855
uncertainty macroeconomic,discovered,2554.220636,620,0.899855
slowdown economy,discovered,2553.768692,1136,0.502210
government subsidies,discovered,2553.475715,1197,0.478417
data ai,discovered,2552.279639,1295,0.445476
terms global,discovered,2552.007206,1218,0.470634
carbon dioxide,discovered,2551.625419,1261,0.456058
fuel standard,discovered,2547.881491,700,0.804598
demand semiconductor,discovered,2546.128475,701,0.802978
global gas,discovered,2545.211440,619,0.898403
technologies market,discovered,2545.169658,906,0.623109
sales europe,discovered,2544.715284,2527,0.269518
example china,discovered,2544.281206,1019,0.555011
gas basins,discovered,2542.140492,651,0.858839
energy oil,discovered,2541.728360,685,0.819378
way supply,discovered,2541.546302,842,0.669316
war china,discovered,2541.309525,530,0.998117
world need,discovered,2540.551759,932,0.604802
western european,discovered,2539.290067,1774,0.342736
increase export,discovered,2537.394048,798,0.704947
affected supply,discovered,2534.742383,580,0.943089
china expected,discovered,2533.917682,925,0.607753
world steel,discovered,2533.387351,803,0.699477
infrastructure technology,discovered,2533.010187,965,0.582729
global leadership,discovered,2532.404833,1236,0.461194
security measures,discovered,2531.889509,618,0.895652
uncertainties global,discovered,2530.898342,578,0.944444
rising oil,discovered,2530.213886,672,0.830655
wind industry,discovered,2529.689362,738,0.759259
high raw,discovered,2529.513468,954,0.588526
hi tech,discovered,2528.775421,1099,0.513312
technology portfolio,discovered,2526.912820,1376,0.418874
activity europe,discovered,2526.336826,1064,0.528827
chain going,discovered,2525.678543,914,0.613011
global reach,discovered,2524.217310,1954,0.317930
military applications,discovered,2522.199458,735,0.760083
suppliers supply,discovered,2520.057295,651,0.852094
demand country,discovered,2519.966103,710,0.785398
restrictions china,discovered,2518.021200,591,0.924883
china right,discovered,2516.633445,1278,0.445141
hard coal,discovered,2516.191142,685,0.811611
strategic importance,discovered,2514.724446,1394,0.412548
border business,discovered,2514.523710,808,0.690009
terms raw,discovered,2513.818466,1308,0.435710
demand technology,discovered,2510.974357,944,0.590369
gas play,discovered,2510.670359,855,0.651181
market north,discovered,2510.005807,1726,0.346865
kingdom saudi,discovered,2509.577401,677,0.818622
government actions,discovered,2509.287176,682,0.812872
renewable fuel,discovered,2508.363285,819,0.679104
reducing energy,discovered,2507.426305,715,0.776330
cooking oil,discovered,2505.919703,714,0.776931
point supply,discovered,2505.515302,704,0.787472
environmental benefits,discovered,2501.443417,746,0.743028
degree uncertainty,discovered,2501.005822,1165,0.481206
lng exports,discovered,2500.641159,692,0.799076
seen china,discovered,2500.256980,883,0.628023
chain dynamics,discovered,2498.350108,638,0.860999
despite covid,discovered,2498.072455,1523,0.381227
gas project,discovered,2495.747568,1028,0.540200
beginning pandemic,discovered,2494.848428,1365,0.417176
customers europe,discovered,2494.553253,1486,0.388497
uncertainty remain,discovered,2494.402144,587,0.922956
term disruption,discovered,2493.770205,820,0.674342
gas crude,discovered,2492.178642,644,0.851852
fiscal policy,discovered,2491.796122,752,0.734375
inflation labor,discovered,2491.602596,978,0.565972
new pipeline,discovered,2487.904663,1361,0.417229
generation data,discovered,2486.496583,773,0.713100
course global,discovered,2485.646451,692,0.794489
talk supply,discovered,2484.274837,856,0.643609
tariff environment,discovered,2483.702305,837,0.658019
domestic coal,discovered,2482.818196,947,0.582053
cyber risk,discovered,2481.369433,581,0.926635
additional tariffs,discovered,2480.735566,605,0.896296
global inflation,discovered,2478.832704,612,0.886957
uncertain global,discovered,2474.972453,632,0.861035
reducing greenhouse,discovered,2474.809077,588,0.915888
macroeconomic trends,discovered,2471.728744,977,0.562140
europe especially,discovered,2471.375769,1262,0.442962
easing supply,discovered,2470.195844,660,0.826033
water energy,discovered,2468.510157,804,0.680779
europe demand,discovered,2467.758288,774,0.706849
macro events,discovered,2467.428767,752,0.727273
especially asia,discovered,2465.024291,1264,0.441341
arab emirates,discovered,2463.754109,917,0.596229
covid situation,discovered,2461.935069,1981,0.309386
defense commercial,discovered,2461.046294,701,0.777162
like gas,discovered,2457.411617,824,0.661316
market export,discovered,2456.054510,782,0.696349
create uncertainty,discovered,2455.362970,626,0.862259
amp security,discovered,2452.086174,1097,0.499545
like covid,discovered,2451.704748,997,0.546901
gas space,discovered,2449.209673,674,0.803337
supply line,discovered,2448.884303,751,0.722810
china impacted,discovered,2444.940045,658,0.820449
generation energy,discovered,2442.495238,698,0.774695
lng production,discovered,2439.470805,678,0.795775
ukraine situation,discovered,2437.636788,587,0.905864
business government,discovered,2436.731064,1193,0.459907
facilities world,discovered,2432.799558,856,0.630339
high fuel,discovered,2430.018283,1103,0.492851
regarding gas,discovered,2429.766822,622,0.859116
chain infrastructure,discovered,2429.505671,666,0.806295
chain impact,discovered,2429.035715,668,0.803851
tariff review,discovered,2428.611429,903,0.596827
oil producing,discovered,2426.667123,770,0.698730
overall macroeconomic,discovered,2425.377213,832,0.646465
gas hedges,discovered,2424.130252,851,0.631774
supply versus,discovered,2423.730996,659,0.812577
equipment supply,discovered,2423.256363,810,0.663391
like trade,discovered,2420.604745,776,0.691622
china lot,discovered,2420.499645,900,0.596817
10 tariff,discovered,2417.976211,611,0.869132
improve supply,discovered,2417.400811,1035,0.520624
trade restrictions,discovered,2416.903706,549,0.948187
countries particularly,discovered,2415.471968,739,0.724510
term volatility,discovered,2414.763184,1214,0.449131
technologies solutions,discovered,2414.278539,701,0.762786
aviation fuel,discovered,2414.215970,1033,0.520928
united arab,discovered,2412.435670,914,0.585897
earth orbit,discovered,2412.364751,592,0.891566
china global,discovered,2411.944687,662,0.805353
countries outside,discovered,2411.649558,1123,0.481354
support technology,discovered,2410.253234,766,0.697632
spread virus,discovered,2406.427142,846,0.630872
demand ai,discovered,2406.006401,753,0.708373
level supply,discovered,2405.277836,796,0.670034
got supply,discovered,2404.977118,823,0.648031
steel mills,discovered,2404.481233,1278,0.427711
reduction supply,discovered,2404.454700,708,0.752391
economic fundamentals,discovered,2404.109075,747,0.713467
lithium carbonate,discovered,2404.051830,850,0.627306
china recently,discovered,2403.275945,715,0.744792
improving supply,discovered,2401.855493,1007,0.531118
global vehicle,discovered,2399.900005,716,0.742739
supply network,discovered,2399.737097,726,0.732593
term macro,discovered,2399.571517,758,0.701852
constraints continue,discovered,2399.227837,644,0.822478
including india,discovered,2398.756364,768,0.692516
environmental management,discovered,2397.489613,648,0.817150
states united,discovered,2394.865988,837,0.634572
created uncertainty,discovered,2394.355145,589,0.889728
increases energy,discovered,2394.057648,717,0.739938
including oil,discovered,2392.644528,659,0.802680
prices steel,discovered,2391.565019,822,0.645212
supply lines,discovered,2390.665496,645,0.818528
gas shale,discovered,2390.509208,610,0.861582
china remains,discovered,2390.298118,934,0.568472
data cloud,discovered,2390.131274,1254,0.432563
global travel,discovered,2388.299204,929,0.570990
economic impacts,discovered,2387.109848,818,0.647152
technology believe,discovered,2386.885141,1091,0.489677
manufacturing logistics,discovered,2384.700547,963,0.550600
issue supply,discovered,2384.081697,717,0.736896
related uncertainty,discovered,2383.505175,636,0.827048
circular economy,discovered,2382.688062,1442,0.383511
edge ai,discovered,2382.354584,858,0.615937
technology technology,discovered,2382.054698,1135,0.471346
gas availability,discovered,2382.021820,544,0.944444
macro concerns,discovered,2381.599449,724,0.729104
government budget,discovered,2381.147033,791,0.667511
key technology,discovered,2380.607071,1083,0.491826
uncertainty think,discovered,2380.247201,810,0.651649
sour crude,discovered,2379.891406,701,0.752146
labor constraints,discovered,2379.877807,964,0.548975
order supply,discovered,2379.650301,671,0.784795
economic social,discovered,2379.370070,759,0.695055
build supply,discovered,2378.997308,694,0.759300
particularly north,discovered,2378.187009,1962,0.304092
presence china,discovered,2377.938524,949,0.556925
business united,discovered,2376.152808,1364,0.400587
tariff uncertainty,discovered,2375.507778,685,0.767937
east russia,discovered,2374.766239,657,0.799270
environment uncertainty,discovered,2374.202486,737,0.714147
battery supply,discovered,2372.949991,563,0.916938
looking technology,discovered,2370.505620,925,0.569231
integrated energy,discovered,2369.736165,732,0.717647
real gdp,discovered,2369.599708,815,0.644778
environment energy,discovered,2369.043795,648,0.807980
unconventional gas,discovered,2368.101491,669,0.783372
global industry,discovered,2367.814305,1071,0.494460
digital technologies,discovered,2366.822147,1181,0.452144
supply global,discovered,2365.968381,532,0.955117
chain able,discovered,2365.366846,723,0.725176
government just,discovered,2364.818173,878,0.597686
important given,discovered,2364.774722,1099,0.482229
closely government,discovered,2364.560168,610,0.853147
world supply,discovered,2363.053485,584,0.886191
potential trade,discovered,2362.424605,549,0.932088
demand chinese,discovered,2360.253808,646,0.807500
think uncertainty,discovered,2358.764813,1051,0.501431
changes government,discovered,2357.649482,689,0.757976
volatility financial,discovered,2356.925208,817,0.639781
opportunities supply,discovered,2354.763195,615,0.843621
increased global,discovered,2354.691375,899,0.581501
supply just,discovered,2351.851852,819,0.636858
states think,discovered,2350.823513,1121,0.471008
impact inflation,discovered,2350.652714,1876,0.311163
world bank,discovered,2349.293926,938,0.556677
europe world,discovered,2349.216720,776,0.671280
demand globally,discovered,2349.065087,783,0.665251
impact commodity,discovered,2349.008824,930,0.561255
nickel cobalt,discovered,2348.850503,649,0.800247
western world,discovered,2347.367768,1279,0.418658
coal price,discovered,2346.007318,1481,0.370713
macro issues,discovered,2345.710967,1070,0.490601
state government,discovered,2344.059197,1736,0.328228
automotive supply,discovered,2343.992299,593,0.868228
chain optimization,discovered,2343.930947,994,0.525370
developed world,discovered,2343.764640,1154,0.457573
pacific middle,discovered,2343.529108,815,0.637715
government markets,discovered,2342.063093,634,0.815959
security strategy,discovered,2340.190624,559,0.911909
lower supply,discovered,2337.290999,856,0.605803
pipeline gas,discovered,2336.299858,593,0.865693
robust supply,discovered,2335.425998,648,0.797048
supply growing,discovered,2333.335968,599,0.856938
world biggest,discovered,2333.328422,818,0.632637
chain remains,discovered,2331.630334,526,0.952899
electric motors,discovered,2331.472679,669,0.771626
export oriented,discovered,2331.313268,638,0.807595
defense agency,discovered,2330.249588,533,0.943363
investments energy,discovered,2329.038866,654,0.787952
gas producer,discovered,2328.335255,580,0.880121
experienced supply,discovered,2327.578598,516,0.964486
comes supply,discovered,2326.740015,673,0.765643
china particularly,discovered,2326.493129,861,0.599582
position china,discovered,2326.492958,972,0.532895
security administration,discovered,2325.988836,575,0.885978
technology platform,discovered,2325.331638,4281,0.195837
crude price,discovered,2324.634729,1128,0.463625
demand renewable,discovered,2324.070648,605,0.846154
gas area,discovered,2323.811308,841,0.612974
supply outlook,discovered,2323.349085,639,0.803774
china including,discovered,2323.116870,779,0.661290
political landscape,discovered,2321.252147,642,0.799502
security energy,discovered,2320.642228,498,0.984190
government focus,discovered,2319.540735,600,0.851064
gas ngl,discovered,2318.009794,854,0.602257
cyber resilience,discovered,2315.621393,570,0.889236
japan australia,discovered,2315.557420,994,0.519331
growth world,discovered,2315.182871,1190,0.440415
supply right,discovered,2313.695384,757,0.677708
enhance security,discovered,2312.982503,547,0.919328
feed tariff,discovered,2311.289965,1009,0.511145
played important,discovered,2308.223547,965,0.532561
russian oil,discovered,2307.156283,578,0.875758
coal generation,discovered,2307.044111,764,0.669588
inventories supply,discovered,2304.398158,580,0.872180
weakness china,discovered,2304.285577,749,0.682149
local chinese,discovered,2303.784014,838,0.609898
tariffs announced,discovered,2301.524606,587,0.861968
economic issues,discovered,2301.351815,1004,0.511462
domestic capacity,discovered,2299.512773,892,0.572529
energy strategy,discovered,2298.273850,660,0.771028
endpoint security,discovered,2297.564734,697,0.730608
chain inflation,discovered,2296.251492,585,0.862832
significant energy,discovered,2296.016812,653,0.778308
american automotive,discovered,2293.666041,717,0.709199
technology group,discovered,2293.497076,1087,0.473638
chain efficiency,discovered,2291.790679,868,0.586090
carbon neutral,discovered,2291.344388,1412,0.377944
china markets,discovered,2291.223213,936,0.544503
domestic global,discovered,2288.924636,808,0.628305
temporary supply,discovered,2287.974351,518,0.950459
growth government,discovered,2286.078500,890,0.570513
environment economic,discovered,2285.548318,727,0.697028
uk europe,discovered,2284.905025,1226,0.424221
low earth,discovered,2284.904552,552,0.903437
pipeline systems,discovered,2284.228365,849,0.597046
process technologies,discovered,2284.131952,924,0.549673
technology applications,discovered,2281.704563,813,0.622511
power gen,discovered,2281.470626,1283,0.407560
support economic,discovered,2280.421039,573,0.873476
important energy,discovered,2280.413214,540,0.918367
latin american,discovered,2277.133085,3297,0.218765
improve security,discovered,2275.300994,544,0.911223
american european,discovered,2274.986622,1117,0.458727
broader economy,discovered,2274.358527,1217,0.425227
supply price,discovered,2274.179048,636,0.791045
low emission,discovered,2273.479893,745,0.676658
lot political,discovered,2272.853923,656,0.767251
oil storage,discovered,2272.140593,652,0.771598
meet global,discovered,2271.525614,564,0.882629
prices crude,discovered,2270.875688,620,0.809399
free energy,discovered,2270.665071,543,0.911074
russia invasion,discovered,2270.592248,504,0.963671
commodities like,discovered,2270.513483,694,0.725183
social security,discovered,2270.314632,1440,0.369325
china manufacturing,discovered,2268.917863,701,0.717503
economic risk,discovered,2268.537847,623,0.804910
power needs,discovered,2267.837504,651,0.771327
greenhouse gases,discovered,2267.139827,747,0.672973
federal market,discovered,2265.464305,729,0.689036
contract extension,discovered,2263.374531,1138,0.449092
environment global,discovered,2262.991361,668,0.750562
solutions data,discovered,2261.661655,697,0.719298
gas think,discovered,2259.430221,814,0.615734
technology critical,discovered,2258.294774,569,0.871363
important market,discovered,2257.438214,3122,0.223847
electronic materials,discovered,2256.438083,1095,0.463590
power business,discovered,2254.759937,2576,0.248050
technology manufacturing,discovered,2252.742320,858,0.582880
based raw,discovered,2251.992938,722,0.691571
gas turbine,discovered,2250.384947,1452,0.364366
deliver energy,discovered,2249.732057,526,0.927690
cell electric,discovered,2249.678795,618,0.804688
pricing supply,discovered,2246.666336,690,0.721757
domestic oil,discovered,2245.761975,596,0.831241
electrical infrastructure,discovered,2245.089508,724,0.687559
companies china,discovered,2244.081490,941,0.531038
uncertain macro,discovered,2243.821051,1026,0.489504
steel producers,discovered,2242.765997,792,0.628073
carbon fiber,discovered,2240.941052,1297,0.397853
energy usage,discovered,2240.175731,918,0.542874
supply increased,discovered,2240.144160,620,0.798969
eastern european,discovered,2239.392192,1853,0.303472
identity security,discovered,2239.185516,663,0.748307
gas continues,discovered,2238.097575,592,0.833803
supply position,discovered,2237.128692,620,0.797941
management data,discovered,2236.645193,836,0.593750
reduction carbon,discovered,2236.303139,676,0.733189
markets energy,discovered,2235.702738,612,0.807388
current energy,discovered,2235.399794,586,0.840746
look oil,discovered,2234.203866,807,0.614155
china vietnam,discovered,2232.638167,765,0.647208
sustainable growth,discovered,2230.208059,5746,0.171799
supply conditions,discovered,2228.760984,704,0.701894
east southeast,discovered,2228.346455,670,0.737074
affected economic,discovered,2228.266694,694,0.711795
improved supply,discovered,2228.093978,956,0.519565
federal reserve,discovered,2227.801726,2333,0.260962
thermal energy,discovered,2227.765565,648,0.761457
macro geopolitical,discovered,2224.685162,514,0.936248
australia china,discovered,2221.666093,820,0.601173
existing gas,discovered,2221.432263,543,0.894563
clean tech,discovered,2221.061973,716,0.687800
non china,discovered,2220.195480,703,0.700199
development global,discovered,2219.296937,808,0.609351
given economic,discovered,2218.821126,1631,0.330028
europe canada,discovered,2218.725434,1218,0.415984
canadian economy,discovered,2218.410445,759,0.648164
prices commodity,discovered,2218.398278,709,0.693738
elevated inflation,discovered,2217.503797,582,0.839827
emissions 2050,discovered,2217.038491,574,0.850370
sustainability goals,discovered,2216.008342,1108,0.451324
like mexico,discovered,2215.343901,948,0.520879
sustainable infrastructure,discovered,2214.895669,562,0.865948
european region,discovered,2213.072493,1297,0.393746
states mexico,discovered,2212.796143,683,0.718191
government continues,discovered,2211.411408,711,0.689622
think oil,discovered,2210.968679,1076,0.462398
increased tariffs,discovered,2210.161429,588,0.829337
data platform,discovered,2209.425437,1573,0.337916
export growth,discovered,2204.764474,736,0.664260
just united,discovered,2204.764474,736,0.664260
balanced supply,discovered,2204.675606,624,0.781955
technology transition,discovered,2204.655757,756,0.646707
fuel cost,discovered,2203.512310,2608,0.243170
europe growing,discovered,2202.661251,1068,0.463944
gen ai,discovered,2202.563190,1666,0.323244
government terms,discovered,2201.838037,803,0.608333
security reliability,discovered,2201.085431,502,0.945386
impact chinese,discovered,2199.983297,697,0.699799
world demand,discovered,2199.360230,758,0.643463
19 global,discovered,2196.686623,601,0.807796
cyber intelligence,discovered,2194.801614,580,0.834532
power companies,discovered,2194.387604,701,0.694059
geopolitical economic,discovered,2193.689287,514,0.926126
global geopolitical,discovered,2192.104719,464,0.991453
production united,discovered,2192.032057,528,0.905660
economic volatility,discovered,2190.807735,725,0.670055
diversified supply,discovered,2190.251107,510,0.930657
technologies capabilities,discovered,2189.318003,717,0.677054
impact macro,discovered,2189.148467,775,0.626516
outlook oil,discovered,2188.328261,570,0.845697
chain china,discovered,2187.699352,556,0.864697
technologies support,discovered,2186.858927,679,0.713985
chinese producers,discovered,2186.083530,637,0.760143
areas world,discovered,2185.722614,1441,0.358279
including technology,discovered,2184.369633,765,0.633278
capacity constraints,discovered,2183.378485,2329,0.258118
situation russia,discovered,2183.260801,651,0.743151
parts country,discovered,2181.766756,2362,0.255877
uncertainty europe,discovered,2181.261224,570,0.843195
affected global,discovered,2180.380481,535,0.891667
role energy,discovered,2180.287663,467,0.985232
component shortage,discovered,2179.314270,782,0.618182
quarter gas,discovered,2178.457503,756,0.639053
supply standpoint,discovered,2178.212933,651,0.741458
supply production,discovered,2177.982528,521,0.910839
force climate,discovered,2177.760183,476,0.973415
uncertainty future,discovered,2177.608187,830,0.582456
gas emission,discovered,2176.683894,687,0.702454
northern territory,discovered,2175.552568,684,0.705155
emission control,discovered,2174.599462,795,0.606870
materials including,discovered,2173.940417,696,0.692537
china related,discovered,2173.373312,661,0.728776
conditions north,discovered,2172.968648,732,0.658273
supply picture,discovered,2172.228708,630,0.763636
increase domestic,discovered,2172.025722,1145,0.430775
american supply,discovered,2172.018805,505,0.931734
dual sourcing,discovered,2171.695621,739,0.651675
europe lot,discovered,2169.963552,965,0.502343
electricity price,discovered,2169.058392,863,0.558576
world china,discovered,2168.687074,724,0.664220
american oil,discovered,2168.581760,537,0.884679
products technologies,discovered,2166.892717,1524,0.341016
china like,discovered,2166.543480,899,0.536396
solutions energy,discovered,2164.200099,521,0.906087
zero 2050,discovered,2163.613655,549,0.865931
strong export,discovered,2163.523858,735,0.652753
significant disruptions,discovered,2162.882853,584,0.817927
wind project,discovered,2160.838383,1221,0.405918
mean supply,discovered,2160.619362,671,0.713830
lng terminal,discovered,2158.670921,721,0.663904
supply point,discovered,2157.012432,603,0.791339
energy technologies,discovered,2155.984986,562,0.845113
new coal,discovered,2155.319492,829,0.577298
critical raw,discovered,2154.391741,474,0.969325
china having,discovered,2153.995386,605,0.787760
government infrastructure,discovered,2153.809237,666,0.716900
investment china,discovered,2152.746398,873,0.548367
high security,discovered,2152.029792,637,0.748531
nuclear reactors,discovered,2151.730701,536,0.880131
china domestic,discovered,2147.712366,822,0.580099
technology key,discovered,2147.412354,875,0.545852
emissions reduction,discovered,2147.382152,917,0.521912
country country,discovered,2145.970870,2502,0.245222
spanish government,discovered,2144.759474,720,0.660550
supply problems,discovered,2143.651998,527,0.890203
security challenges,discovered,2143.452492,461,0.982942
countries china,discovered,2143.421538,770,0.617482
american customers,discovered,2142.024817,946,0.505612
sanctions russia,discovered,2141.737602,487,0.947471
global light,discovered,2140.302763,733,0.647527
concerns global,discovered,2139.676645,465,0.976891
united nations,discovered,2139.587084,960,0.498184
course supply,discovered,2139.463374,643,0.737385
asia including,discovered,2138.701452,762,0.622549
good supply,discovered,2137.063827,1029,0.466878
course china,discovered,2136.912927,771,0.614833
china world,discovered,2136.417804,785,0.603846
business gas,discovered,2134.516741,628,0.752998
investment energy,discovered,2132.323361,598,0.788918
world growth,discovered,2131.341283,756,0.625310
energy applications,discovered,2131.206953,593,0.794906
world events,discovered,2130.041242,617,0.764560
world global,discovered,2129.182312,721,0.654859
energy renewable,discovered,2129.082265,556,0.843703
economic concerns,discovered,2128.867148,665,0.709712
rates increased,discovered,2128.408192,2358,0.252463
macroeconomic volatility,discovered,2126.945395,527,0.884228
tariff rate,discovered,2126.806572,701,0.672745
climate goals,discovered,2124.782150,496,0.928839
electrical grid,discovered,2123.535072,550,0.850077
gas related,discovered,2123.343392,942,0.503474
government going,discovered,2123.259692,1317,0.375963
environmental concerns,discovered,2123.057060,580,0.808926
critical technology,discovered,2123.017822,587,0.799728
supply domestic,discovered,2122.757403,490,0.936902
supply really,discovered,2122.609535,704,0.668566
heavy rare,discovered,2121.687273,440,1.000000
supply vessels,discovered,2121.378938,648,0.725644
emerging trends,discovered,2121.369012,846,0.557312
commercial supply,discovered,2120.874480,936,0.505946
incredibly important,discovered,2120.623180,1584,0.326194
securing supply,discovered,2120.119169,554,0.843227
economic pressures,discovered,2119.730655,970,0.489158
supply certain,discovered,2117.855040,594,0.788845
uncertainty going,discovered,2117.851950,994,0.477885
asian market,discovered,2117.449070,1671,0.313626
supply years,discovered,2117.297214,585,0.800274
europe energy,discovered,2116.351667,492,0.931818
electricity sales,discovered,2115.479107,922,0.511938
world going,discovered,2114.990857,1846,0.292737
oil exports,discovered,2113.156499,504,0.913043
hydrogen economy,discovered,2112.896920,606,0.771975
growth chinese,discovered,2111.401980,689,0.679487
complex supply,discovered,2111.118995,573,0.813920
chain risks,discovered,2110.821174,484,0.941634
gas commodity,discovered,2110.289189,533,0.869494
volatility energy,discovered,2109.982590,538,0.862179
position world,discovered,2109.887662,846,0.554391
uncertainty high,discovered,2109.649660,514,0.897033
regional supply,discovered,2108.683560,487,0.936538
chain capacity,discovered,2108.303627,549,0.845917
asia region,discovered,2107.193949,1139,0.421540
lower global,discovered,2106.937818,692,0.675122
regarding tariffs,discovered,2105.166770,553,0.839150
federal civilian,discovered,2104.759545,549,0.844615
opportunities energy,discovered,2104.363534,637,0.732184
question export,discovered,2104.189796,575,0.808720
supply need,discovered,2103.999415,602,0.773779
demand crude,discovered,2101.413854,491,0.928166
broader supply,discovered,2100.474264,523,0.880471
china situation,discovered,2099.938834,640,0.727273
silicon metal,discovered,2099.271572,809,0.576211
resilient supply,discovered,2098.319971,465,0.964730
gas resource,discovered,2097.759926,596,0.779085
hyperscale data,discovered,2097.531602,714,0.651460
supply low,discovered,2096.681435,574,0.807314
global uncertainties,discovered,2095.962948,482,0.939571
data solutions,discovered,2093.325436,1158,0.413276
china rest,discovered,2093.076451,848,0.548867
impact semiconductor,discovered,2091.923819,474,0.949900
management supply,discovered,2091.629725,802,0.579061
lot economic,discovered,2091.223128,756,0.613636
driven economic,discovered,2090.549323,693,0.668919
volatility raw,discovered,2090.185725,602,0.768838
associated supply,discovered,2088.902006,590,0.783533
china long,discovered,2086.531962,692,0.668599
economy continue,discovered,2086.474373,1075,0.439493
recent tariff,discovered,2085.875022,481,0.937622
investments supply,discovered,2085.013130,641,0.721035
ongoing war,discovered,2084.990110,452,0.978355
uncertainty economy,discovered,2084.757211,945,0.493473
infrastructure country,discovered,2083.502657,571,0.806497
development technology,discovered,2083.385397,1094,0.432240
coal iron,discovered,2082.104788,642,0.718925
efficient supply,discovered,2081.487583,734,0.628963
high inflationary,discovered,2080.445369,781,0.591219
rise raw,discovered,2080.203267,637,0.723864
growth renewable,discovered,2079.970801,573,0.802521
slowing economic,discovered,2079.819564,609,0.756522
level economic,discovered,2079.539240,739,0.624155
global capital,discovered,2078.849803,859,0.538558
especially middle,discovered,2078.675093,699,0.659434
major raw,discovered,2078.648252,572,0.803371
low rates,discovered,2078.621821,3273,0.210091
positive economic,discovered,2077.852811,1082,0.435412
china significant,discovered,2077.732709,760,0.606544
new covid,discovered,2077.593504,756,0.609677
states world,discovered,2077.444832,743,0.620200
technology high,discovered,2077.388692,871,0.531098
response covid,discovered,2077.388351,1338,0.364876
growth north,discovered,2075.723958,2892,0.223010
reciprocal tariffs,discovered,2075.321012,562,0.815675
green ammonia,discovered,2074.573766,686,0.670577
general election,discovered,2074.573435,722,0.637246
growing economy,discovered,2073.827949,861,0.536115
multiple countries,discovered,2073.234526,1029,0.454305
border trade,discovered,2072.873100,626,0.733880
trade negotiations,discovered,2072.287196,537,0.849684
technology providers,discovered,2072.232345,772,0.595679
world really,discovered,2071.835110,1299,0.372740
world population,discovered,2071.308681,779,0.590152
chain teams,discovered,2070.728409,739,0.621531
vehicle supply,discovered,2070.717461,600,0.764331
gas deliveries,discovered,2070.523228,535,0.851911
economy china,discovered,2068.842123,588,0.778808
including europe,discovered,2068.778915,900,0.512821
technology provider,discovered,2067.989441,928,0.498121
current trade,discovered,2066.838620,549,0.830560
supply risk,discovered,2065.622212,518,0.875000
security offering,discovered,2063.228585,526,0.862295
important project,discovered,2061.202073,1180,0.401497
year economic,discovered,2059.429506,930,0.495208
protection market,discovered,2058.815650,695,0.656900
based oil,discovered,2058.465496,638,0.715247
chinese markets,discovered,2057.132580,624,0.730679
gas realizations,discovered,2056.081768,587,0.775429
technology nodes,discovered,2055.732752,848,0.539440
ore imports,discovered,2055.133536,520,0.868114
period uncertainty,discovered,2052.700082,1003,0.460726
grain prices,discovered,2051.020808,1006,0.459151
given geopolitical,discovered,2049.166173,456,0.962025
related lockdowns,discovered,2048.644635,675,0.672981
china does,discovered,2047.840978,647,0.701735
growing middle,discovered,2043.864871,752,0.603047
places world,discovered,2041.946737,1196,0.393939
leading supplier,discovered,2041.730789,1084,0.428120
provide technology,discovered,2041.619724,769,0.589272
strategic supply,discovered,2041.518360,517,0.867450
gas switching,discovered,2041.495334,476,0.929688
ministry defense,discovered,2041.473897,784,0.578171
domestic natural,discovered,2041.097868,462,0.950617
security network,discovered,2039.791035,481,0.921456
economy growing,discovered,2039.018979,985,0.465501
russian ukraine,discovered,2039.014020,490,0.907407
solutions world,discovered,2037.201252,614,0.735329
international supply,discovered,2036.984190,611,0.738815
focus government,discovered,2036.466684,592,0.761905
time global,discovered,2036.193806,792,0.571017
power generators,discovered,2036.060209,609,0.740876
shipments china,discovered,2035.415804,712,0.634016
seeing green,discovered,2034.435169,899,0.505340
economic scenario,discovered,2032.410310,1047,0.439547
coal markets,discovered,2032.190647,912,0.498088
global clients,discovered,2028.844308,964,0.472549
development energy,discovered,2026.648978,530,0.842607
efficiency supply,discovered,2026.153298,695,0.646512
different supply,discovered,2025.035985,601,0.746584
sentiment remains,discovered,2024.647348,509,0.873070
coming united,discovered,2024.565682,652,0.688490
security program,discovered,2024.290773,469,0.934263
greater supply,discovered,2023.890752,546,0.818591
countries asia,discovered,2022.911119,943,0.480877
data storage,discovered,2020.917701,1781,0.290870
currency depreciation,discovered,2018.689080,957,0.473528
supply product,discovered,2018.147691,1021,0.446632
creating uncertainty,discovered,2016.084293,487,0.903525
effects global,discovered,2015.735239,513,0.863636
course covid,discovered,2015.559007,825,0.543478
facility china,discovered,2015.129778,937,0.481996
subject tariffs,discovered,2014.597042,538,0.826421
electricity production,discovered,2013.159258,733,0.609310
related raw,discovered,2012.570079,663,0.673096
supply sales,discovered,2012.478058,701,0.636694
technologies business,discovered,2012.175563,1109,0.414579
oil fields,discovered,2012.004024,861,0.520871
states department,discovered,2011.366985,517,0.855960
new renewable,discovered,2010.888252,792,0.564103
chain things,discovered,2010.868642,570,0.780822
important development,discovered,2010.321339,1291,0.365722
baseload power,discovered,2007.442950,462,0.939024
uncertainty covid,discovered,2007.145541,828,0.539414
security protection,discovered,2006.702616,477,0.915547
economic policy,discovered,2004.533531,493,0.889892
conditions china,discovered,2004.033636,602,0.737745
chain crisis,discovered,2003.348629,470,0.925197
asia india,discovered,2003.034427,799,0.557183
exposure oil,discovered,2002.862126,785,0.566787
transfer technology,discovered,1999.920880,512,0.859060
economic environmental,discovered,1997.965628,497,0.881206
come supply,discovered,1996.865494,617,0.717442
china terms,discovered,1996.442343,871,0.511450
climate action,discovered,1994.725099,696,0.635616
global supplier,discovered,1994.638860,673,0.657227
fish oil,discovered,1994.430374,856,0.519417
terms security,discovered,1994.322667,643,0.687701
like south,discovered,1994.022819,943,0.474585
customers united,discovered,1993.269399,730,0.605809
export control,discovered,1993.035497,472,0.918288
largest gas,discovered,1992.767555,474,0.915058
working suppliers,discovered,1992.256982,1086,0.418497
tariff issues,discovered,1991.988798,493,0.885099
plant china,discovered,1991.144915,951,0.470326
worldwide demand,discovered,1989.536357,745,0.592681
course energy,discovered,1989.110027,533,0.823802
19 lockdowns,discovered,1987.882819,554,0.793696
trade routes,discovered,1987.863200,493,0.883513
organizations world,discovered,1986.957024,674,0.653734
gas ve,discovered,1986.335448,683,0.644948
impacts tariffs,discovered,1984.797001,605,0.727163
recent economic,discovered,1984.674504,792,0.556962
energy electricity,discovered,1983.736956,551,0.796243
particularly south,discovered,1982.301845,839,0.526349
geopolitical instability,discovered,1979.071914,425,0.983796
america north,discovered,1977.501912,1128,0.402713
trade case,discovered,1977.211460,644,0.680761
technologies customers,discovered,1977.085329,626,0.700224
semiconductor companies,discovered,1976.884893,1062,0.423783
markets oil,discovered,1976.820746,586,0.747449
geopolitical landscape,discovered,1976.565841,438,0.964758
steel imports,discovered,1975.660335,483,0.894444
infrastructure power,discovered,1974.467116,516,0.843137
korea china,discovered,1974.426601,1029,0.435095
lng terminals,discovered,1974.264038,476,0.904943
low supply,discovered,1972.705335,667,0.655851
gas year,discovered,1972.248594,767,0.571109
government contracts,discovered,1971.153911,1289,0.360559
changes global,discovered,1971.088181,624,0.700337
steel sector,discovered,1970.261720,658,0.663976
given political,discovered,1970.180339,536,0.812121
chain transformation,discovered,1969.991538,703,0.621574
purchase power,discovered,1969.722299,1237,0.372254
market disruption,discovered,1969.390222,1003,0.444002
material suppliers,discovered,1968.640963,665,0.656466
like data,discovered,1968.494192,1323,0.352988
blue chip,discovered,1968.195942,1884,0.275761
government solutions,discovered,1967.904890,756,0.577982
security important,discovered,1967.828778,444,0.952790
fact supply,discovered,1967.528217,606,0.719715
chain work,discovered,1965.401324,571,0.762350
chain planning,discovered,1965.243704,532,0.815951
terms tariff,discovered,1965.168121,537,0.808735
technology areas,discovered,1963.855397,946,0.466700
expected supply,discovered,1963.824975,543,0.799705
impact climate,discovered,1962.326595,497,0.867365
transition energy,discovered,1962.304554,439,0.958515
higher fuel,discovered,1961.187568,2093,0.258045
government organizations,discovered,1959.529184,569,0.762735
carbon solutions,discovered,1958.568274,661,0.657058
gas areas,discovered,1958.153140,606,0.716312
cost power,discovered,1957.391875,931,0.472110
power electronics,discovered,1956.997027,1274,0.361829
technology create,discovered,1955.775901,769,0.565026
general uncertainty,discovered,1954.775229,582,0.744246
government new,discovered,1954.696681,712,0.609068
gas used,discovered,1954.680848,557,0.776848
large data,discovered,1954.198559,1012,0.437527
macroeconomic scenario,discovered,1953.040248,931,0.471154
reduce supply,discovered,1951.229926,562,0.768810
government segment,discovered,1950.229165,969,0.453864
reduction energy,discovered,1949.346212,683,0.632994
truly global,discovered,1948.447131,1182,0.382772
particular europe,discovered,1948.375844,784,0.552502
major north,discovered,1948.343761,619,0.697858
impact north,discovered,1947.724428,772,0.560639
gas businesses,discovered,1947.537766,741,0.583465
shortage situation,discovered,1947.361730,492,0.869258
gas producing,discovered,1947.114784,548,0.786227
power natural,discovered,1946.676306,471,0.902299
important contributor,discovered,1946.532912,1258,0.363899
energy group,discovered,1945.869443,905,0.481896
demand economic,discovered,1945.742837,500,0.856164
tariff adjustment,discovered,1944.838220,610,0.706837
global defense,discovered,1944.669816,452,0.931959
development supply,discovered,1944.241706,618,0.697517
concerns supply,discovered,1943.979751,424,0.974713
america continued,discovered,1943.573763,1005,0.438099
producing countries,discovered,1943.214248,572,0.752632
trade patterns,discovered,1942.230206,471,0.900574
materials use,discovered,1941.541684,602,0.714964
nuclear plants,discovered,1941.229044,866,0.500868
oil sales,discovered,1938.879563,885,0.490305
technology projects,discovered,1937.862789,852,0.507747
protection agency,discovered,1937.097015,631,0.680690
infrastructure supply,discovered,1936.622023,480,0.883978
brazil russia,discovered,1936.065309,861,0.502334
uncertainty supply,discovered,1935.308246,450,0.931677
materials continue,discovered,1933.853553,625,0.686059
changing world,discovered,1933.739554,795,0.541184
year government,discovered,1933.370959,1082,0.409228
cost electricity,discovered,1932.271861,765,0.561262
higher input,discovered,1931.423410,1713,0.289652
china actually,discovered,1930.605278,1102,0.402484
growth economic,discovered,1929.668588,872,0.494892
generate electricity,discovered,1929.128957,565,0.756359
advanced security,discovered,1928.609741,558,0.765432
american production,discovered,1928.162033,771,0.555876
chain resilience,discovered,1927.968114,425,0.968109
bring gas,discovered,1927.912214,514,0.827697
member states,discovered,1927.637869,739,0.579154
technology investment,discovered,1927.206722,1237,0.365868
cycle power,discovered,1927.021041,477,0.884972
look world,discovered,1925.900105,1289,0.354121
having supply,discovered,1924.709298,630,0.677419
technology use,discovered,1924.396656,1017,0.429839
security privacy,discovered,1923.581562,516,0.822967
defense homeland,discovered,1923.210990,424,0.968037
support data,discovered,1922.423377,648,0.657868
energy marketing,discovered,1921.289539,904,0.476793
government doing,discovered,1921.027305,684,0.622951
environmental standards,discovered,1919.598570,579,0.734772
south east,discovered,1915.455608,1731,0.286116
supply partners,discovered,1915.433011,788,0.540837
security issue,discovered,1915.349531,449,0.925773
uncertainty potential,discovered,1914.688144,529,0.800303
integrated global,discovered,1912.393696,693,0.612191
gas chemical,discovered,1911.133166,543,0.779053
tariff revision,discovered,1910.954624,539,0.784571
government industry,discovered,1910.872928,589,0.719170
caused pandemic,discovered,1910.158334,820,0.519316
higher supply,discovered,1909.379872,932,0.461158
importance having,discovered,1909.209685,779,0.545136
related government,discovered,1908.085760,856,0.498254
proven technology,discovered,1906.466126,851,0.500588
current inflationary,discovered,1905.348449,718,0.589007
pandemic situation,discovered,1905.037372,977,0.441283
terms macro,discovered,1904.567030,935,0.458783
global recovery,discovered,1904.462901,643,0.656793
tariffs chinese,discovered,1903.696873,424,0.961451
expect china,discovered,1903.527591,935,0.458558
east countries,discovered,1902.867957,469,0.888258
domestic energy,discovered,1901.695887,430,0.951327
economy global,discovered,1900.533319,461,0.900391
global car,discovered,1900.162068,545,0.771955
political uncertainties,discovered,1899.885345,497,0.842373
kind trade,discovered,1899.568923,660,0.638298
obviously energy,discovered,1899.128539,553,0.760660
cycle gas,discovered,1898.665417,556,0.756463
china started,discovered,1897.443437,615,0.684093
ukraine crisis,discovered,1897.434649,481,0.866667
macro situation,discovered,1896.367524,1031,0.419447
taiwan china,discovered,1895.806831,826,0.512089
chinese domestic,discovered,1895.702784,697,0.603463
cloud strategy,discovered,1895.665841,799,0.528439
deliver gas,discovered,1895.368910,514,0.814580
military bases,discovered,1895.004507,692,0.607550
europe india,discovered,1894.637108,897,0.474101
globally including,discovered,1894.094481,690,0.609003
pandemic global,discovered,1893.006742,474,0.876155
increasing gas,discovered,1891.309851,459,0.900000
coronavirus outbreak,discovered,1891.267782,728,0.576862
market domestic,discovered,1890.416073,799,0.527045
good technology,discovered,1889.946727,1048,0.412436
sort macro,discovered,1889.436601,902,0.470527
europe including,discovered,1889.233026,976,0.438455
security risk,discovered,1889.144194,485,0.856890
security situation,discovered,1889.144194,485,0.856890
demand european,discovered,1888.137109,625,0.669882
change energy,discovered,1887.920470,502,0.829752
role global,discovered,1887.785276,513,0.812995
disruption global,discovered,1886.788562,445,0.921325
europe europe,discovered,1886.585591,1222,0.363258
china saw,discovered,1886.216127,734,0.570762
national economy,discovered,1884.863839,666,0.627710
address global,discovered,1884.139991,464,0.888889
especially important,discovered,1883.766214,1236,0.359616
tech manufacturing,discovered,1882.542940,506,0.821429
high uncertainty,discovered,1882.092643,624,0.668810
gas hydrogen,discovered,1881.728843,427,0.948889
supply deficit,discovered,1881.446284,452,0.907631
prices international,discovered,1880.465392,580,0.718711
emerging technology,discovered,1879.833216,807,0.519305
potential disruptions,discovered,1879.150260,531,0.783186
large european,discovered,1878.864790,873,0.482320
outlook china,discovered,1876.514648,615,0.676568
supply north,discovered,1876.009993,427,0.946785
gas situation,discovered,1875.607469,482,0.856128
average tariff,discovered,1875.318829,562,0.739474
232 tariffs,discovered,1874.960521,436,0.931624
europe impact,discovered,1874.666238,662,0.628083
tariff changes,discovered,1874.046695,507,0.816425
especially energy,discovered,1873.559031,678,0.613020
mainly china,discovered,1872.225870,799,0.522222
macroeconomic pressures,discovered,1872.132351,628,0.661053
global capacity,discovered,1871.000184,782,0.532698
global provider,discovered,1870.439023,769,0.541168
government public,discovered,1870.326722,615,0.674342
geopolitical conflicts,discovered,1870.072506,407,0.976019
gas value,discovered,1869.015667,457,0.894325
facilities china,discovered,1868.988128,710,0.584362
uncertainty trade,discovered,1867.662696,408,0.973747
chain global,discovered,1867.563577,449,0.907071
think tariff,discovered,1867.013641,509,0.810510
world important,discovered,1866.675201,610,0.678532
russia india,discovered,1865.116772,695,0.595544
china given,discovered,1864.595849,610,0.677778
international gas,discovered,1864.534943,466,0.877589
protect data,discovered,1864.503743,507,0.812500
security environment,discovered,1864.013466,428,0.940659
canadian sedimentary,discovered,1863.112258,404,0.978208
customers government,discovered,1860.034617,599,0.688506
like global,discovered,1859.984222,880,0.474394
energy climate,discovered,1858.586953,428,0.938596
national government,discovered,1858.558238,650,0.634146
outstripping supply,discovered,1858.330207,483,0.847368
technology product,discovered,1857.781571,1789,0.274724
electric generation,discovered,1856.326455,681,0.604796
term lng,discovered,1856.241573,432,0.931034
services government,discovered,1856.188976,707,0.582852
ensure security,discovered,1855.617209,419,0.952273
energy goals,discovered,1855.221813,454,0.893701
markets middle,discovered,1855.106710,728,0.566096
just oil,discovered,1854.599846,780,0.529532
chain organization,discovered,1854.339121,626,0.656873
gas end,discovered,1854.056263,621,0.662047
situation world,discovered,1853.048803,585,0.702281
oil shale,discovered,1852.398763,550,0.746269
lockdown china,discovered,1850.138816,492,0.829680
supply related,discovered,1849.758723,532,0.769899
northern africa,discovered,1849.449947,537,0.762784
global sourcing,discovered,1847.998410,1409,0.321396
steel markets,discovered,1847.123791,654,0.626437
intelligence data,discovered,1847.071882,590,0.694118
trade deal,discovered,1847.053705,583,0.702410
rising gas,discovered,1846.794868,492,0.828283
china emerging,discovered,1846.765960,685,0.598253
think chinese,discovered,1846.716073,787,0.522924
strong commodity,discovered,1846.370129,745,0.551036
energy landscape,discovered,1845.949987,497,0.820132
supply source,discovered,1845.731959,451,0.894841
energy solution,discovered,1845.132423,630,0.649485
chinese exports,discovered,1842.272176,568,0.718987
social inflation,discovered,1842.031797,869,0.475643
gas needs,discovered,1841.737216,461,0.876426
energy materials,discovered,1841.623501,515,0.791091
power lines,discovered,1841.160570,639,0.639000
china example,discovered,1838.521052,884,0.467478
getting supply,discovered,1837.548170,683,0.597028
produce oil,discovered,1837.150073,547,0.744218
weakness oil,discovered,1836.819144,500,0.811688
particularly oil,discovered,1836.699274,725,0.562888
supply time,discovered,1835.761132,540,0.753138
cloud public,discovered,1834.824239,484,0.835924
looking energy,discovered,1833.825425,562,0.723295
cloud cloud,discovered,1833.690513,758,0.538352
areas supply,discovered,1833.344664,572,0.710559
based gas,discovered,1832.682217,564,0.720307
duty vehicles,discovered,1829.066700,594,0.682759
china today,discovered,1828.543371,858,0.477994
question trade,discovered,1828.500586,514,0.787136
europe time,discovered,1828.321891,815,0.501230
country energy,discovered,1827.826388,408,0.960000
federal agency,discovered,1826.582885,536,0.754930
certain supply,discovered,1826.240536,494,0.816529
aluminum production,discovered,1826.170450,542,0.746556
technology work,discovered,1825.159340,830,0.491998
china sea,discovered,1823.495765,425,0.929978
focus global,discovered,1823.222763,749,0.541576
renewable electricity,discovered,1822.890480,764,0.531293
moving supply,discovered,1822.888027,518,0.778947
bulk trade,discovered,1822.686632,427,0.926247
power capacity,discovered,1821.496939,806,0.504696
enriched uranium,discovered,1821.451627,413,0.949425
new materials,discovered,1820.743508,1069,0.393159
efficiency energy,discovered,1820.565669,473,0.847670
defense contractors,discovered,1819.945687,647,0.623915
energy natural,discovered,1818.576454,539,0.747573
oil transportation,discovered,1818.028854,481,0.833622
impact export,discovered,1817.349303,442,0.898374
government contract,discovered,1816.962340,1130,0.375166
level inflation,discovered,1814.746076,1011,0.410809
terms export,discovered,1814.357372,663,0.607143
scope greenhouse,discovered,1814.263551,470,0.849910
related trade,discovered,1814.139327,611,0.658405
energy plan,discovered,1813.615944,644,0.624636
specifically china,discovered,1813.238234,963,0.428000
geopolitical developments,discovered,1813.108658,410,0.951276
african countries,discovered,1812.943908,702,0.573529
critical energy,discovered,1811.494194,390,0.982368
global data,discovered,1811.435725,748,0.538905
services security,discovered,1811.170192,508,0.788820
electricity costs,discovered,1810.916144,1018,0.407689
federal funding,discovered,1810.220413,905,0.451372
supply perspective,discovered,1809.427958,676,0.594025
solar storage,discovered,1809.190208,651,0.616477
understand supply,discovered,1806.939234,513,0.779635
economic data,discovered,1806.676713,1083,0.386510
bring technology,discovered,1806.582060,831,0.486819
pandemic economic,discovered,1806.091529,518,0.771982
related global,discovered,1804.629284,757,0.530856
industry europe,discovered,1803.474367,725,0.553013
regulatory uncertainty,discovered,1802.913318,772,0.520566
shortage issue,discovered,1802.740698,429,0.914712
view supply,discovered,1802.216503,592,0.675029
government needs,discovered,1801.506976,515,0.774436
potential gas,discovered,1800.573571,419,0.931111
edge data,discovered,1800.145011,621,0.642857
key suppliers,discovered,1799.638188,1120,0.374958
disruptions global,discovered,1798.943379,407,0.950935
related economic,discovered,1797.728880,740,0.540541
significant inflationary,discovered,1795.891435,596,0.668161
north west,discovered,1795.718776,1237,0.346402
decline global,discovered,1795.708814,685,0.581988
disruption customers,discovered,1795.140400,528,0.753210
social economic,discovered,1795.041856,661,0.602552
address climate,discovered,1793.974071,394,0.970443
china specifically,discovered,1793.150583,876,0.460810
american region,discovered,1792.897058,955,0.426911
various economic,discovered,1792.578425,609,0.652733
realized gas,discovered,1791.954979,712,0.559309
economic backdrop,discovered,1791.545844,1314,0.330566
new security,discovered,1791.160837,703,0.566023
nanometer technology,discovered,1790.715275,847,0.474510
china know,discovered,1790.653388,845,0.475521
going oil,discovered,1790.402091,728,0.546957
world seeing,discovered,1789.980058,793,0.504132
gas reduction,discovered,1789.702004,485,0.815126
gas suppliers,discovered,1789.501064,405,0.950704
imported china,discovered,1789.289893,579,0.685207
trade uncertainty,discovered,1788.910344,425,0.915948
carbon steel,discovered,1788.430384,968,0.421053
art technology,discovered,1784.975316,837,0.478286
large energy,discovered,1784.579453,558,0.709022
impacts global,discovered,1783.779864,450,0.870406
ai cloud,discovered,1781.883838,822,0.485529
oil differentials,discovered,1781.532909,575,0.686977
chain customer,discovered,1781.160164,577,0.684460
eastern canada,discovered,1780.338637,1140,0.366559
building supply,discovered,1780.260653,615,0.641962
generation gas,discovered,1780.259152,444,0.879208
development gas,discovered,1779.527065,424,0.913793
course uncertainty,discovered,1777.216122,541,0.728129
support domestic,discovered,1776.102869,467,0.838420
opportunities technology,discovered,1775.946231,649,0.607109
fight climate,discovered,1775.320843,371,0.997312
wholesale electricity,discovered,1775.041649,497,0.790143
particular china,discovered,1773.802033,772,0.512616
emissions intensity,discovered,1773.759494,664,0.592857
chain impacts,discovered,1773.295200,482,0.812816
north sea,discovered,1772.962576,4331,0.175110
ve supply,discovered,1772.412953,545,0.720899
diesel fuel,discovered,1772.135625,1507,0.297885
pandemic continued,discovered,1771.704102,654,0.601103
incremental supply,discovered,1771.202338,646,0.608286
tariffs come,discovered,1770.923431,518,0.757310
obviously oil,discovered,1770.709320,691,0.569193
domestic producers,discovered,1770.611080,544,0.721485
markets globally,discovered,1770.416510,961,0.420017
europe remain,discovered,1770.008401,690,0.569777
higher volatility,discovered,1768.393392,837,0.474221
operational technology,discovered,1768.295641,490,0.798046
investment technology,discovered,1767.195619,1715,0.273394
generation power,discovered,1767.139116,706,0.556344
inside china,discovered,1766.873576,603,0.649784
energy vehicles,discovered,1766.399026,501,0.780374
impact war,discovered,1766.126672,523,0.748212
important supply,discovered,1765.753660,456,0.852336
tight oil,discovered,1765.054034,502,0.778295
ongoing inflationary,discovered,1764.767449,551,0.710052
economy remain,discovered,1764.171844,566,0.691087
european based,discovered,1763.501828,979,0.412037
focused supply,discovered,1762.765006,476,0.817869
investments technology,discovered,1762.318255,2120,0.240991
year china,discovered,1761.823115,1380,0.315284
trade partners,discovered,1761.718650,814,0.484812
states european,discovered,1761.309034,472,0.823735
drive energy,discovered,1760.025953,436,0.884381
believe economic,discovered,1759.587589,732,0.535088
19 virus,discovered,1759.224918,634,0.615534
crude tanker,discovered,1758.157815,577,0.675644
obviously china,discovered,1758.038867,724,0.540299
believe government,discovered,1757.038447,726,0.538576
lockdown measures,discovered,1757.025592,886,0.447927
strong energy,discovered,1756.495732,532,0.731774
amp global,discovered,1755.907538,1061,0.384003
imports europe,discovered,1755.084488,521,0.746418
demand cloud,discovered,1755.033143,662,0.588444
economy consumer,discovered,1754.901410,672,0.579810
provide security,discovered,1754.897183,553,0.703562
facing supply,discovered,1754.786145,407,0.933486
rising global,discovered,1752.694520,412,0.923767
demand middle,discovered,1751.938529,497,0.780220
metal price,discovered,1751.878683,1087,0.375864
china say,discovered,1751.751734,667,0.583042
energy pricing,discovered,1749.437692,556,0.697616
soybean oil,discovered,1748.205707,825,0.475504
fuel power,discovered,1748.085165,623,0.622378
pandemic impact,discovered,1747.480866,1103,0.370756
disruption business,discovered,1746.713261,786,0.496839
air defense,discovered,1746.157992,560,0.691358
general trade,discovered,1745.876101,818,0.478642
macroeconomic concerns,discovered,1745.400252,482,0.800664
cloud technology,discovered,1745.092475,653,0.593097
french government,discovered,1744.871076,824,0.475202
ai technologies,discovered,1744.808695,750,0.518672
export facilities,discovered,1743.722913,483,0.798347
differentiated technology,discovered,1743.413883,924,0.428770
energy environmental,discovered,1742.320008,558,0.692308
states air,discovered,1742.304287,395,0.949519
global regional,discovered,1740.880551,667,0.579496
year energy,discovered,1740.296734,868,0.452319
manufacturing china,discovered,1738.195623,723,0.535159
slowing economy,discovered,1737.950181,1016,0.394563
transition sustainable,discovered,1736.571063,513,0.750000
need supply,discovered,1736.364654,674,0.572156
supply lower,discovered,1734.738038,483,0.794408
energy new,discovered,1734.069431,666,0.578125
supply support,discovered,1734.010035,505,0.760542
macroeconomic issues,discovered,1733.151154,629,0.611273
increased drilling,discovered,1732.858781,720,0.535714
government grants,discovered,1732.527491,887,0.441953
impacted tariffs,discovered,1732.361730,588,0.653333
carbon fuels,discovered,1731.683944,428,0.886128
energy continues,discovered,1731.149953,560,0.685435
transportation security,discovered,1730.910770,395,0.944976
renewable projects,discovered,1729.815078,884,0.442664
provide supply,discovered,1729.530086,432,0.878049
chinese products,discovered,1728.224718,466,0.818981
government imposed,discovered,1728.015288,583,0.657272
states brazil,discovered,1726.747201,522,0.733146
main raw,discovered,1726.048079,500,0.764526
key supplier,discovered,1725.657153,742,0.518519
economy expected,discovered,1725.619838,619,0.618382
china announced,discovered,1725.462789,503,0.759819
world believe,discovered,1725.347560,743,0.517770
integrated security,discovered,1725.034444,506,0.755224
inflation impact,discovered,1724.289366,1136,0.358473
important note,discovered,1724.173334,8994,0.139984
global prices,discovered,1723.759448,577,0.662457
hard brexit,discovered,1722.939713,511,0.747076
coming supply,discovered,1722.906298,625,0.611546
confidence remains,discovered,1722.868807,537,0.711258
korea taiwan,discovered,1721.722813,861,0.451258
security management,discovered,1721.318994,645,0.592287
asia africa,discovered,1721.070909,994,0.398557
energy supplies,discovered,1720.969450,388,0.953317
environment europe,discovered,1720.779341,1079,0.372712
pressure gas,discovered,1719.936385,472,0.805461
comes energy,discovered,1719.763795,496,0.767802
oil wells,discovered,1718.810236,825,0.468218
supply gap,discovered,1717.361812,489,0.777424
cyber defense,discovered,1715.931766,393,0.942446
exports europe,discovered,1715.920470,578,0.658314
industrial power,discovered,1715.098310,665,0.572782
chain standpoint,discovered,1714.572152,522,0.728033
computing power,discovered,1714.470258,895,0.434466
say gas,discovered,1712.397298,518,0.732673
spot gas,discovered,1710.540442,462,0.817699
customs border,discovered,1710.493769,450,0.837989
solar cells,discovered,1710.353827,849,0.454254
security intelligence,discovered,1709.734368,394,0.938095
china outside,discovered,1709.436917,506,0.748521
think export,discovered,1709.370262,509,0.744152
rising input,discovered,1708.416037,756,0.504673
including ai,discovered,1707.001619,662,0.572664
advanced data,discovered,1706.132937,762,0.500328
market economic,discovered,1706.086321,879,0.439500
volatile commodity,discovered,1705.792229,643,0.588828
threat protection,discovered,1705.596879,483,0.781553
power customers,discovered,1704.383288,725,0.523844
high crude,discovered,1703.779830,421,0.886316
sector government,discovered,1703.504194,510,0.740203
obviously global,discovered,1702.976804,583,0.647778
customers confidence,discovered,1702.323281,799,0.477871
carbon black,discovered,1701.648076,1259,0.328463
strengthen supply,discovered,1700.117754,453,0.828154
infrastructure cloud,discovered,1699.567093,610,0.618034
recent covid,discovered,1699.304680,458,0.819320
india brazil,discovered,1699.086767,900,0.428980
chain ve,discovered,1698.622023,723,0.523534
prices global,discovered,1697.922115,454,0.825455
domestically produced,discovered,1697.214587,519,0.724860
steel price,discovered,1696.482460,1284,0.323100
war europe,discovered,1696.043866,406,0.910314
sweet crude,discovered,1696.005938,573,0.656357
talking supply,discovered,1695.359102,532,0.706507
oil plays,discovered,1694.125513,702,0.537108
gas usage,discovered,1693.398354,493,0.760802
energy waste,discovered,1693.377619,791,0.479976
japan earthquake,discovered,1693.179528,581,0.646274
import parity,discovered,1692.947407,589,0.637446
especially oil,discovered,1692.712162,588,0.638436
comes china,discovered,1692.190610,685,0.549318
google cloud,discovered,1691.287889,995,0.392505
europe impacted,discovered,1690.287885,574,0.653015
southeastern united,discovered,1689.773457,535,0.700262
oil refined,discovered,1688.966056,485,0.771065
including power,discovered,1688.788222,587,0.638043
providing energy,discovered,1688.777243,394,0.929245
supply equation,discovered,1688.442695,550,0.680693
capacity gas,discovered,1687.770895,428,0.866397
energy coal,discovered,1687.216541,512,0.730385
demand commodities,discovered,1686.963871,470,0.793919
coal oil,discovered,1686.496324,458,0.813499
american countries,discovered,1685.850943,891,0.429812
areas united,discovered,1685.759619,452,0.823315
texas gulf,discovered,1684.499495,628,0.595261
technology enabled,discovered,1683.547121,1233,0.330918
products world,discovered,1682.835962,960,0.402685
tariffs potential,discovered,1682.390872,376,0.959184
trade tension,discovered,1681.783533,369,0.971053
aluminum industry,discovered,1681.517335,527,0.707383
gas renewables,discovered,1681.463946,466,0.797945
outside north,discovered,1678.888929,2281,0.225886
ai ml,discovered,1677.628449,825,0.458079
global expansion,discovered,1677.248982,1619,0.274314
companies global,discovered,1676.615893,600,0.619835
talk china,discovered,1676.532711,716,0.521866
trade friction,discovered,1676.066355,372,0.963731
states continue,discovered,1675.569421,837,0.451700
petroleum based,discovered,1674.486864,695,0.536265
oil product,discovered,1674.316324,664,0.560338
coal assets,discovered,1672.178308,602,0.616172
overall gas,discovered,1672.030202,454,0.813620
largest oil,discovered,1671.817607,518,0.715470
export duty,discovered,1671.617291,555,0.667870
power delivery,discovered,1671.565686,819,0.459596
face economic,discovered,1669.960386,522,0.709239
demand copper,discovered,1669.727684,464,0.795883
retail energy,discovered,1669.155886,701,0.530257
hydro power,discovered,1669.105746,698,0.532418
effect supply,discovered,1668.257939,456,0.808511
experience supply,discovered,1668.250691,422,0.868313
position supply,discovered,1667.533558,599,0.617526
government projects,discovered,1667.434888,730,0.509777
worldwide economic,discovered,1665.916275,547,0.675309
north texas,discovered,1665.905210,1148,0.346305
environmental social,discovered,1665.023309,1388,0.301936
government level,discovered,1664.828816,586,0.630108
infrastructure world,discovered,1664.728318,480,0.768000
important critical,discovered,1664.578407,568,0.649886
geopolitical concerns,discovered,1664.158223,393,0.920375
believe economy,discovered,1664.100093,719,0.516152
coast gas,discovered,1664.009430,403,0.901566
projects north,discovered,1663.966837,724,0.512748
like security,discovered,1663.199952,592,0.623158
today world,discovered,1662.485729,1242,0.326155
energy solar,discovered,1659.535862,473,0.776683
availability supply,discovered,1659.270276,579,0.635565
oil inventories,discovered,1659.060959,395,0.914352
reduction gas,discovered,1658.834548,433,0.844055
uncertainty believe,discovered,1658.664627,483,0.760630
development renewable,discovered,1658.502559,419,0.869295
tighter supply,discovered,1658.155237,501,0.733529
lot technology,discovered,1657.293982,1294,0.315995
address supply,discovered,1656.914410,452,0.810036
driven government,discovered,1656.774292,598,0.614594
unprecedented global,discovered,1655.327809,420,0.865979
center cloud,discovered,1655.301809,669,0.550164
represents important,discovered,1654.997458,990,0.387172
trade zone,discovered,1654.941570,464,0.789116
source gas,discovered,1654.823954,374,0.951654
uncertainty exists,discovered,1653.811082,544,0.674102
gas higher,discovered,1653.662277,461,0.793460
supply particularly,discovered,1653.472162,467,0.783557
china asian,discovered,1653.122356,509,0.719943
visibility supply,discovered,1652.905604,514,0.712899
europe continue,discovered,1652.286507,1374,0.302443
state energy,discovered,1651.444035,405,0.892070
lot oil,discovered,1651.406514,696,0.528474
post pandemic,discovered,1651.109930,2096,0.234059
given china,discovered,1650.605377,467,0.782245
difficult macro,discovered,1649.072659,745,0.495017
increase defense,discovered,1649.006951,440,0.827068
services global,discovered,1648.837475,731,0.503790
supply customer,discovered,1648.387201,572,0.639106
china national,discovered,1648.197782,538,0.679293
view global,discovered,1647.772201,583,0.626882
getting gas,discovered,1647.611459,492,0.742081
energy situation,discovered,1647.559732,476,0.766506
today global,discovered,1647.505586,661,0.554065
trillion cubic,discovered,1647.361071,567,0.644318
domestic suppliers,discovered,1646.398077,468,0.778702
business country,discovered,1645.641096,859,0.434497
government private,discovered,1645.629168,664,0.551037
uncertainty brexit,discovered,1644.879759,416,0.868476
significant gas,discovered,1644.338534,447,0.812727
euro zone,discovered,1644.080008,801,0.461938
oil export,discovered,1644.046926,380,0.935961
supply especially,discovered,1643.951148,420,0.860656
south central,discovered,1643.162114,1029,0.373096
food energy,discovered,1642.986706,405,0.888158
downstream customers,discovered,1642.932323,502,0.725434
global partners,discovered,1642.021509,772,0.477132
marine energy,discovered,1639.747193,598,0.608342
increased power,discovered,1639.708382,574,0.633554
tariff exposure,discovered,1638.455764,576,0.630887
world markets,discovered,1638.015886,1171,0.336881
china clearly,discovered,1637.831877,538,0.675031
home energy,discovered,1637.320901,513,0.707586
lng gas,discovered,1637.154156,425,0.848303
chain market,discovered,1636.795308,509,0.712885
government national,discovered,1636.329654,397,0.900227
materials products,discovered,1636.194168,556,0.652582
heating oil,discovered,1634.489781,1027,0.372101
resulting covid,discovered,1633.979829,600,0.604230
tariff announcements,discovered,1633.645516,446,0.809437
slowdown chinese,discovered,1633.640786,421,0.853955
away china,discovered,1631.701267,481,0.751563
chain working,discovered,1631.222363,561,0.644828
like japan,discovered,1631.196942,984,0.384525
gas products,discovered,1630.739925,593,0.610082
caused global,discovered,1628.890496,379,0.931204
chain especially,discovered,1628.867133,415,0.862786
tariff structure,discovered,1628.080837,532,0.678571
chain needs,discovered,1627.976845,444,0.810219
materials come,discovered,1627.927012,514,0.702186
gas activities,discovered,1627.009067,493,0.731454
chinese export,discovered,1626.922798,385,0.918854
supply prices,discovered,1626.724893,412,0.867368
gas come,discovered,1625.635458,499,0.722142
chinese manufacturers,discovered,1625.490469,665,0.543745
international defense,discovered,1625.464577,442,0.812500
power transmission,discovered,1624.668183,1208,0.327283
years covid,discovered,1623.379102,845,0.435567
agricultural products,discovered,1623.285296,748,0.486030
support federal,discovered,1623.244259,397,0.894144
solar generation,discovered,1621.765074,616,0.584440
security agency,discovered,1621.708984,347,0.985795
asia market,discovered,1620.160138,856,0.429935
prices power,discovered,1618.979983,461,0.777403
heightened uncertainty,discovered,1617.682040,462,0.775168
improving energy,discovered,1617.352382,438,0.815642
countries regions,discovered,1616.639397,942,0.395632
opportunities global,discovered,1616.492010,716,0.504225
future gas,discovered,1615.631350,421,0.845382
growing supply,discovered,1615.499386,519,0.690160
american companies,discovered,1615.424558,608,0.589719
materials need,discovered,1614.634280,514,0.696477
supply world,discovered,1614.446185,405,0.874730
gas facilities,discovered,1614.401181,454,0.786828
sectors economy,discovered,1614.357386,767,0.472582
reliable supplier,discovered,1613.582369,533,0.671285
higher electricity,discovered,1612.477666,685,0.524502
power water,discovered,1611.716785,557,0.641705
areas energy,discovered,1611.254598,465,0.767327
tensions china,discovered,1610.553232,334,1.000000
technology market,discovered,1610.124102,1480,0.282983
defense electronics,discovered,1609.910579,820,0.443963
government market,discovered,1608.221834,783,0.462220
business sentiment,discovered,1608.185857,547,0.651967
chain raw,discovered,1606.540618,372,0.934673
coal trade,discovered,1605.989457,373,0.932500
disrupted supply,discovered,1605.062930,375,0.928218
believe energy,discovered,1604.958124,486,0.731928
technology bring,discovered,1604.930269,713,0.502821
supply higher,discovered,1604.367791,455,0.780446
war iraq,discovered,1603.894448,659,0.541495
security programs,discovered,1603.622174,354,0.967213
mobile security,discovered,1603.593142,671,0.532117
supply increasing,discovered,1603.374786,444,0.798561
economic forum,discovered,1602.770918,479,0.741486
capitalize emerging,discovered,1602.175770,545,0.651914
battery technology,discovered,1602.048590,797,0.453356
gas condensate,discovered,1601.844280,744,0.482490
demand solar,discovered,1601.692935,540,0.657734
disruption market,discovered,1601.513750,633,0.562167
business federal,discovered,1600.304772,473,0.749604
changes economic,discovered,1599.669918,693,0.514859
provide power,discovered,1599.448861,532,0.666667
technology industry,discovered,1598.958257,992,0.375900
chinese production,discovered,1598.796216,488,0.726190
projects china,discovered,1598.596514,697,0.511747
activity middle,discovered,1598.478448,546,0.649227
imported coal,discovered,1598.412091,693,0.514477
trade trade,discovered,1597.102486,698,0.510607
china seen,discovered,1596.327161,572,0.619048
lot trade,discovered,1596.210784,554,0.638985
flexible supply,discovered,1595.898478,411,0.854470
technologies deliver,discovered,1595.893231,485,0.729323
headwinds supply,discovered,1595.152872,418,0.841046
enterprise cloud,discovered,1594.713382,876,0.415757
addition supply,discovered,1594.233516,452,0.780656
budget constraints,discovered,1594.088570,722,0.493844
countries region,discovered,1594.083838,823,0.438699
platform technology,discovered,1593.692780,1276,0.310462
china increasing,discovered,1593.486198,472,0.748019
transportation fuel,discovered,1593.380314,608,0.581818
energy value,discovered,1592.028709,480,0.735069
lower electricity,discovered,1591.697656,537,0.657283
growth security,discovered,1591.686118,671,0.528346
government working,discovered,1591.591937,588,0.600613
seeing oil,discovered,1591.451467,528,0.668354
critical mineral,discovered,1591.421805,344,0.980057
performance security,discovered,1591.416123,563,0.626949
renewable portfolio,discovered,1590.269713,668,0.530159
countries especially,discovered,1589.430468,677,0.523184
energy intensity,discovered,1589.284450,484,0.727820
impacted macroeconomic,discovered,1588.642002,442,0.794964
reduction greenhouse,discovered,1588.559945,478,0.736518
renewable diesel,discovered,1587.790976,1362,0.296151
increased domestic,discovered,1587.554172,624,0.565217
face supply,discovered,1587.387774,405,0.861702
operations north,discovered,1586.894363,772,0.462552
domestic economic,discovered,1586.874542,420,0.833333
supplier choice,discovered,1585.793164,649,0.543551
capabilities supply,discovered,1585.526972,444,0.790036
government regarding,discovered,1585.361570,479,0.733538
energy project,discovered,1584.927465,802,0.446548
customers power,discovered,1584.712144,543,0.647199
china slowing,discovered,1582.945769,452,0.775300
continued macroeconomic,discovered,1582.908748,479,0.732416
north korea,discovered,1582.731175,416,0.838710
foreign military,discovered,1582.724127,655,0.537767
forms energy,discovered,1582.601447,390,0.888383
uncertainty china,discovered,1582.582787,368,0.931646
china don,discovered,1582.364364,683,0.516641
supply impact,discovered,1581.882333,465,0.753647
security companies,discovered,1581.718981,460,0.761589
ample supply,discovered,1581.496077,581,0.603950
global events,discovered,1581.438620,529,0.662907
sales gas,discovered,1580.285156,602,0.582769
support economy,discovered,1580.153705,452,0.773973
global trend,discovered,1579.629043,653,0.538335
coal mines,discovered,1579.014868,824,0.434599
china big,discovered,1578.416977,837,0.428571
supply short,discovered,1578.340487,403,0.861111
trade dynamics,discovered,1578.340487,403,0.861111
important contribution,discovered,1577.078236,827,0.432758
higher tariff,discovered,1576.843468,550,0.635838
supply remain,discovered,1576.192543,383,0.899061
gas use,discovered,1575.844624,451,0.773585
critical supply,discovered,1575.768374,374,0.916667
solar battery,discovered,1574.909212,556,0.628249
tariffs going,discovered,1574.754088,664,0.528242
security security,discovered,1574.018333,471,0.740566
chinese supply,discovered,1573.741012,365,0.933504
government incentives,discovered,1573.283159,655,0.534694
far gas,discovered,1572.611831,447,0.778746
uncertain world,discovered,1572.199783,546,0.638596
pipeline opportunities,discovered,1572.133378,2584,0.205946
global impact,discovered,1571.918543,552,0.631579
chain distribution,discovered,1571.637622,551,0.632606
help supply,discovered,1571.342983,482,0.722639
trade related,discovered,1569.922194,581,0.599587
know energy,discovered,1569.894709,562,0.619625
continuing supply,discovered,1569.726004,515,0.675853
generation supply,discovered,1568.802967,559,0.622494
europe continues,discovered,1568.266090,1125,0.336022
east australia,discovered,1567.841679,458,0.758278
tariffs business,discovered,1566.614665,391,0.878652
chain resiliency,discovered,1566.236468,354,0.951613
tariffs implemented,discovered,1565.194939,458,0.757025
gold copper,discovered,1565.111626,789,0.448041
mining energy,discovered,1565.054510,496,0.699577
effective supply,discovered,1564.806231,451,0.768313
security standards,discovered,1564.126904,356,0.946809
northwest europe,discovered,1564.066514,487,0.711988
ongoing macro,discovered,1564.047464,471,0.735938
singapore hong,discovered,1563.669594,627,0.554377
market power,discovered,1563.627397,873,0.410052
border protection,discovered,1563.577020,420,0.821918
water power,discovered,1562.766912,490,0.707071
oil industry,discovered,1562.482950,882,0.406264
net importer,discovered,1562.464575,556,0.623318
global domestic,discovered,1561.988585,492,0.703863
services energy,discovered,1561.216427,580,0.597322
global focus,discovered,1560.893127,441,0.783304
demand united,discovered,1560.168138,473,0.731066
rates supply,discovered,1560.103740,386,0.885321
global shortage,discovered,1559.839495,393,0.871397
macro outlook,discovered,1558.848692,868,0.410985
impacted macro,discovered,1557.387499,521,0.662850
supply concerns,discovered,1557.298301,395,0.866228
materials technologies,discovered,1557.085747,446,0.772964
fertilizer prices,discovered,1556.554229,627,0.551937
pace economic,discovered,1555.141633,550,0.627138
actually supply,discovered,1555.012348,571,0.604233
uncertainty particularly,discovered,1554.496654,401,0.853191
lng markets,discovered,1553.551770,417,0.822485
energy resource,discovered,1551.206725,485,0.709064
growth trade,discovered,1550.799851,610,0.564815
macroeconomic climate,discovered,1550.624913,547,0.628736
defined data,discovered,1550.440166,396,0.860870
uncertainty seeing,discovered,1549.527810,458,0.749591
situation country,discovered,1548.409755,674,0.512548
supply driven,discovered,1548.389916,651,0.529699
market countries,discovered,1548.119535,637,0.540747
mentioned energy,discovered,1547.931940,544,0.631090
significant global,discovered,1547.220390,700,0.494350
secure data,discovered,1547.161011,455,0.753311
sustainable supply,discovered,1546.857175,391,0.868889
america australia,discovered,1546.609753,782,0.446857
recycled material,discovered,1545.809400,558,0.614537
supplier customers,discovered,1545.726272,569,0.602754
lng infrastructure,discovered,1544.370554,387,0.875566
uncertainty continued,discovered,1544.026209,363,0.923664
innovative technology,discovered,1543.634687,1208,0.315487
strength oil,discovered,1542.383163,440,0.776014
gas sectors,discovered,1541.438748,415,0.820158
want supply,discovered,1541.038873,456,0.748768
demand international,discovered,1540.897426,686,0.501829
macroeconomic indicators,discovered,1540.844491,625,0.548246
export products,discovered,1539.319130,512,0.666667
supply second,discovered,1539.280148,458,0.744715
issue china,discovered,1538.814997,465,0.733438
customers technology,discovered,1538.482327,815,0.428947
demand government,discovered,1538.048094,501,0.680707
outlook north,discovered,1537.917510,589,0.579724
gulf region,discovered,1537.642556,639,0.535624
government efforts,discovered,1537.428462,417,0.814453
maintain supply,discovered,1537.114223,388,0.869955
conventional energy,discovered,1537.071049,464,0.734177
key technologies,discovered,1536.512803,667,0.513867
country think,discovered,1536.225303,805,0.433029
steel exports,discovered,1535.855027,386,0.873303
federal sector,discovered,1535.690945,562,0.606257
china growing,discovered,1535.584092,889,0.397763
weak economy,discovered,1535.552518,1159,0.323743
provide global,discovered,1535.434541,516,0.659847
materials especially,discovered,1534.732017,449,0.757167
economy including,discovered,1534.665365,412,0.822355
gas renewable,discovered,1533.924770,389,0.866370
force protection,discovered,1533.919701,465,0.731132
used oil,discovered,1533.803672,648,0.527258
flexibility supply,discovered,1533.434480,434,0.781982
china point,discovered,1533.344556,508,0.669302
gas exposure,discovered,1532.494184,648,0.526829
crude supply,discovered,1532.001467,429,0.790055
supply quarter,discovered,1531.870529,561,0.605832
chain think,discovered,1531.773058,704,0.487197
data warehouse,discovered,1531.297656,968,0.370314
global situation,discovered,1531.286789,556,0.610989
power density,discovered,1530.873991,689,0.496756
mainly supply,discovered,1530.101780,389,0.864444
green shoots,discovered,1529.886800,2172,0.220911
recent trade,discovered,1529.363029,413,0.817822
uncertainty business,discovered,1528.750912,540,0.627907
asia north,discovered,1528.714476,989,0.363603
seen gas,discovered,1527.776547,443,0.763793
investor sentiment,discovered,1527.403886,729,0.470626
elevated rates,discovered,1527.336924,598,0.567362
european economic,discovered,1525.084027,443,0.762478
logistics network,discovered,1523.932663,910,0.387729
nuclear regulatory,discovered,1523.614451,435,0.775401
recovery pandemic,discovered,1523.096703,617,0.548932
demand coal,discovered,1522.744910,552,0.611973
energy complex,discovered,1522.604544,420,0.801527
year uncertainty,discovered,1521.474864,615,0.550089
facilities united,discovered,1520.312478,445,0.756803
tariffs coming,discovered,1520.312478,445,0.756803
reduced supply,discovered,1520.197443,541,0.623272
mentioned global,discovered,1520.123655,578,0.583838
inflation continued,discovered,1519.865252,613,0.551259
domestic export,discovered,1519.755775,998,0.359381
technology leading,discovered,1519.188458,599,0.563500
largest economy,discovered,1519.125044,571,0.590486
needs global,discovered,1518.912491,462,0.728707
just trade,discovered,1518.556810,546,0.616949
place world,discovered,1518.106995,717,0.475149
technology core,discovered,1517.838587,624,0.541197
china overall,discovered,1516.543634,607,0.555352
india southeast,discovered,1516.334624,593,0.568008
affected covid,discovered,1516.298886,1171,0.318466
technology offerings,discovered,1515.463987,728,0.467866
anticipate supply,discovered,1515.349273,364,0.907731
higher material,discovered,1515.226216,1287,0.298124
stability supply,discovered,1514.838501,377,0.880841
including canada,discovered,1514.717981,655,0.515748
entire global,discovered,1514.245244,623,0.540799
learning artificial,discovered,1513.905285,452,0.742200
political turmoil,discovered,1513.668863,477,0.703540
global portfolio,discovered,1513.478791,950,0.372403
presented covid,discovered,1513.267133,505,0.664474
steel association,discovered,1513.170824,428,0.782450
including russia,discovered,1512.331118,481,0.697101
chain make,discovered,1512.303536,517,0.648683
tariff trade,discovered,1512.288442,329,0.976261
energy mining,discovered,1512.121022,551,0.608840
remains important,discovered,1511.142507,1627,0.256706
supply region,discovered,1510.908103,365,0.903465
clean coal,discovered,1510.795447,573,0.585291
europe southeast,discovered,1510.572787,447,0.748744
important global,discovered,1510.369737,595,0.563981
improving global,discovered,1510.251741,516,0.649057
duke energy,discovered,1510.142456,791,0.433187
growth middle,discovered,1510.103033,905,0.386587
digital solutions,discovered,1509.389409,1863,0.237628
bid pipeline,discovered,1508.735162,776,0.440159
canada china,discovered,1508.672702,487,0.686883
changes trade,discovered,1508.535850,441,0.757732
gas revenues,discovered,1508.019181,711,0.475904
supply electricity,discovered,1507.727316,370,0.891566
company united,discovered,1507.062987,621,0.540000
minerals business,discovered,1506.707447,596,0.561734
production constraints,discovered,1506.670410,557,0.600216
east far,discovered,1504.800247,418,0.796190
semiconductor chips,discovered,1504.780131,437,0.762653
spot lng,discovered,1504.661271,445,0.749158
china time,discovered,1504.436889,613,0.545859
cloud hybrid,discovered,1503.507487,494,0.674863
pressure global,discovered,1503.471096,399,0.831250
trade conflict,discovered,1502.915157,330,0.970588
american centrifuge,discovered,1502.501590,524,0.635922
growth defense,discovered,1501.521186,627,0.533163
states federal,discovered,1501.168156,482,0.690544
uncertainty associated,discovered,1500.340577,640,0.522449
cloud environment,discovered,1500.265559,818,0.418414
supply area,discovered,1500.167299,402,0.823770
uncertainty marketplace,discovered,1500.049520,616,0.541777
europe largest,discovered,1499.369948,818,0.418200
strong gas,discovered,1499.002659,440,0.754717
pandemic continue,discovered,1498.949128,779,0.436170
midstream downstream,discovered,1498.938218,569,0.584789
focus security,discovered,1498.909151,435,0.763158
trade china,discovered,1497.053545,362,0.902743
rare metals,discovered,1496.948144,380,0.865604
certainly supply,discovered,1496.771221,459,0.722835
increase coal,discovered,1496.713534,543,0.611486
gas customer,discovered,1496.174711,443,0.748311
china lockdown,discovered,1496.069831,416,0.795411
given gas,discovered,1495.853528,424,0.780847
gas lower,discovered,1495.288454,444,0.746218
company china,discovered,1495.166259,761,0.444250
lng facility,discovered,1493.671935,573,0.578788
believe world,discovered,1493.419048,730,0.460568
significant technology,discovered,1491.938477,631,0.526711
blue hydrogen,discovered,1490.575333,584,0.566990
concerns economic,discovered,1490.130380,368,0.886747
renewables energy,discovered,1490.017254,418,0.788679
states going,discovered,1489.758025,913,0.379626
price electricity,discovered,1489.722887,607,0.545863
transition renewable,discovered,1489.549723,330,0.964912
opec plus,discovered,1489.549723,330,0.964912
various supply,discovered,1489.354274,380,0.861678
east latin,discovered,1488.953426,632,0.524917
pipeline storage,discovered,1488.688315,577,0.572989
months supply,discovered,1488.141409,685,0.486506
power technology,discovered,1487.933932,690,0.483193
global crude,discovered,1487.882838,378,0.864989
current volatility,discovered,1487.868712,534,0.618056
multimillion dollar,discovered,1487.527864,1205,0.307948
did supply,discovered,1487.172100,431,0.764184
security teams,discovered,1486.933380,439,0.750427
brazil mexico,discovered,1486.884879,1233,0.303023
security surveillance,discovered,1486.783477,479,0.688218
industry energy,discovered,1486.630968,456,0.722662
gas export,discovered,1486.246650,411,0.799611
downstream demand,discovered,1483.960788,434,0.757417
primary aluminum,discovered,1483.676678,544,0.605117
disruption covid,discovered,1483.342459,513,0.641250
tariff regime,discovered,1482.521127,385,0.848018
customer data,discovered,1482.309892,1392,0.279126
supply pricing,discovered,1481.876956,452,0.726688
supply able,discovered,1481.831222,466,0.704992
supply lng,discovered,1481.569729,331,0.959420
environment covid,discovered,1479.914928,566,0.580513
dual fuel,discovered,1479.686444,981,0.356727
chain business,discovered,1479.143163,1021,0.345867
demand defense,discovered,1478.418656,416,0.786389
supply service,discovered,1478.418361,443,0.739566
recent geopolitical,discovered,1477.945913,317,0.984472
gas compression,discovered,1477.944064,596,0.551341
defense strategy,discovered,1477.880378,394,0.827731
coal industry,discovered,1477.730132,565,0.580678
chain solution,discovered,1477.720714,435,0.752595
need security,discovered,1477.228674,421,0.776753
volatile global,discovered,1477.138560,399,0.817623
logistics costs,discovered,1476.890902,1663,0.250113
migration cloud,discovered,1476.317428,552,0.593548
suppliers able,discovered,1475.847846,562,0.582988
green low,discovered,1475.553331,336,0.946479
aluminum products,discovered,1475.119243,517,0.632803
like cloud,discovered,1474.981480,656,0.502297
government focused,discovered,1474.077757,415,0.785985
increasing oil,discovered,1473.855770,458,0.713396
security perspective,discovered,1473.643315,354,0.907692
caused supply,discovered,1473.624536,352,0.911917
chain capability,discovered,1473.478748,424,0.769510
material science,discovered,1473.458422,790,0.424503
emissions reductions,discovered,1473.208779,493,0.662634
water gas,discovered,1473.186037,492,0.663968
conflict middle,discovered,1471.909404,314,0.987421
key european,discovered,1470.639960,705,0.468750
supply terms,discovered,1470.400805,504,0.646983
recent global,discovered,1470.244130,461,0.707055
technology security,discovered,1469.743148,368,0.876190
uncertainty consumer,discovered,1469.181276,423,0.769091
current uncertainty,discovered,1468.595357,617,0.530069
challenges pandemic,discovered,1468.440629,646,0.507463
technology global,discovered,1468.206317,549,0.593514
chain getting,discovered,1467.882465,478,0.680912
security going,discovered,1467.323462,420,0.773481
materials finished,discovered,1467.123422,558,0.583682
export quotas,discovered,1467.089809,307,0.996753
technology ability,discovered,1466.681871,664,0.494048
changing global,discovered,1466.333637,398,0.813906
macro volatility,discovered,1466.138475,501,0.648964
positioned supply,discovered,1465.936105,386,0.837310
regional economic,discovered,1465.460198,481,0.675562
gas systems,discovered,1465.329380,507,0.640961
cost country,discovered,1464.938633,659,0.496983
china able,discovered,1464.879244,573,0.567889
experiencing supply,discovered,1464.814385,346,0.920213
chain improvements,discovered,1464.569611,632,0.516762
risk trade,discovered,1464.347964,351,0.909326
european asian,discovered,1463.979971,784,0.424932
energy going,discovered,1463.940578,767,0.433089
higher domestic,discovered,1463.523990,709,0.464309
geo political,discovered,1461.887496,340,0.931507
seen global,discovered,1461.781876,549,0.590958
semiconductor space,discovered,1461.280495,482,0.672245
question tariff,discovered,1461.236916,388,0.830835
energy wind,discovered,1461.061266,412,0.784762
say technology,discovered,1460.494732,633,0.514634
china tariff,discovered,1459.445782,383,0.839912
closely suppliers,discovered,1459.336741,602,0.539427
materials particularly,discovered,1459.264855,450,0.718850
power price,discovered,1459.261848,1119,0.320080
national gas,discovered,1459.016181,363,0.881068
currently supply,discovered,1458.990349,389,0.827660
seeing raw,discovered,1458.869439,534,0.606129
businesses world,discovered,1458.741418,841,0.399146
east continue,discovered,1458.383050,428,0.754850
europe particularly,discovered,1457.818930,1112,0.321294
expand global,discovered,1457.318226,1094,0.325015
australia middle,discovered,1456.888133,398,0.808943
metals business,discovered,1456.365872,818,0.407980
important new,discovered,1456.110826,2158,0.216276
impact european,discovered,1456.085027,665,0.490052
using gas,discovered,1455.141332,421,0.765455
risk global,discovered,1455.134240,350,0.906736
political risks,discovered,1455.134240,350,0.906736
key supply,discovered,1454.655722,378,0.847534
need technology,discovered,1454.435695,687,0.475104
international government,discovered,1453.532996,476,0.677098
clean technology,discovered,1453.225875,444,0.725490
risk uncertainty,discovered,1452.895009,467,0.689808
far supply,discovered,1452.686992,535,0.602477
government federal,discovered,1452.660711,460,0.700152
natural extension,discovered,1450.728594,906,0.373917
northern europe,discovered,1450.681806,1905,0.229906
american light,discovered,1450.650637,523,0.615294
application technology,discovered,1450.625564,707,0.461790
evolving global,discovered,1450.263780,390,0.821053
fuel sources,discovered,1450.104702,387,0.826923
industry global,discovered,1450.062708,548,0.587353
states postal,discovered,1449.506886,367,0.867612
demand sustainable,discovered,1447.522918,561,0.573034
china steel,discovered,1447.057644,421,0.761302
technologies provide,discovered,1446.355342,598,0.538254
energy density,discovered,1446.235639,749,0.437500
currency markets,discovered,1446.147106,588,0.546977
operations china,discovered,1445.975863,825,0.402635
perimeter security,discovered,1445.795489,415,0.771375
lithium hydroxide,discovered,1445.549381,628,0.513491
going gas,discovered,1445.083285,564,0.569122
supply imbalance,discovered,1444.664823,388,0.822034
terms government,discovered,1444.540349,726,0.449257
products united,discovered,1444.453109,623,0.517012
reliability supply,discovered,1444.386298,421,0.759928
major technology,discovered,1444.158505,609,0.528187
semiconductor related,discovered,1443.872358,519,0.617122
supplier partners,discovered,1442.907410,811,0.407743
especially gas,discovered,1442.826913,431,0.741824
question oil,discovered,1442.772943,597,0.537838
oil energy,discovered,1442.554629,457,0.699847
especially united,discovered,1442.073092,653,0.493949
produce gas,discovered,1441.726379,421,0.758559
times economic,discovered,1441.488415,561,0.570702
economic performance,discovered,1440.082743,946,0.359286
pricing volatility,discovered,1439.327912,448,0.712242
level government,discovered,1439.199150,511,0.624694
tariff war,discovered,1439.081496,318,0.966565
feedstock supply,discovered,1438.476765,372,0.851259
uncertainty geopolitical,discovered,1438.469754,312,0.978056
worldwide supply,discovered,1438.464801,362,0.872289
new environmental,discovered,1438.448401,536,0.595556
availability raw,discovered,1438.246430,522,0.611241
supply strong,discovered,1438.031009,434,0.734349
energy policies,discovered,1437.856106,361,0.874092
asia latin,discovered,1437.667854,1311,0.284443
europe high,discovered,1437.649294,678,0.475789
including data,discovered,1437.495497,849,0.391244
gas midstream,discovered,1437.181590,443,0.719156
today supply,discovered,1437.177904,475,0.670904
control data,discovered,1436.487790,576,0.554379
supply team,discovered,1436.291569,433,0.735144
edge cloud,discovered,1436.260433,572,0.558049
years global,discovered,1435.872745,584,0.546816
supply limited,discovered,1434.897743,495,0.642857
meters gas,discovered,1434.553187,362,0.870192
technology stack,discovered,1433.669949,1058,0.329082
security critical,discovered,1433.381739,300,0.996678
pandemic created,discovered,1433.236314,496,0.640827
impacted pandemic,discovered,1432.883660,1127,0.314365
oem supply,discovered,1431.910352,515,0.616766
say oil,discovered,1431.787371,579,0.549858
chain procurement,discovered,1431.456740,469,0.676768
increased trade,discovered,1430.654678,547,0.580679
mining metals,discovered,1430.347778,431,0.735495
continued covid,discovered,1429.706702,518,0.612293
chain security,discovered,1428.742401,305,0.987055
greater energy,discovered,1428.709959,334,0.927778
chain actually,discovered,1428.338805,442,0.716370
europe increased,discovered,1428.071547,1009,0.339845
day crude,discovered,1427.319721,539,0.587786
canadian natural,discovered,1427.212977,544,0.582441
high supply,discovered,1427.084682,474,0.667606
energy requirements,discovered,1426.140796,430,0.735043
investment oil,discovered,1425.505310,409,0.771698
discussions government,discovered,1425.456864,766,0.423673
sort trade,discovered,1425.271517,469,0.673851
supply pipeline,discovered,1425.235523,439,0.719672
clean hydrogen,discovered,1425.112877,472,0.669504
gas grid,discovered,1424.914372,385,0.817410
materials increased,discovered,1423.576878,598,0.530142
gas remains,discovered,1423.009109,362,0.863962
china strategy,discovered,1422.940097,547,0.577614
regarding tariff,discovered,1422.487222,355,0.878713
driven oil,discovered,1421.980573,538,0.586696
gas particularly,discovered,1421.968421,354,0.880597
technologies developed,discovered,1421.805289,535,0.589857
continued macro,discovered,1421.556639,410,0.767790
ore supply,discovered,1421.477039,353,0.882500
environment oil,discovered,1421.418813,415,0.758684
amp energy,discovered,1421.211014,728,0.441748
conventional power,discovered,1421.072061,438,0.719212
outpace supply,discovered,1420.846072,421,0.747780
growing pipeline,discovered,1420.515001,1316,0.281558
recovery domestic,discovered,1420.327437,516,0.610651
exposure energy,discovered,1420.170484,507,0.621324
emissions energy,discovered,1419.981835,318,0.957831
efficient energy,discovered,1419.665146,407,0.772296
maybe china,discovered,1418.789736,508,0.619512
agreement supply,discovered,1418.134518,406,0.773333
supply bottlenecks,discovered,1418.008410,339,0.911290
enhance supply,discovered,1417.401051,353,0.880299
like ai,discovered,1417.363018,700,0.456323
downstream oil,discovered,1417.362261,453,0.693721
just energy,discovered,1417.216594,792,0.409726
carbon prices,discovered,1417.031664,447,0.702830
distributed power,discovered,1416.890260,532,0.591111
business security,discovered,1416.679826,448,0.701095
energy investments,discovered,1416.302902,633,0.500000
upcoming election,discovered,1415.702739,408,0.768362
particularly gas,discovered,1415.165183,467,0.671942
unconventional oil,discovered,1414.268356,369,0.844394
uncertainty overall,discovered,1413.926684,412,0.760148
working government,discovered,1413.192139,816,0.398632
brazil china,discovered,1412.856220,868,0.378874
russia war,discovered,1412.582910,305,0.980707
demand security,discovered,1412.535985,416,0.752260
development oil,discovered,1412.059253,433,0.722871
economic market,discovered,1411.999006,788,0.410203
materials market,discovered,1411.420733,515,0.608028
supply end,discovered,1411.152189,518,0.604434
security architecture,discovered,1410.551517,355,0.872236
growth lng,discovered,1410.452329,381,0.817597
strengthening global,discovered,1409.316478,476,0.656552
commercial nuclear,discovered,1409.266463,402,0.776062
customers asia,discovered,1409.245661,740,0.432243
china production,discovered,1409.227217,577,0.543315
wind projects,discovered,1409.020274,1065,0.323413
prices world,discovered,1408.141380,421,0.741197
reduced carbon,discovered,1407.886922,432,0.722408
government taking,discovered,1407.873260,545,0.573684
increasing inflation,discovered,1407.781804,458,0.681548
electricity business,discovered,1407.096206,526,0.593679
china driven,discovered,1407.068603,471,0.662447
period supply,discovered,1406.764105,375,0.827815
china moving,discovered,1406.555528,453,0.688450
power applications,discovered,1406.480234,627,0.501199
especially supply,discovered,1406.222693,440,0.708535
defense contractor,discovered,1406.155913,497,0.627525
kong business,discovered,1405.032573,467,0.667143
lower economic,discovered,1404.572483,557,0.560362
uncertainty near,discovered,1404.182953,386,0.804167
disruptions continue,discovered,1404.182953,386,0.804167
countries need,discovered,1403.140002,463,0.671988
100 renewable,discovered,1402.868731,636,0.493406
security spending,discovered,1402.661444,324,0.936416
operations united,discovered,1402.590084,497,0.625945
security need,discovered,1402.489852,313,0.960123
states countries,discovered,1401.398996,459,0.676991
electricity sector,discovered,1399.544797,457,0.679049
potential global,discovered,1399.521965,537,0.578664
used power,discovered,1399.171948,461,0.672993
trade situation,discovered,1399.134152,389,0.795501
available supply,discovered,1399.094213,615,0.507845
industry north,discovered,1398.257088,530,0.585635
mainly europe,discovered,1397.968105,853,0.380974
consumption energy,discovered,1397.942465,433,0.715702
supply strategy,discovered,1397.743232,381,0.810638
obviously trade,discovered,1397.196951,413,0.749546
pandemic caused,discovered,1397.029769,467,0.663352
security reasons,discovered,1396.862079,344,0.888889
supply like,discovered,1396.639192,431,0.718333
chain ensure,discovered,1396.608174,357,0.860241
oil processing,discovered,1396.048280,424,0.729776
supply trading,discovered,1395.815953,404,0.765152
components supply,discovered,1395.688859,421,0.734729
new suppliers,discovered,1395.126040,796,0.402630
global equity,discovered,1394.836964,1059,0.322374
supply given,discovered,1394.098181,383,0.804622
electric hybrid,discovered,1393.950819,567,0.546770
commercial defense,discovered,1393.710946,525,0.589226
regarding economic,discovered,1393.073494,393,0.784431
environment inflation,discovered,1392.302394,478,0.645946
gas transport,discovered,1392.081710,379,0.811563
reliability security,discovered,1392.015537,398,0.774319
gas increased,discovered,1391.970360,436,0.707792
business economic,discovered,1391.580325,777,0.410026
supply expect,discovered,1391.470293,472,0.653740
additional energy,discovered,1390.814959,439,0.702400
100 barrel,discovered,1390.537026,687,0.456175
data systems,discovered,1390.074182,730,0.432208
general supply,discovered,1389.711438,382,0.804211
cubic meter,discovered,1388.934913,1078,0.317339
china lower,discovered,1388.782982,577,0.535747
climate risk,discovered,1388.761133,446,0.690402
secretary defense,discovered,1387.317346,341,0.890339
security team,discovered,1387.313955,389,0.789047
public security,discovered,1385.836241,390,0.786290
global landscape,discovered,1385.184235,376,0.813853
crude rail,discovered,1385.138806,743,0.424329
nitrogen fertilizer,discovered,1385.127477,466,0.659123
term disruptions,discovered,1384.917142,444,0.691589
energy contracts,discovered,1384.784522,566,0.544231
digital twin,discovered,1384.646539,739,0.426182
growing oil,discovered,1384.482546,387,0.791411
gas network,discovered,1384.092280,400,0.766284
largest solar,discovered,1383.317235,435,0.705024
view oil,discovered,1383.164213,394,0.777120
opportunities middle,discovered,1382.842604,491,0.624682
volatility supply,discovered,1382.726457,358,0.850356
products global,discovered,1382.113936,763,0.413999
power renewable,discovered,1382.019236,376,0.812095
looking oil,discovered,1381.741259,481,0.637086
driven gas,discovered,1381.664261,393,0.778218
seeing global,discovered,1381.660410,605,0.509688
broad economic,discovered,1381.639001,424,0.722317
supply parts,discovered,1381.333760,417,0.734155
world looking,discovered,1380.902707,704,0.443604
announced tariffs,discovered,1380.774663,375,0.813449
shift supply,discovered,1380.116277,369,0.825503
countries european,discovered,1379.776100,404,0.756554
chinese authorities,discovered,1378.625864,489,0.625320
war fighter,discovered,1378.322589,378,0.805970
times supply,discovered,1378.233292,398,0.766859
china affected,discovered,1377.476150,346,0.873737
economic cycle,discovered,1377.013159,1694,0.238055
companies government,discovered,1376.994461,441,0.692308
service supply,discovered,1376.265867,514,0.594220
materials coming,discovered,1376.198708,564,0.542830
chain systems,discovered,1376.168327,405,0.752788
customers worldwide,discovered,1375.818813,965,0.341714
energy initiatives,discovered,1375.754589,418,0.729494
chain interruptions,discovered,1374.524829,318,0.935294
supply existing,discovered,1374.396823,413,0.737500
coming europe,discovered,1374.201102,1205,0.291838
china major,discovered,1374.154331,568,0.538389
gas margins,discovered,1374.131722,620,0.495604
level energy,discovered,1372.975038,522,0.583893
gas just,discovered,1372.895617,636,0.483650
supply components,discovered,1372.882373,482,0.631717
increase imports,discovered,1372.056993,470,0.647383
europe believe,discovered,1371.864826,695,0.446085
value supply,discovered,1371.731533,430,0.707237
war situation,discovered,1371.666770,328,0.911111
solar module,discovered,1371.658336,621,0.494033
china local,discovered,1371.326287,501,0.607273
moving energy,discovered,1371.141752,462,0.658120
trade payables,discovered,1370.995503,1344,0.271680
supply needed,discovered,1370.714261,341,0.881137
applications data,discovered,1370.463955,583,0.523810
decarbonization energy,discovered,1370.031527,289,0.993127
capabilities cloud,discovered,1369.130608,421,0.720890
gas high,discovered,1368.527222,397,0.763462
uncertainty demand,discovered,1367.436499,398,0.760994
volatility driven,discovered,1367.029662,385,0.785714
russian market,discovered,1366.617787,1148,0.300366
look macro,discovered,1366.054835,853,0.373959
match supply,discovered,1365.819676,476,0.636364
defense government,discovered,1365.712191,388,0.779116
production energy,discovered,1365.068705,403,0.750466
federal customers,discovered,1364.959538,416,0.727273
european production,discovered,1364.548101,622,0.490923
increased economic,discovered,1364.459874,513,0.590334
achieve carbon,discovered,1364.117423,407,0.742701
80 barrel,discovered,1364.053048,647,0.473299
commodity market,discovered,1363.150344,896,0.359118
costs inflation,discovered,1363.032209,769,0.406448
government taken,discovered,1362.429396,483,0.625648
continuing economic,discovered,1361.786785,481,0.627937
industry united,discovered,1361.158600,435,0.693780
tanker rates,discovered,1360.834997,613,0.496356
headwinds china,discovered,1360.664138,369,0.814570
demand world,discovered,1360.541749,658,0.465018
oil consumption,discovered,1359.890960,406,0.742230
focus sustainability,discovered,1359.764701,705,0.437074
chain seeing,discovered,1359.652446,413,0.729682
rates continued,discovered,1359.366578,1091,0.309943
optimizing supply,discovered,1359.289670,493,0.611663
technology particularly,discovered,1359.260973,552,0.547619
supply mix,discovered,1359.033219,375,0.801282
delays supply,discovered,1358.776883,423,0.712121
asian demand,discovered,1358.445282,419,0.718696
europe given,discovered,1358.314128,657,0.464968
shortage issues,discovered,1358.295247,330,0.899183
ore trade,discovered,1357.860319,323,0.915014
mineral sands,discovered,1357.834031,464,0.648951
gas growth,discovered,1357.446474,461,0.652975
traditional oil,discovered,1357.283758,395,0.761079
decline raw,discovered,1356.952732,454,0.662774
electrical power,discovered,1356.880673,698,0.440101
talking energy,discovered,1356.583367,407,0.738657
companies supply,discovered,1356.425797,475,0.633333
tightening monetary,discovered,1356.390151,313,0.937126
access global,discovered,1355.821301,517,0.582207
war russia,discovered,1355.374813,299,0.967638
gas discoveries,discovered,1355.360619,342,0.870229
changes energy,discovered,1355.072222,372,0.805195
positive macro,discovered,1354.646740,494,0.608374
risk economic,discovered,1354.114826,340,0.874036
gas line,discovered,1354.033051,464,0.647141
energy bills,discovered,1353.963159,404,0.742647
sustainability energy,discovered,1353.505400,320,0.919540
volatility continue,discovered,1353.204691,570,0.528757
energy segment,discovered,1353.150934,1502,0.252183
confidence customers,discovered,1352.909169,783,0.397866
technologies services,discovered,1352.907425,596,0.506803
expect oil,discovered,1352.595785,653,0.465763
european automotive,discovered,1352.594519,554,0.543137
project south,discovered,1352.081947,516,0.581736
semiconductor materials,discovered,1351.339713,442,0.677914
china automotive,discovered,1351.065412,432,0.693419
supply actually,discovered,1350.910747,450,0.665680
control energy,discovered,1350.883552,408,0.733813
semiconductor content,discovered,1350.630815,412,0.726631
gas capacity,discovered,1348.956957,452,0.661786
supply oil,discovered,1348.851397,319,0.919308
government make,discovered,1348.716737,535,0.560209
infrastructure protection,discovered,1347.721013,293,0.976667
like steel,discovered,1347.110755,632,0.478064
gas obviously,discovered,1346.976345,431,0.692926
rise oil,discovered,1346.810071,357,0.832168
gas purchases,discovered,1346.778247,379,0.786307
additional security,discovered,1346.248636,471,0.633917
social environmental,discovered,1346.194771,661,0.458709
gas industrial,discovered,1345.732484,437,0.682813
country economic,discovered,1345.620984,384,0.775758
earth elements,discovered,1345.342245,279,1.000000
primarily supply,discovered,1345.138926,454,0.657019
outside europe,discovered,1345.018266,1475,0.253960
american based,discovered,1344.608107,514,0.580791
scale solar,discovered,1344.230939,668,0.453804
recent supply,discovered,1344.197900,318,0.919075
energy economy,discovered,1343.861617,322,0.909605
plants united,discovered,1343.482301,360,0.823799
data governance,discovered,1343.042179,452,0.658892
development china,discovered,1342.942822,745,0.412286
seeing china,discovered,1342.273287,862,0.365719
energy utilities,discovered,1342.018770,614,0.489243
party gas,discovered,1341.527936,427,0.696574
investments renewable,discovered,1341.280791,398,0.746717
countries looking,discovered,1341.146548,497,0.598795
recovery economic,discovered,1341.100379,441,0.674312
improvements supply,discovered,1340.877462,696,0.436637
pipeline expansion,discovered,1340.605423,761,0.404357
gas position,discovered,1340.372957,386,0.768924
incremental gas,discovered,1340.232327,354,0.834906
signs economic,discovered,1339.319236,556,0.536162
recovery chinese,discovered,1339.292007,335,0.876963
advanced ai,discovered,1339.204877,569,0.524424
east eastern,discovered,1338.940960,443,0.670197
data loss,discovered,1338.717176,412,0.720280
technology people,discovered,1338.234383,979,0.331191
gas vehicles,discovered,1337.790802,348,0.846715
global outlook,discovered,1337.277083,384,0.771084
efficiency sustainability,discovered,1337.001761,441,0.672256
overall semiconductor,discovered,1336.695026,475,0.624179
sensitive data,discovered,1336.262944,500,0.593120
terms economic,discovered,1335.866567,971,0.332762
time data,discovered,1335.820637,1366,0.264729
needs energy,discovered,1335.507334,326,0.895604
supply reliability,discovered,1335.255559,325,0.897790
view gas,discovered,1335.094889,345,0.851852
focus domestic,discovered,1334.842863,532,0.557652
chain inflationary,discovered,1334.615545,358,0.822989
tariffs continue,discovered,1334.138220,370,0.797414
large north,discovered,1333.517488,554,0.535783
data service,discovered,1333.197447,965,0.333795
local federal,discovered,1332.702578,388,0.760784
technology software,discovered,1332.634741,619,0.482463
uncertainty increased,discovered,1332.380752,346,0.848039
upstream gas,discovered,1332.336124,364,0.808889
like united,discovered,1332.279813,696,0.434186
related power,discovered,1331.949203,564,0.526119
metals minerals,discovered,1330.614191,504,0.586047
systems data,discovered,1330.349632,528,0.559915
say trade,discovered,1330.342750,406,0.726297
gas region,discovered,1329.966576,319,0.908832
tariffs steel,discovered,1329.797782,295,0.964052
meet energy,discovered,1328.140029,329,0.884409
coming oil,discovered,1327.700581,490,0.601227
diversifying supply,discovered,1327.663303,308,0.933333
oil costs,discovered,1326.707838,488,0.603214
local economic,discovered,1325.929896,429,0.685304
economic policies,discovered,1325.617017,332,0.875989
pipeline construction,discovered,1325.547898,737,0.411502
believe macro,discovered,1325.405726,461,0.637621
state global,discovered,1325.401905,368,0.796537
producer world,discovered,1325.353283,450,0.653120
component suppliers,discovered,1325.253345,561,0.526266
lower tariff,discovered,1325.218988,434,0.677067
term macroeconomic,discovered,1324.830841,363,0.806667
result pandemic,discovered,1324.209855,907,0.347909
investment climate,discovered,1323.400131,505,0.581797
activity united,discovered,1323.369736,410,0.715532
energy transmission,discovered,1323.326297,460,0.638003
supply quality,discovered,1323.236110,422,0.695222
local sourcing,discovered,1323.212181,448,0.654971
market government,discovered,1322.952073,535,0.549846
inflation increased,discovered,1322.922228,651,0.457806
serve important,discovered,1322.358864,536,0.548618
high powered,discovered,1321.973982,663,0.450102
provide gas,discovered,1321.937330,296,0.957929
systems technology,discovered,1321.245735,694,0.432130
southern european,discovered,1321.015311,680,0.439845
energy investment,discovered,1320.258772,485,0.603985
japan united,discovered,1320.258772,485,0.603985
overall uncertainty,discovered,1319.442467,368,0.793103
security think,discovered,1319.425644,397,0.736549
demand countries,discovered,1318.734694,410,0.713043
including cloud,discovered,1318.552525,497,0.588863
electricity grid,discovered,1318.387047,468,0.624833
gap supply,discovered,1317.992667,342,0.848635
concerns inflation,discovered,1317.757845,324,0.890110
suppliers ensure,discovered,1317.301650,400,0.729927
growth countries,discovered,1317.151316,947,0.335459
proprietary technologies,discovered,1316.345285,630,0.469449
international airport,discovered,1316.257903,888,0.351962
overall security,discovered,1315.953845,389,0.749518
come china,discovered,1315.599745,728,0.413167
advanced nuclear,discovered,1314.818969,303,0.938080
oil gathering,discovered,1314.593635,454,0.642150
global aluminum,discovered,1314.287352,362,0.802661
regional national,discovered,1314.072726,813,0.376738
material production,discovered,1313.630622,485,0.600991
second supply,discovered,1313.556180,372,0.781513
lower export,discovered,1313.474671,504,0.578645
transportation energy,discovered,1313.088705,468,0.622340
markets southeast,discovered,1312.570494,573,0.511151
uncertainty especially,discovered,1312.195957,358,0.809955
management energy,discovered,1312.171753,423,0.687805
gas diesel,discovered,1311.622686,496,0.586982
does supply,discovered,1310.798474,381,0.762000
global climate,discovered,1310.323364,326,0.881081
production disruptions,discovered,1310.321926,491,0.592280
major energy,discovered,1310.044466,387,0.750000
america particularly,discovered,1309.973529,780,0.388640
price inflation,discovered,1309.656417,1990,0.213680
various governments,discovered,1309.588622,397,0.731123
market european,discovered,1309.541661,637,0.462600
support supply,discovered,1309.363386,445,0.652493
supporting global,discovered,1309.274051,394,0.736449
analytics ai,discovered,1309.100449,502,0.579008
country going,discovered,1308.938609,829,0.369759
mitigate tariff,discovered,1308.331881,343,0.840686
new economic,discovered,1308.323785,554,0.526116
power steering,discovered,1308.309494,421,0.689034
directed energy,discovered,1307.833949,396,0.731978
chip manufacturing,discovered,1307.796024,357,0.809524
defense products,discovered,1307.674543,476,0.609475
chain particularly,discovered,1307.418961,390,0.742857
security risks,discovered,1307.387846,283,0.979239
advance technology,discovered,1307.380457,574,0.508415
higher global,discovered,1307.273770,541,0.537773
analytics data,discovered,1307.124652,621,0.472603
relative supply,discovered,1307.087671,429,0.675591
technology working,discovered,1306.977401,663,0.445565
chain better,discovered,1306.886888,432,0.670807
gas purchase,discovered,1306.861293,361,0.800443
volatile energy,discovered,1306.819654,314,0.907514
earth prices,discovered,1306.766106,271,1.000000
growth united,discovered,1306.643697,867,0.356497
export licenses,discovered,1306.530735,356,0.810934
balancing supply,discovered,1306.004378,353,0.817130
think tariffs,discovered,1305.971092,448,0.646465
coal coal,discovered,1305.638400,506,0.573046
regarding raw,discovered,1305.178819,442,0.654815
concern supply,discovered,1304.452475,291,0.960396
security information,discovered,1303.768691,304,0.929664
union countries,discovered,1303.606866,338,0.849246
million barrel,discovered,1303.277219,827,0.369196
government departments,discovered,1302.873320,437,0.661120
silver prices,discovered,1301.934090,635,0.461483
make supply,discovered,1300.874151,430,0.670827
europe region,discovered,1299.744958,751,0.398408
robust global,discovered,1298.842997,430,0.669782
gas inventory,discovered,1298.450759,417,0.690397
existing nuclear,discovered,1298.347940,305,0.924242
fiscal stimulus,discovered,1298.123511,659,0.445270
companies united,discovered,1298.090663,550,0.525813
impacted oil,discovered,1297.946792,371,0.774530
duty trucks,discovered,1297.828936,823,0.369390
ongoing tariff,discovered,1297.691439,308,0.916667
conventional gas,discovered,1297.622169,367,0.782516
supply fundamentals,discovered,1297.595363,365,0.786638
lng canada,discovered,1296.667843,567,0.510351
russia belarus,discovered,1296.398149,489,0.588448
vessel supply,discovered,1295.304371,378,0.759036
security customer,discovered,1294.911249,340,0.839506
energy fuel,discovered,1294.509655,447,0.642241
cyber incident,discovered,1294.316729,513,0.560656
manage energy,discovered,1293.949787,395,0.726103
antidumping duties,discovered,1293.886542,404,0.710018
clean fuel,discovered,1293.372778,462,0.620968
cloud edge,discovered,1293.171704,466,0.615588
global fleet,discovered,1292.865118,669,0.437827
gas opportunities,discovered,1292.858052,448,0.640000
chain help,discovered,1292.754755,350,0.815851
current government,discovered,1292.502894,541,0.531957
energy purchases,discovered,1292.220539,416,0.688742
energy businesses,discovered,1292.043132,666,0.439314
demand electric,discovered,1291.739376,442,0.648094
prices electricity,discovered,1291.374485,483,0.593366
inflation increasing,discovered,1291.228123,422,0.678457
government including,discovered,1291.046174,336,0.846348
drive supply,discovered,1290.423184,407,0.702936
east middle,discovered,1290.013098,378,0.756000
megawatts renewable,discovered,1289.881625,417,0.685855
important especially,discovered,1289.742268,699,0.420578
world changing,discovered,1289.378569,705,0.417407
security vendors,discovered,1289.154719,347,0.820331
gas equivalent,discovered,1289.000264,526,0.545078
face global,discovered,1288.981842,344,0.826923
industry oil,discovered,1288.627313,392,0.728625
import restrictions,discovered,1288.386521,377,0.757028
china imports,discovered,1287.953275,383,0.745136
cloud network,discovered,1287.757167,461,0.619624
mid east,discovered,1287.705206,485,0.589307
inflation levels,discovered,1287.679223,637,0.455651
closely supply,discovered,1287.501852,336,0.844221
lot disruption,discovered,1287.357020,635,0.456835
china potential,discovered,1286.895345,371,0.768116
defense aerospace,discovered,1286.238497,822,0.367128
going energy,discovered,1286.012177,571,0.503084
trade discussions,discovered,1285.650312,317,0.887955
western united,discovered,1284.811229,611,0.472179
energy fuels,discovered,1284.679624,301,0.926154
decarbonization goals,discovered,1284.540414,343,0.826506
compound semiconductor,discovered,1283.904311,449,0.634181
new ai,discovered,1283.869541,972,0.323031
upstream midstream,discovered,1283.670502,610,0.472502
fact gas,discovered,1283.637771,355,0.799550
technology research,discovered,1283.515474,471,0.604621
terms tariffs,discovered,1283.263428,480,0.593325
dynamics supply,discovered,1282.756358,326,0.864721
non chinese,discovered,1282.655121,520,0.548523
prices north,discovered,1282.447486,607,0.474219
positioned global,discovered,1282.369305,399,0.712500
america parts,discovered,1282.205250,475,0.598991
china import,discovered,1282.050038,325,0.866667
confidence long,discovered,1281.803723,1213,0.277765
make important,discovered,1281.451991,1115,0.293344
region united,discovered,1280.252391,394,0.720293
increased defense,discovered,1279.751850,312,0.896552
lower steel,discovered,1279.206931,529,0.538149
situation global,discovered,1278.962489,364,0.777778
business defense,discovered,1278.779428,424,0.668770
going global,discovered,1278.646226,784,0.379477
north asia,discovered,1277.979589,679,0.427851
centers cloud,discovered,1277.858998,383,0.739382
chinese new,discovered,1276.781207,3021,0.177174
strengthen global,discovered,1276.730521,499,0.568337
supply lot,discovered,1276.703530,442,0.640580
volatility risk,discovered,1276.494667,441,0.641921
power requirements,discovered,1276.404187,514,0.552095
gas flows,discovered,1276.144551,382,0.740310
software supply,discovered,1276.095664,314,0.889518
renewable hydrogen,discovered,1276.067094,389,0.727103
technology upgrades,discovered,1275.282817,687,0.422769
digital workplace,discovered,1275.123551,432,0.654545
falling oil,discovered,1274.951213,387,0.730189
opec countries,discovered,1274.591325,286,0.956522
data platforms,discovered,1274.502331,489,0.578698
infrastructure important,discovered,1274.499658,361,0.781385
growing north,discovered,1273.508254,589,0.484375
political tensions,discovered,1273.306635,287,0.953488
technology perspective,discovered,1272.794400,894,0.341352
gas directed,discovered,1272.785302,316,0.882682
aluminum demand,discovered,1272.635437,349,0.806005
address emerging,discovered,1272.478248,391,0.721402
gas engines,discovered,1271.891014,474,0.595477
general inflation,discovered,1271.781530,813,0.367043
global pharmaceutical,discovered,1271.586127,553,0.512987
battery metals,discovered,1271.467189,326,0.857895
uncertainty financial,discovered,1271.087634,376,0.749004
supply levels,discovered,1270.590534,407,0.692177
decline rates,discovered,1270.372559,1340,0.259841
government decision,discovered,1270.185298,549,0.515977
political events,discovered,1270.125692,409,0.688552
gas comes,discovered,1270.115055,391,0.720074
growth power,discovered,1269.590718,779,0.379260
regarding global,discovered,1269.267920,469,0.600512
fuel cycle,discovered,1268.606562,327,0.853786
gas takeaway,discovered,1268.099763,395,0.711712
uncertainty timing,discovered,1267.876199,725,0.401885
integrated gas,discovered,1267.769014,537,0.525955
security initiatives,discovered,1267.425013,287,0.950331
canadian gas,discovered,1267.091820,388,0.723881
india pakistan,discovered,1266.489808,349,0.802299
impacted china,discovered,1266.284069,344,0.813239
gas driven,discovered,1265.958015,376,0.746032
china recent,discovered,1265.771586,357,0.784615
tariffs products,discovered,1265.448498,289,0.944444
generation renewable,discovered,1265.096868,331,0.842239
different economic,discovered,1264.385909,738,0.395075
upcoming elections,discovered,1264.374040,354,0.790179
political stability,discovered,1264.280993,378,0.741176
government enterprise,discovered,1263.919307,434,0.645833
chain lead,discovered,1263.827390,342,0.816229
general macroeconomic,discovered,1263.100124,396,0.707143
fuel efficient,discovered,1262.971350,1101,0.292975
terms electricity,discovered,1262.809798,417,0.671498
america including,discovered,1262.308515,632,0.450785
country region,discovered,1262.163550,676,0.424890
copper demand,discovered,1261.519201,358,0.779956
tariff discussions,discovered,1261.269953,317,0.873278
world live,discovered,1260.239912,716,0.404063
trade offs,discovered,1259.826461,1304,0.262797
steel consumption,discovered,1259.799306,647,0.440736
semiconductor manufacturers,discovered,1259.677395,519,0.540062
largest energy,discovered,1259.659017,408,0.684564
sourcing supply,discovered,1259.087812,523,0.535861
government local,discovered,1258.494338,448,0.623088
petrochemical industry,discovered,1257.965374,517,0.541361
managed cloud,discovered,1257.931395,480,0.581818
important future,discovered,1257.519328,1392,0.252586
exposure tariffs,discovered,1257.469133,342,0.812352
ongoing conflict,discovered,1257.453109,293,0.930159
high global,discovered,1257.410678,349,0.796804
energy inflation,discovered,1257.300941,454,0.614344
europe remains,discovered,1257.001381,744,0.390551
recessionary pressures,discovered,1256.647587,375,0.742574
current pandemic,discovered,1256.094604,563,0.498671
linked oil,discovered,1255.837768,376,0.740157
homeland defense,discovered,1255.746527,332,0.834171
broader global,discovered,1255.667922,468,0.595420
transition fuel,discovered,1255.661324,282,0.955932
space defense,discovered,1255.626353,807,0.365489
government contracting,discovered,1255.465612,481,0.579518
situation middle,discovered,1255.081645,345,0.804196
company technology,discovered,1254.723297,700,0.410317
time government,discovered,1254.670186,577,0.486920
chain efficiencies,discovered,1254.548648,867,0.345556
important national,discovered,1254.501545,312,0.881356
impact macroeconomic,discovered,1254.302482,455,0.611559
security things,discovered,1254.214675,327,0.844961
conditions global,discovered,1254.095900,396,0.702128
international opportunities,discovered,1253.710759,1099,0.291899
services oil,discovered,1253.658521,367,0.756701
technology advanced,discovered,1253.250325,552,0.506887
look china,discovered,1253.178422,948,0.323219
uk gas,discovered,1252.580745,363,0.764211
technology called,discovered,1252.260144,592,0.474739
america especially,discovered,1252.075210,614,0.459237
american producers,discovered,1252.017910,345,0.802326
trade expected,discovered,1251.466504,324,0.850394
supply pressure,discovered,1251.323447,452,0.614130
gas rig,discovered,1250.584558,339,0.814904
prices inflation,discovered,1250.066969,540,0.516252
security analytics,discovered,1249.855602,352,0.785714
security safety,discovered,1249.826283,477,0.581707
gas quarter,discovered,1249.782242,526,0.529175
fact china,discovered,1249.461215,494,0.562002
solutions technology,discovered,1249.414019,515,0.539832
foreign countries,discovered,1249.211777,640,0.441684
west east,discovered,1248.979037,828,0.356743
market united,discovered,1248.842594,950,0.321925
government issued,discovered,1248.699841,417,0.664013
relates supply,discovered,1248.311232,388,0.713235
federal spending,discovered,1248.149078,486,0.570423
given trade,discovered,1247.862844,360,0.767591
covid lockdown,discovered,1247.626042,645,0.438179
customers security,discovered,1247.240086,356,0.775599
energy important,discovered,1246.761726,333,0.826303
major chinese,discovered,1246.742335,418,0.661392
primarily europe,discovered,1246.604419,854,0.347862
hydroelectric power,discovered,1246.476913,387,0.714022
asia australia,discovered,1246.068194,792,0.368715
considerable uncertainty,discovered,1246.003971,468,0.590909
patent pending,discovered,1245.979460,646,0.437077
focus emerging,discovered,1245.792582,493,0.561503
heightened geopolitical,discovered,1245.601083,261,0.996183
global players,discovered,1245.488600,784,0.371564
png lng,discovered,1245.306728,539,0.515296
government really,discovered,1245.049231,639,0.440994
residue gas,discovered,1244.933434,397,0.695271
crude differentials,discovered,1244.918609,525,0.528169
industrial energy,discovered,1244.868170,607,0.461597
automotive semiconductor,discovered,1244.738851,328,0.836735
uncertainty persists,discovered,1244.390241,320,0.855615
materials china,discovered,1244.379276,315,0.867769
projects government,discovered,1242.931160,408,0.675497
world increasingly,discovered,1242.799025,418,0.659306
consumption china,discovered,1242.747943,417,0.660856
chain availability,discovered,1242.682595,292,0.924051
impacted trade,discovered,1242.472545,322,0.849604
demand semiconductors,discovered,1241.587633,321,0.851459
domestic crude,discovered,1241.315106,328,0.834606
feedstock cost,discovered,1241.095194,473,0.582512
5g technology,discovered,1240.734976,494,0.558192
buy raw,discovered,1240.678880,447,0.615702
stronger dollar,discovered,1240.604505,1765,0.220680
sustainable way,discovered,1240.512827,1019,0.304999
manufacturing technologies,discovered,1239.883919,400,0.687285
gas volume,discovered,1239.399935,496,0.555431
energy high,discovered,1239.057820,420,0.654206
wholesale energy,discovered,1238.353135,390,0.703971
example technology,discovered,1238.084213,449,0.611717
east particularly,discovered,1237.917042,328,0.832487
especially south,discovered,1237.822726,571,0.485544
existing power,discovered,1237.767915,444,0.618384
resulting supply,discovered,1237.358015,298,0.905775
start supply,discovered,1236.994232,454,0.604527
better energy,discovered,1236.689070,410,0.668842
bit gas,discovered,1236.232676,486,0.565116
aluminum steel,discovered,1235.585622,451,0.607817
reduced energy,discovered,1235.585622,451,0.607817
oil coal,discovered,1234.781302,325,0.837629
demand fuel,discovered,1234.670056,410,0.667752
gas long,discovered,1234.591770,331,0.823383
growing gas,discovered,1234.074264,303,0.891176
america africa,discovered,1233.912710,782,0.369565
projects united,discovered,1233.731822,380,0.719697
parts china,discovered,1233.667687,454,0.602922
electric motor,discovered,1233.306785,484,0.566082
right china,discovered,1233.168845,577,0.479236
weaker global,discovered,1232.963101,315,0.860656
chain expect,discovered,1232.806703,406,0.673300
volatility remain,discovered,1232.785782,352,0.775330
gas powered,discovered,1231.753225,468,0.584270
ore exports,discovered,1231.323776,331,0.821340
inflation geopolitical,discovered,1231.079386,262,0.988679
inflation expected,discovered,1231.071931,536,0.512428
including inflation,discovered,1231.009884,417,0.654631
regarding trade,discovered,1230.768004,312,0.866667
gas spot,discovered,1230.690256,305,0.884058
kong government,discovered,1230.087034,311,0.868715
security technologies,discovered,1229.895461,383,0.711896
china currently,discovered,1229.265136,509,0.537487
brought covid,discovered,1228.902711,482,0.566392
terms sourcing,discovered,1228.338105,638,0.436389
supply project,discovered,1228.111107,296,0.905199
defense agencies,discovered,1227.938392,325,0.833333
events japan,discovered,1227.071278,401,0.678511
materials cost,discovered,1226.858728,855,0.343373
engineering procurement,discovered,1226.792076,753,0.379154
chip makers,discovered,1226.659342,407,0.668309
low power,discovered,1226.043397,1837,0.215131
efficient environmentally,discovered,1225.546919,310,0.868347
electric energy,discovered,1225.420845,439,0.619182
china lockdowns,discovered,1225.377835,367,0.739919
gas remain,discovered,1224.724448,286,0.928571
competitive supply,discovered,1224.704710,586,0.469551
price raw,discovered,1224.697032,898,0.330633
projects energy,discovered,1224.672342,410,0.662359
cost oil,discovered,1224.339572,579,0.474590
created covid,discovered,1224.091453,503,0.541442
headwinds global,discovered,1223.593455,317,0.849866
technologies allow,discovered,1223.219406,497,0.547357
increase exports,discovered,1223.195325,567,0.483376
government program,discovered,1222.909613,625,0.442635
carbon products,discovered,1222.750271,518,0.525888
gas important,discovered,1222.469178,329,0.820449
dollar market,discovered,1222.332751,831,0.349895
green steel,discovered,1221.524764,482,0.563084
china likely,discovered,1221.375575,338,0.799054
believe oil,discovered,1221.303244,426,0.635821
technologies high,discovered,1220.695372,370,0.731225
global food,discovered,1220.320737,557,0.490317
power sources,discovered,1220.103859,434,0.623563
countries different,discovered,1219.839290,741,0.382353
corona pandemic,discovered,1219.779749,573,0.477500
semiconductor company,discovered,1219.756865,599,0.458652
today energy,discovered,1219.430435,354,0.762931
liquid gas,discovered,1218.980944,352,0.766885
energy portfolio,discovered,1218.566390,931,0.320924
use coal,discovered,1218.227068,391,0.690813
coal exports,discovered,1218.227068,391,0.690813
rates remain,discovered,1217.660551,2075,0.202597
chain conditions,discovered,1217.326112,431,0.626453
semiconductor demand,discovered,1217.272752,396,0.681583
electricity distribution,discovered,1217.178944,586,0.466932
strong technology,discovered,1216.892328,829,0.349347
improved energy,discovered,1216.263657,352,0.765217
market chinese,discovered,1215.307784,459,0.587708
know europe,discovered,1215.196797,741,0.381173
covid variants,discovered,1215.137907,342,0.786207
chain constraint,discovered,1214.882648,311,0.859116
government fiscal,discovered,1214.594433,778,0.366463
unfair trade,discovered,1213.711294,314,0.850949
macro indicators,discovered,1213.629064,582,0.468599
reduction oil,discovered,1213.473987,424,0.634731
megawatt power,discovered,1213.333035,519,0.521084
political regulatory,discovered,1213.218829,423,0.636090
energy growth,discovered,1213.133009,458,0.587933
inflation risk,discovered,1212.646906,406,0.662316
technologies ve,discovered,1212.588268,619,0.443092
supply volumes,discovered,1212.455622,320,0.835509
outlook gas,discovered,1212.438479,326,0.821159
hydrogen storage,discovered,1211.977497,351,0.764706
negative rates,discovered,1211.705071,844,0.343508
disruptions covid,discovered,1211.440264,384,0.699454
capacity europe,discovered,1210.893842,707,0.394972
significant raw,discovered,1210.800478,441,0.609116
networking security,discovered,1210.301252,388,0.691622
customers data,discovered,1210.158401,828,0.348192
solutions cloud,discovered,1209.915816,514,0.524490
tariffs imports,discovered,1209.816696,286,0.919614
global enterprise,discovered,1208.953130,723,0.387252
private clouds,discovered,1208.911550,427,0.627941
quarter crude,discovered,1208.841512,432,0.620690
federal infrastructure,discovered,1208.831884,349,0.767033
data mining,discovered,1208.155558,640,0.428954
low global,discovered,1208.036111,337,0.792941
europe example,discovered,1207.823405,765,0.369744
given energy,discovered,1207.585417,358,0.747390
driven ai,discovered,1207.303014,522,0.515810
security portfolio,discovered,1207.099064,753,0.374254
supply projects,discovered,1206.957149,318,0.836842
thinking supply,discovered,1206.841895,369,0.724951
wholesale gas,discovered,1206.840814,324,0.822335
focus data,discovered,1206.564994,594,0.457627
power fuel,discovered,1206.556428,757,0.372539
decrease gas,discovered,1206.520585,342,0.780822
security continue,discovered,1206.513673,329,0.810345
respect gas,discovered,1206.513673,329,0.810345
regional demand,discovered,1206.490499,460,0.582278
expertise technology,discovered,1205.170931,500,0.536481
power supplies,discovered,1204.540320,844,0.341977
electricity energy,discovered,1204.010024,327,0.813433
middle distillates,discovered,1204.000601,433,0.616809
doing technology,discovered,1203.796516,513,0.522936
supply infrastructure,discovered,1203.526129,277,0.938983
new cloud,discovered,1203.454570,997,0.303224
technology plays,discovered,1203.299991,391,0.682373
volatility going,discovered,1203.260099,714,0.389738
american industrial,discovered,1203.142979,439,0.608033
mexico united,discovered,1202.992784,408,0.653846
complex global,discovered,1202.726921,445,0.599730
civil government,discovered,1202.349171,297,0.886567
happening europe,discovered,1202.166351,741,0.377868
areas cloud,discovered,1202.112824,328,0.809877
markets worldwide,discovered,1201.532354,614,0.442682
communications technology,discovered,1201.425814,484,0.551881
canada continue,discovered,1201.157239,585,0.462085
barrels crude,discovered,1201.001423,438,0.608333
lightbridge fuel,discovered,1200.857396,342,0.777273
suppliers including,discovered,1200.733835,383,0.695100
european demand,discovered,1200.714848,596,0.454268
related pandemic,discovered,1200.619148,772,0.365357
housing supply,discovered,1200.552008,515,0.519677
european central,discovered,1200.310460,537,0.499535
world leader,discovered,1199.559040,974,0.307449
increase import,discovered,1199.476550,314,0.841823
notably china,discovered,1198.617416,397,0.669477
northern mexico,discovered,1198.550437,383,0.693841
barrels storage,discovered,1198.411957,422,0.629851
digital health,discovered,1198.040013,1017,0.298240
coal export,discovered,1197.904493,378,0.702602
technology meet,discovered,1197.668592,411,0.646226
impacting supply,discovered,1197.636314,303,0.868195
projects middle,discovered,1197.616628,496,0.537378
technology related,discovered,1197.349097,871,0.332570
including gas,discovered,1196.675916,353,0.751064
technology build,discovered,1196.455411,539,0.496317
methane gas,discovered,1196.068783,282,0.921569
gas stations,discovered,1195.431452,866,0.333590
security segment,discovered,1195.270124,554,0.483421
policy government,discovered,1194.943998,405,0.654281
security really,discovered,1194.888344,336,0.786885
gas services,discovered,1194.416492,689,0.398958
opportunities oil,discovered,1194.312487,366,0.723320
services supply,discovered,1194.090599,412,0.642746
power producers,discovered,1193.769986,429,0.617266
ability export,discovered,1193.736570,367,0.721022
tariff deficit,discovered,1193.556648,583,0.460870
gas combined,discovered,1193.553367,321,0.820972
monetary fiscal,discovered,1193.191259,354,0.746835
class supply,discovered,1192.907339,404,0.654781
china exports,discovered,1192.809610,328,0.803922
south dakota,discovered,1192.593632,998,0.301147
contracts gas,discovered,1192.430599,278,0.929766
build gas,discovered,1192.385515,320,0.822622
supply important,discovered,1192.302511,306,0.857143
scale supply,discovered,1192.288680,382,0.692029
year tariff,discovered,1191.005328,389,0.678883
macro picture,discovered,1190.432871,702,0.391741
strategic supplier,discovered,1190.279679,454,0.582051
sanctions imposed,discovered,1190.176340,273,0.941379
electrical energy,discovered,1190.001956,465,0.568460
recovery supply,discovered,1189.749144,328,0.801956
basically supply,discovered,1189.120222,350,0.752688
chain covid,discovered,1188.615390,306,0.854749
chain end,discovered,1188.503916,412,0.639752
bit trade,discovered,1188.157172,514,0.515547
strengthening supply,discovered,1188.066324,313,0.836898
significant oil,discovered,1187.793898,375,0.702247
diversified global,discovered,1187.462601,550,0.483729
uncertainty terms,discovered,1186.879792,587,0.455745
security digital,discovered,1186.752578,280,0.921053
price supply,discovered,1186.043924,381,0.690217
looking gas,discovered,1185.913105,441,0.596752
chinese business,discovered,1185.713860,655,0.413771
data artificial,discovered,1185.495032,296,0.878338
zero targets,discovered,1185.453450,302,0.862857
player global,discovered,1185.436692,384,0.684492
fiscal policies,discovered,1184.961146,306,0.852368
defense area,discovered,1184.707931,390,0.673575
partners supply,discovered,1184.120387,380,0.690909
trade association,discovered,1183.781334,497,0.530416
commodity demand,discovered,1183.162520,308,0.846154
diversification supply,discovered,1182.710886,264,0.960000
remain important,discovered,1182.494183,1057,0.288168
chain terms,discovered,1181.167018,512,0.514573
logistics issues,discovered,1180.883886,574,0.462903
cyber threat,discovered,1180.709077,258,0.973585
export duties,discovered,1180.280789,378,0.692308
east business,discovered,1180.173442,528,0.499527
technology advances,discovered,1180.066945,475,0.552326
offset tariff,discovered,1179.998877,362,0.722555
megawatt solar,discovered,1179.611824,663,0.407749
nuclear fleet,discovered,1179.466839,525,0.501912
chain partner,discovered,1178.986319,331,0.788095
internet security,discovered,1178.631158,396,0.660000
world increasing,discovered,1178.541142,393,0.664975
supply things,discovered,1178.430763,370,0.706107
prices economic,discovered,1178.109729,310,0.837838
political support,discovered,1178.024377,348,0.750000
resilience supply,discovered,1177.970664,263,0.959854
gas actually,discovered,1177.592802,431,0.606188
lower fuel,discovered,1177.223441,1401,0.242429
low economic,discovered,1176.983658,368,0.709056
country continues,discovered,1176.939753,445,0.587071
materials needed,discovered,1176.780215,315,0.824607
sovereign risk,discovered,1176.716071,387,0.674216
trade conflicts,discovered,1176.355147,254,0.980695
national economic,discovered,1175.852418,317,0.819121
higher export,discovered,1175.626672,448,0.582575
weakness global,discovered,1175.228984,401,0.649919
gas strategy,discovered,1175.095321,303,0.853521
impacted government,discovered,1174.733024,363,0.717391
green economy,discovered,1174.668447,316,0.820779
volatility gas,discovered,1174.668447,316,0.820779
