bigram,origin,G2,target_freq,target_share
trade war,seed,,,
trade tensions,seed,,,
trade dispute,seed,,,
trade barriers,seed,,,
import tariffs,seed,,,
retaliatory tariffs,seed,,,
tariff increase,seed,,,
economic sanctions,seed,,,
financial sanctions,seed,,,
trade sanctions,seed,,,
export controls,seed,,,
export restrictions,seed,,,
entity list,seed,,,
sanctions regime,seed,,,
geopolitical risk,seed,,,
geopolitical tensions,seed,,,
geopolitical uncertainty,seed,,,
national security,seed,,,
foreign policy,seed,,,
political risk,seed,,,
regional conflict,seed,,,
supply disruption,seed,,,
supply security,seed,,,
import dependence,seed,,,
near shoring,seed,,,
critical infrastructure,seed,,,
rare earth,seed,,,
critical minerals,seed,,,
critical materials,seed,,,
semiconductor supply,seed,,,
chip shortage,seed,,,
technology transfer,seed,,,
technology restrictions,seed,,,
economic decoupling,seed,,,
dual use,seed,,,
export ban,seed,,,
critical technologies,seed,,,
energy security,seed,,,
energy independence,seed,,,
gas supply,seed,,,
oil supply,seed,,,
investment screening,seed,,,
industrial policy,seed,,,
capital controls,seed,,,
currency manipulation,seed,,,
protectionist measures,seed,,,
import substitution,seed,,,
cyber attack,seed,,,
cyber security,seed,,,
data sovereignty,seed,,,
supply chain,discovered,918893.630337,272579,0.746495
natural gas,discovered,537230.675462,132335,0.888500
oil gas,discovered,243082.730615,78375,0.687560
middle east,discovered,242016.706455,75025,0.714987
united states,discovered,226868.444585,113095,0.452387
supply demand,discovered,201991.172251,49641,0.890390
covid 19,discovered,194669.408664,94270,0.464352
long term,discovered,182278.412143,265917,0.217811
gas prices,discovered,169329.237451,44841,0.832841
raw material,discovered,161036.147423,74942,0.481524
crude oil,discovered,138015.494490,35502,0.855326
oil prices,discovered,132298.445666,39764,0.737271
raw materials,discovered,101189.559989,45265,0.499531
near term,discovered,97093.497591,80762,0.302322
renewable energy,discovered,89464.323594,25461,0.777768
supply chains,discovered,80102.680506,19617,0.893103
north america,discovered,77093.770087,100202,0.231093
energy transition,discovered,71955.113401,16589,0.937761
data center,discovered,71887.912600,37119,0.438609
commodity prices,discovered,71876.891125,29255,0.546393
end markets,discovered,71713.548760,38653,0.422530
strong demand,discovered,71400.727778,38414,0.423197
economic growth,discovered,69537.093458,18352,0.835511
power generation,discovered,68589.710249,20458,0.742901
chain issues,discovered,68395.624047,15746,0.938771
federal government,discovered,67894.860851,19666,0.764560
north american,discovered,66240.678899,47452,0.336324
global supply,discovered,65717.266976,14829,0.952714
cubic feet,discovered,65354.879136,20111,0.720334
energy prices,discovered,64495.256769,16150,0.876099
global economy,discovered,61740.700728,15864,0.856218
mission critical,discovered,61054.192004,14350,0.923840
et cetera,discovered,61000.847248,64917,0.258434
global economic,discovered,58953.303540,14042,0.914014
19 pandemic,discovered,57730.624043,19648,0.651545
increased demand,discovered,56218.580235,19743,0.631513
data centers,discovered,55418.615175,22957,0.537232
million cubic,discovered,55328.216170,17901,0.685284
oil price,discovered,55041.922525,21934,0.557691
material prices,discovered,53912.166440,17272,0.692043
feet day,discovered,52252.896160,13933,0.827572
demand growth,discovered,51900.018442,15420,0.745756
hong kong,discovered,51760.542833,28391,0.416248
growing demand,discovered,51620.327427,14893,0.767522
gas production,discovered,51384.706102,13482,0.840052
energy costs,discovered,49945.391260,16174,0.684672
power plants,discovered,49838.084951,14021,0.786504
clean energy,discovered,49571.042136,13060,0.836858
demand supply,discovered,49061.808918,12533,0.860724
climate change,discovered,48429.059662,11188,0.936313
market demand,discovered,47476.176437,21600,0.491758
chain challenges,discovered,47255.301947,11266,0.913336
iron ore,discovered,46163.552184,19517,0.526874
macro environment,discovered,45598.621330,20836,0.489786
energy efficiency,discovered,45221.225512,14426,0.694994
chain disruptions,discovered,43071.168435,9706,0.953625
potential impact,discovered,42187.481302,14688,0.636975
artificial intelligence,discovered,41931.006785,12757,0.728514
important role,discovered,41753.267310,12369,0.747914
low cost,discovered,41347.877017,28805,0.343440
global demand,discovered,40774.608600,10111,0.883597
automotive industry,discovered,40413.549010,11125,0.803075
value chain,discovered,40247.304915,17934,0.501384
low carbon,discovered,39821.798728,10190,0.859408
increasing demand,discovered,39532.817335,11466,0.763586
economic conditions,discovered,39529.888689,18756,0.473135
inflationary pressures,discovered,39384.349162,14639,0.596998
impact business,discovered,39165.608371,19796,0.446973
customer demand,discovered,37908.974009,17563,0.483589
gas price,discovered,37746.660951,12077,0.692965
consumer confidence,discovered,37363.394351,12529,0.661266
supply constraints,discovered,36946.899064,9729,0.837263
gas market,discovered,36914.900132,9330,0.868958
electric vehicles,discovered,36563.453047,11203,0.723428
material costs,discovered,36209.864283,20395,0.406996
macroeconomic environment,discovered,36116.918668,13387,0.598649
high value,discovered,36114.821739,18705,0.437452
east africa,discovered,35724.253799,11425,0.693265
economic uncertainty,discovered,35691.901855,9790,0.805828
demand products,discovered,34574.685041,13412,0.572502
market volatility,discovered,34003.147161,11430,0.659664
chain constraints,discovered,33946.416427,7923,0.928948
large scale,discovered,33291.203017,17318,0.435783
big data,discovered,33176.389213,10069,0.730273
cetera et,discovered,32913.168214,10488,0.695768
economic environment,discovered,32648.861779,21433,0.359451
net zero,discovered,32303.485186,9283,0.770501
european union,discovered,32061.908659,9156,0.775210
world largest,discovered,31729.594331,10606,0.663373
demand balance,discovered,31475.806584,7128,0.950273
infrastructure projects,discovered,31457.002813,8918,0.780706
europe middle,discovered,31281.016410,9079,0.763069
support customers,discovered,31132.158571,11453,0.603107
outside china,discovered,30701.054592,8859,0.767412
parts world,discovered,30687.374010,12239,0.557255
homeland security,discovered,30274.262921,6770,0.958788
gas business,discovered,30158.296002,9684,0.690481
high inflation,discovered,29858.617116,7689,0.854523
nuclear power,discovered,29741.415172,7115,0.910778
environment remains,discovered,29648.725063,8786,0.747681
term contracts,discovered,29523.002035,15379,0.435259
department defense,discovered,29501.515549,7265,0.888902
southeast asia,discovered,29456.119085,13244,0.497203
energy sector,discovered,29259.759826,7875,0.820398
high performance,discovered,29011.010612,15429,0.427467
economic activity,discovered,28525.880433,10009,0.632081
greenhouse gas,discovered,28310.356317,7604,0.821965
global markets,discovered,28091.885675,10080,0.618177
recently announced,discovered,27776.945702,18220,0.359681
government agencies,discovered,27583.606530,6865,0.880806
oil production,discovered,27580.183222,10089,0.606492
energy storage,discovered,27433.872659,8308,0.731853
consumer demand,discovered,27235.435238,13004,0.470444
south america,discovered,27148.266443,18446,0.350032
digital transformation,discovered,27117.583372,13628,0.449265
medium long,discovered,27111.538289,12325,0.492134
power plant,discovered,26840.952594,11359,0.526391
impact covid,discovered,26819.338015,13512,0.448263
gulf coast,discovered,26439.935641,12194,0.485623
cubic meters,discovered,26370.163927,7287,0.800154
coal fired,discovered,25419.614816,6158,0.901347
gas industry,discovered,24694.978211,5922,0.908979
help customers,discovered,24630.083032,11335,0.486585
domestic market,discovered,24284.847185,13861,0.402491
public sector,discovered,24258.561974,12753,0.431793
products services,discovered,24186.497782,20420,0.299326
term growth,discovered,24184.945248,26534,0.253877
war ukraine,discovered,24173.917107,5480,0.949575
public safety,discovered,24151.474406,6731,0.793656
serve customers,discovered,23953.488475,12108,0.446955
needs customers,discovered,23850.884506,8917,0.593596
term supply,discovered,23815.197704,5349,0.955861
chinese government,discovered,23802.791764,6239,0.840836
economic slowdown,discovered,23668.300314,6783,0.772551
positioned capitalize,discovered,23620.577780,7424,0.705368
gdp growth,discovered,23589.191873,10433,0.504912
million barrels,discovered,23567.987362,12088,0.441232
energy market,discovered,23488.680849,6623,0.784809
global trade,discovered,23467.642784,5141,0.972017
uniquely positioned,discovered,23448.414612,9302,0.560159
russia ukraine,discovered,23403.129935,6290,0.821471
term demand,discovered,23367.591441,6417,0.804942
direct impact,discovered,23362.837189,7387,0.701187
global growth,discovered,23284.910011,6970,0.740308
saudi arabia,discovered,23091.753223,9055,0.566504
higher demand,discovered,23084.221145,8085,0.633224
fuel oil,discovered,23046.224375,6263,0.812954
oil natural,discovered,22977.303100,5536,0.905463
global market,discovered,22878.263966,10549,0.485726
high demand,discovered,22825.711116,10286,0.496165
supply issues,discovered,22805.098865,5564,0.895974
negatively impacted,discovered,22550.159819,19683,0.292714
price environment,discovered,22520.333061,10393,0.485337
supply agreement,discovered,22385.686121,6480,0.765053
term outlook,discovered,22366.850954,11634,0.435828
new supply,discovered,22268.515286,8827,0.560587
emerging markets,discovered,22253.053418,21959,0.270558
rising rates,discovered,22159.411311,8767,0.561627
gas power,discovered,22091.286420,5668,0.857359
production capacity,discovered,22054.507993,12554,0.403406
gas emissions,discovered,21908.711858,5295,0.903121
short term,discovered,21583.504646,62890,0.164730
energy infrastructure,discovered,21565.293918,5436,0.871014
high energy,discovered,21365.289892,5184,0.900156
chain management,discovered,21299.186814,6386,0.739120
economic recovery,discovered,21297.116214,9168,0.517937
lower demand,discovered,21276.257800,8650,0.547018
current economic,discovered,21270.791943,9530,0.498848
power prices,discovered,21224.737305,6783,0.693771
provide customers,discovered,21183.767528,8403,0.560200
consumer sentiment,discovered,21051.798310,6570,0.710347
new technologies,discovered,21026.986781,11704,0.411099
public health,discovered,20993.615624,6365,0.731021
manufacturing facility,discovered,20992.155719,9398,0.499203
cloud computing,discovered,20970.402053,6041,0.768673
terms supply,discovered,20967.160586,5906,0.785581
barrels day,discovered,20682.170849,18057,0.292668
america europe,discovered,20585.695970,11839,0.399953
chain disruption,discovered,20574.447323,4627,0.955005
energy markets,discovered,20573.659977,5732,0.793906
markets including,discovered,20496.066209,7891,0.576743
gas liquids,discovered,20491.382203,5252,0.858170
green energy,discovered,20450.512839,5021,0.891196
higher prices,discovered,20382.316499,11687,0.400954
data analytics,discovered,20354.464263,10313,0.446025
solutions customers,discovered,20315.285939,7734,0.583126
metric tons,discovered,20235.130828,8161,0.551270
impact demand,discovered,20222.703501,5208,0.854471
demand china,discovered,20114.632475,5248,0.844409
impact tariffs,discovered,20078.945762,5650,0.786360
high prices,discovered,20072.170297,5829,0.762659
infrastructure business,discovered,19918.687883,6576,0.671637
gas oil,discovered,19907.332871,5771,0.763966
public private,discovered,19887.779953,7207,0.612163
growth china,discovered,19832.437464,7577,0.581103
shale gas,discovered,19692.035622,4429,0.954937
gas pipeline,discovered,19611.895004,4970,0.866911
economic development,discovered,19531.054255,5452,0.792442
supply growth,discovered,19515.430605,5358,0.805109
remain strong,discovered,19471.647837,14405,0.328476
security solutions,discovered,19459.631660,4630,0.914839
vehicle production,discovered,19450.358897,6878,0.627211
infrastructure support,discovered,19373.195854,5910,0.726580
longer term,discovered,19340.526703,47018,0.175402
gas storage,discovered,19337.801313,5180,0.824053
gas fired,discovered,19325.017020,4838,0.876291
carbon emissions,discovered,19324.525742,5265,0.810998
leading provider,discovered,19114.580624,6261,0.676938
africa middle,discovered,19073.162200,5059,0.831662
market conditions,discovered,19024.373490,33976,0.198417
south africa,discovered,18908.517598,15790,0.301566
like china,discovered,18899.837412,5638,0.742819
meet growing,discovered,18836.237012,5166,0.805928
new energy,discovered,18827.785574,6168,0.676835
operating environment,discovered,18795.364289,12026,0.366769
critical role,discovered,18758.069876,4608,0.890779
new zealand,discovered,18735.996568,16538,0.290553
play important,discovered,18710.301770,5583,0.742618
eastern europe,discovered,18688.601397,13469,0.334850
new administration,discovered,18684.785011,5284,0.782583
higher energy,discovered,18585.759869,5740,0.717769
remains positive,discovered,18513.093890,5522,0.742903
electric vehicle,discovered,18492.583059,6611,0.620460
supply situation,discovered,18403.022766,4583,0.880330
fired power,discovered,18374.231450,4072,0.964700
markets remain,discovered,18347.094972,6657,0.611407
industrial customers,discovered,18300.225157,5718,0.709517
key markets,discovered,18290.083665,12362,0.351453
gas demand,discovered,18243.357701,4062,0.961648
billion cubic,discovered,18238.587308,4436,0.898339
think supply,discovered,18205.021415,4900,0.820358
financial markets,discovered,18164.288071,8538,0.477223
risk management,discovered,17982.670829,15079,0.300720
american market,discovered,17953.192978,8358,0.481452
positioned benefit,discovered,17920.210908,6020,0.660088
gas markets,discovered,17825.470916,4366,0.893025
oil demand,discovered,17641.423261,3848,0.974671
customers world,discovered,17615.485318,5308,0.735486
health care,discovered,17569.268800,25292,0.219377
law enforcement,discovered,17511.308550,4919,0.787670
heavy oil,discovered,17478.000532,4457,0.862089
demand remains,discovered,17454.242356,6518,0.594274
areas like,discovered,17428.673140,10172,0.395090
internet things,discovered,17366.669415,4751,0.807856
service providers,discovered,17355.064197,12190,0.341342
business environment,discovered,17334.868475,10327,0.388467
department energy,discovered,17308.302319,4374,0.869064
impact supply,discovered,17257.202121,4060,0.923147
automotive market,discovered,17252.546008,6050,0.632448
cloud based,discovered,17201.647578,8809,0.441842
end market,discovered,17199.267184,19711,0.247601
energy consumption,discovered,17187.689561,5269,0.723068
real time,discovered,17131.670968,15832,0.281994
health safety,discovered,17106.972708,8068,0.475764
steel prices,discovered,17098.860799,7229,0.526895
markets like,discovered,17080.231884,11629,0.349492
state local,discovered,17058.394657,7007,0.541625
tight supply,discovered,16989.366238,4339,0.860913
power supply,discovered,16987.878186,5087,0.740035
air force,discovered,16980.481646,6208,0.606843
price volatility,discovered,16956.220066,4702,0.797490
domestic demand,discovered,16952.226887,5281,0.711629
supply market,discovered,16938.333461,4765,0.786563
economic outlook,discovered,16870.799751,5923,0.631719
carbon footprint,discovered,16869.589503,5749,0.650707
monetary policy,discovered,16780.567264,4595,0.807132
private sector,discovered,16768.612045,8350,0.452967
security business,discovered,16720.180061,5154,0.719129
regions world,discovered,16711.324521,5489,0.675071
semiconductor industry,discovered,16660.266275,5346,0.690965
demand environment,discovered,16584.096779,9938,0.386602
supply agreements,discovered,16580.289651,4200,0.867231
demand dynamics,discovered,16497.575803,4305,0.844283
cutting edge,discovered,16440.368829,6804,0.537738
energy supply,discovered,16417.745205,3794,0.936097
continue monitor,discovered,16389.357047,11036,0.352464
positioned advantage,discovered,16076.722709,6413,0.557168
world leading,discovered,16072.197145,6139,0.581235
recent announcement,discovered,16023.256212,5228,0.679579
countries like,discovered,16001.657046,6613,0.538474
general economic,discovered,15987.588652,5198,0.681973
increased focus,discovered,15956.796000,6746,0.526908
believe positioned,discovered,15889.080902,10188,0.366159
consumer spending,discovered,15880.411656,7844,0.456259
demand new,discovered,15757.627870,6837,0.514099
gas sales,discovered,15718.510762,5263,0.662262
demand customers,discovered,15696.961928,6019,0.579028
supply coming,discovered,15688.523763,4568,0.760699
commodity price,discovered,15687.388421,8402,0.424880
new gas,discovered,15674.524079,3516,0.956735
remains challenging,discovered,15657.939640,5372,0.646372
wind energy,discovered,15602.662745,4344,0.794440
meet needs,discovered,15550.474671,8365,0.423287
rapidly growing,discovered,15505.206512,6701,0.516017
lower oil,discovered,15496.724151,4573,0.750780
lot uncertainty,discovered,15488.690017,6214,0.554079
fuel cell,discovered,15425.955995,6163,0.556328
000 metric,discovered,15383.998255,5466,0.624258
global pandemic,discovered,15291.016657,4604,0.736051
particularly europe,discovered,15283.980577,5540,0.612019
economic situation,discovered,15165.640613,6090,0.553586
looking ahead,discovered,15148.420498,18782,0.237036
red sea,discovered,15136.307343,3881,0.857869
unique position,discovered,15083.140706,6045,0.554638
environment continues,discovered,15079.340396,5356,0.624461
meet demand,discovered,14996.946995,7778,0.436942
europe china,discovered,14975.408070,4721,0.703262
meet customer,discovered,14966.488255,5893,0.564247
gas sector,discovered,14914.638489,3963,0.830295
security supply,discovered,14817.618567,3144,0.990236
information technology,discovered,14800.185868,6539,0.505410
business continuity,discovered,14692.685620,4585,0.710412
data protection,discovered,14590.367022,3742,0.857667
supply customers,discovered,14566.233086,3434,0.921632
global financial,discovered,14525.852254,4696,0.685848
impact global,discovered,14524.576514,3649,0.873593
offshore wind,discovered,14508.727636,6486,0.499884
innovative solutions,discovered,14473.087008,5248,0.611798
energy sources,discovered,14459.328806,3410,0.921373
fixed price,discovered,14451.129779,8591,0.389138
macroeconomic conditions,discovered,14383.026144,5209,0.612535
low risk,discovered,14294.860910,7453,0.434932
risk business,discovered,14276.508659,4660,0.679300
playing field,discovered,14240.970332,5325,0.593513
demand high,discovered,14213.165155,6004,0.527314
heavy duty,discovered,14192.229045,6783,0.470030
transmission distribution,discovered,14175.857659,4069,0.771374
energy solutions,discovered,14155.733113,3942,0.794278
term contract,discovered,14118.981207,6859,0.463133
factors including,discovered,14063.428294,7482,0.427347
weather events,discovered,14011.705373,4121,0.753244
energy management,discovered,14011.204409,4434,0.700585
demand continues,discovered,13920.927755,5850,0.529939
aerospace defense,discovered,13886.395461,6050,0.512104
consumer behavior,discovered,13871.285620,6339,0.489763
enterprise customers,discovered,13843.354597,7566,0.417550
weak demand,discovered,13838.044251,4620,0.664175
price increase,discovered,13832.723353,23555,0.202653
prices continue,discovered,13829.451346,5409,0.567934
key role,discovered,13823.562173,4872,0.629295
continue face,discovered,13810.526386,4929,0.621485
europe north,discovered,13784.747976,7251,0.431581
china india,discovered,13779.517729,6562,0.471577
uncertainty market,discovered,13771.357306,3785,0.804292
reduce carbon,discovered,13757.802251,3383,0.890029
permian basin,discovered,13747.908522,5165,0.590758
particularly china,discovered,13745.121804,4310,0.707021
cross border,discovered,13744.558816,8272,0.385246
solutions business,discovered,13733.469037,8991,0.360231
china market,discovered,13696.472240,6251,0.490351
solar power,discovered,13688.088712,4324,0.701834
increasingly important,discovered,13687.901712,5514,0.551897
external environment,discovered,13675.652309,5001,0.606697
higher raw,discovered,13675.412455,6077,0.502688
role play,discovered,13673.734024,4568,0.663761
auto industry,discovered,13660.740469,4507,0.672085
services customers,discovered,13649.624851,6243,0.489378
global energy,discovered,13564.940502,3146,0.933531
leadership position,discovered,13562.548785,11387,0.300464
north africa,discovered,13555.676289,4187,0.717689
volatility market,discovered,13540.506489,4074,0.736576
outlook remains,discovered,13535.423928,4692,0.639760
environmental impact,discovered,13498.620591,4209,0.710980
light vehicle,discovered,13494.143282,5855,0.514093
government support,discovered,13486.005769,4426,0.675622
growing markets,discovered,13482.176379,5347,0.560306
stay home,discovered,13399.150365,4352,0.682667
remains uncertain,discovered,13379.724141,3777,0.783935
cost effective,discovered,13347.107743,11219,0.300230
remain cautious,discovered,13328.405895,5773,0.514941
prices remain,discovered,13270.010207,4975,0.591980
markets continue,discovered,13256.973998,8121,0.379752
technology development,discovered,13250.816689,5408,0.544996
combined cycle,discovered,13227.344354,3667,0.797694
negative impact,discovered,13221.704561,24542,0.195142
lower carbon,discovered,13191.033999,3103,0.923237
global leader,discovered,13181.263863,4976,0.587971
data security,discovered,13174.678920,3146,0.912148
long haul,discovered,13160.554979,8572,0.361673
support services,discovered,13150.865129,5909,0.497516
electricity prices,discovered,13123.424840,3729,0.778985
china europe,discovered,13120.878079,3584,0.809029
steel industry,discovered,13108.037090,4292,0.677185
level playing,discovered,13089.215368,3849,0.753376
supply contracts,discovered,13080.008915,3038,0.932474
think government,discovered,13033.913720,3666,0.786695
high tech,discovered,13032.905204,6202,0.471886
demand fundamentals,discovered,13029.281489,3063,0.923703
term impact,discovered,13020.337744,6554,0.448628
europe asia,discovered,13003.435682,9583,0.329403
wind power,discovered,12999.636416,4376,0.658739
reduction act,discovered,12978.357062,3004,0.934952
energy demand,discovered,12950.226545,2967,0.942204
higher gas,discovered,12920.449793,3409,0.835744
east asia,discovered,12908.915144,4671,0.613073
asia middle,discovered,12906.596924,3446,0.826577
industrial markets,discovered,12861.739896,5471,0.523841
current situation,discovered,12852.293726,7540,0.393405
central banks,discovered,12845.132010,3772,0.754400
technology solutions,discovered,12842.818676,5909,0.486698
gas processing,discovered,12806.379256,3978,0.713671
just supply,discovered,12784.336998,3146,0.889454
continue support,discovered,12740.167923,8216,0.364508
prices increased,discovered,12735.015242,5832,0.488811
missile defense,discovered,12707.183519,2936,0.936224
weather conditions,discovered,12699.567759,7076,0.410751
service provider,discovered,12693.094166,10298,0.307614
increase demand,discovered,12683.871749,6941,0.417102
cloud security,discovered,12681.402089,3106,0.893042
conditions remain,discovered,12618.429013,4630,0.604675
chinese market,discovered,12604.526455,6233,0.455795
energy efficient,discovered,12598.157307,4308,0.648502
global oil,discovered,12594.224181,2707,0.983291
significant challenges,discovered,12566.334895,3585,0.775974
solutions help,discovered,12553.121809,4014,0.693384
bcf day,discovered,12530.414609,3643,0.761815
competitive advantage,discovered,12522.870116,14837,0.243022
china china,discovered,12499.858036,3670,0.754523
supply disruptions,discovered,12498.713225,2946,0.921777
future growth,discovered,12454.972827,20818,0.204365
fuel prices,discovered,12433.094227,8128,0.360635
production facilities,discovered,12417.595978,5378,0.514986
chinese economy,discovered,12392.581757,3015,0.898123
india china,discovered,12380.164495,4632,0.593162
growth opportunities,discovered,12375.277623,22702,0.196130
high growth,discovered,12356.742816,13178,0.258144
demand markets,discovered,12283.871786,3661,0.743501
energy related,discovered,12256.032391,3768,0.721010
inflation reduction,discovered,12253.854933,2846,0.932503
geopolitical situation,discovered,12247.923490,2700,0.968089
labor shortages,discovered,12239.807270,3858,0.703373
refining margins,discovered,12230.843990,3858,0.702860
remain challenging,discovered,12210.473529,4320,0.626905
china trade,discovered,12210.379086,2584,0.991558
closely monitor,discovered,12189.830979,4698,0.576159
higher oil,discovered,12184.175453,3921,0.688983
products solutions,discovered,12174.066066,5022,0.539420
market remains,discovered,12165.445214,6847,0.407269
safe reliable,discovered,12133.964995,3385,0.792926
believe long,discovered,12126.449560,6211,0.441781
high quality,discovered,12108.964763,26421,0.182699
technology innovation,discovered,12082.283448,4366,0.613892
state owned,discovered,12080.069067,3274,0.815036
market supply,discovered,12070.039171,3187,0.835168
defense spending,discovered,12048.637378,2876,0.912437
seeing increased,discovered,12000.625104,6551,0.417980
term trend,discovered,11980.776961,5554,0.483335
european markets,discovered,11980.350823,7334,0.379961
macroeconomic uncertainty,discovered,11980.085864,3080,0.855793
expected continue,discovered,11947.400090,7938,0.356124
high rates,discovered,11899.823042,5090,0.521089
infrastructure investments,discovered,11899.595929,4366,0.604709
public cloud,discovered,11878.415426,5117,0.517601
continue experience,discovered,11876.493342,6927,0.395309
states canada,discovered,11867.615205,3647,0.721321
technologies like,discovered,11863.199973,3297,0.795800
going world,discovered,11811.659667,3517,0.744181
infrastructure market,discovered,11745.691442,3145,0.824377
fast growing,discovered,11745.402462,8231,0.341933
related supply,discovered,11745.279646,2928,0.879543
challenges facing,discovered,11741.934899,4210,0.618663
market remain,discovered,11740.380037,4019,0.647808
impact operations,discovered,11721.251768,3565,0.728741
inflation rates,discovered,11719.178898,3526,0.736578
term fundamentals,discovered,11692.033121,3121,0.826755
base oil,discovered,11688.689771,3257,0.793809
overall economic,discovered,11674.579552,4431,0.584873
leading edge,discovered,11667.644960,7279,0.374222
infrastructure investment,discovered,11659.352777,3896,0.663601
demand europe,discovered,11647.341088,3572,0.722784
mitigate impact,discovered,11582.801033,5458,0.476141
water supply,discovered,11572.405059,2724,0.922764
material cost,discovered,11571.024740,9225,0.311382
important area,discovered,11569.139034,3865,0.663747
lower production,discovered,11547.761334,6443,0.410278
places like,discovered,11456.146767,7112,0.375700
markets north,discovered,11456.037636,3351,0.757288
global footprint,discovered,11412.741019,5869,0.440219
partner choice,discovered,11402.598935,3591,0.703980
market segments,discovered,11401.270501,8473,0.327396
industry supply,discovered,11391.513316,2747,0.904809
expected remain,discovered,11387.596817,6022,0.429591
inflation rate,discovered,11378.648729,3980,0.634061
met coal,discovered,11356.937450,4058,0.620774
selling prices,discovered,11356.088098,10464,0.282528
local governments,discovered,11355.456955,3355,0.749888
coal prices,discovered,11281.686615,4498,0.557442
gas distribution,discovered,11246.906434,3930,0.634690
market uncertainty,discovered,11243.672873,3267,0.762249
secular trends,discovered,11242.550171,3472,0.717800
growth demand,discovered,11212.189153,5070,0.494586
state art,discovered,11208.546692,8549,0.321306
higher inflation,discovered,11206.148246,3844,0.646485
given current,discovered,11193.380103,10414,0.280784
negative impacts,discovered,11185.006861,4354,0.570567
east coast,discovered,11177.365400,8154,0.331868
western canada,discovered,11150.894862,5601,0.449482
south korea,discovered,11120.666274,6202,0.410429
supply business,discovered,11116.826208,3102,0.792742
world class,discovered,11102.878430,12175,0.253963
advanced technology,discovered,11100.101767,4573,0.540097
demand expected,discovered,11073.528756,3511,0.699263
energy cost,discovered,11067.460972,4791,0.515217
recent months,discovered,11061.618269,7084,0.366515
prices higher,discovered,11054.239756,5725,0.437490
gold price,discovered,11035.223537,6225,0.406491
demand imbalance,discovered,11006.722266,2425,0.968450
greater china,discovered,11004.729547,4691,0.522791
production volumes,discovered,10994.124047,7540,0.347562
overall supply,discovered,10992.653845,2855,0.847936
despite ongoing,discovered,10980.462172,3748,0.649679
focus energy,discovered,10973.303889,2558,0.929844
demand energy,discovered,10920.381928,2475,0.949731
closely customers,discovered,10916.022031,3709,0.652648
oil companies,discovered,10909.360321,4661,0.521656
cloud infrastructure,discovered,10896.350194,3203,0.753647
potential risk,discovered,10885.825726,3371,0.715863
political situation,discovered,10848.593146,2586,0.913458
oil sands,discovered,10825.834722,5180,0.469543
significant role,discovered,10822.819622,3399,0.705919
supply base,discovered,10805.705303,4268,0.562541
low prices,discovered,10805.566747,4186,0.573268
battery storage,discovered,10793.360710,3105,0.769707
demand remained,discovered,10789.139055,3287,0.727534
demand north,discovered,10769.346455,2935,0.810773
fastest growing,discovered,10744.203725,9848,0.283494
demand driven,discovered,10737.332588,4229,0.564092
advanced materials,discovered,10718.714986,3895,0.610502
book ratio,discovered,10707.541188,5750,0.423916
challenging macroeconomic,discovered,10682.814855,3208,0.737980
material price,discovered,10679.253283,4954,0.483034
year supply,discovered,10667.924145,3309,0.714687
material supply,discovered,10665.707160,2618,0.891386
alternative energy,discovered,10624.417518,3168,0.743139
ai data,discovered,10621.193193,2907,0.807500
given supply,discovered,10609.300740,2682,0.868805
services including,discovered,10604.246284,4027,0.584555
19 crisis,discovered,10598.477896,3172,0.740430
given recent,discovered,10598.427768,5462,0.439385
closely monitoring,discovered,10597.096360,4340,0.543179
energy price,discovered,10586.860250,2791,0.836380
political environment,discovered,10578.280347,2786,0.837139
supply contract,discovered,10546.720076,2409,0.944336
infrastructure services,discovered,10545.190751,3324,0.703343
especially china,discovered,10538.558241,3443,0.678691
prices raw,discovered,10530.708919,2906,0.801213
significant market,discovered,10516.745496,6181,0.392819
lithium ion,discovered,10487.162577,3820,0.609056
green hydrogen,discovered,10482.347662,3768,0.617098
macro trends,discovered,10466.608791,3823,0.607404
situation china,discovered,10457.283455,2554,0.895198
high oil,discovered,10409.429624,2620,0.872170
product supply,discovered,10402.646134,3039,0.758234
countries world,discovered,10398.102849,4195,0.551104
demand oil,discovered,10384.943311,2348,0.951378
gas infrastructure,discovered,10378.451298,2435,0.925152
high power,discovered,10354.433961,4136,0.556438
american markets,discovered,10353.715399,3386,0.678014
expect demand,discovered,10347.787024,4593,0.503232
prices increasing,discovered,10344.738047,3031,0.756049
growth markets,discovered,10337.773221,9421,0.284554
risk profile,discovered,10332.339264,7556,0.331273
robust demand,discovered,10301.267179,4517,0.509015
industry wide,discovered,10296.490953,6651,0.364039
machine learning,discovered,10293.809110,6273,0.381361
network security,discovered,10288.796433,2676,0.846835
deliver customers,discovered,10275.239584,4009,0.569298
impacts covid,discovered,10269.161219,3655,0.623188
balance supply,discovered,10250.887450,2442,0.913922
task force,discovered,10248.985266,3444,0.659897
growing global,discovered,10245.795248,2860,0.792463
processing plant,discovered,10239.409107,3700,0.613904
british columbia,discovered,10207.623242,4067,0.557811
new opportunities,discovered,10180.129028,11401,0.250886
customers particularly,discovered,10155.142453,3459,0.651045
pure play,discovered,10151.170548,5156,0.445058
continue closely,discovered,10123.568696,3514,0.638909
electric power,discovered,10111.568520,3644,0.615541
customers needs,discovered,10085.107477,5437,0.422488
tanker market,discovered,10074.394023,2973,0.750758
air quality,discovered,10073.703620,2917,0.764814
supply issue,discovered,10047.351935,2494,0.882832
remain focused,discovered,10026.583999,14888,0.216069
customers provide,discovered,10022.410521,3251,0.683558
technology company,discovered,10018.302530,4342,0.514638
high levels,discovered,10012.684370,9717,0.273387
customers continue,discovered,9980.902390,7765,0.316797
security services,discovered,9961.101934,2977,0.741469
better serve,discovered,9960.068875,5269,0.429456
trump administration,discovered,9948.564182,2258,0.948739
water treatment,discovered,9945.509442,4762,0.469255
east north,discovered,9939.647917,2645,0.829154
strong support,discovered,9939.367580,4011,0.550962
level uncertainty,discovered,9934.996063,3155,0.698163
covid related,discovered,9923.007438,7589,0.320685
increase energy,discovered,9913.593524,2660,0.822765
continue believe,discovered,9900.857774,13447,0.225920
continued demand,discovered,9899.867054,4004,0.549773
current macroeconomic,discovered,9896.344570,2777,0.788472
seeing impact,discovered,9890.318225,5966,0.384531
new government,discovered,9871.139409,3741,0.585721
market long,discovered,9854.158209,3991,0.549044
high purity,discovered,9852.408594,2371,0.906346
downside risk,discovered,9833.770887,3466,0.629267
global gdp,discovered,9821.780170,2433,0.884406
demand increased,discovered,9819.583823,3290,0.661839
macro uncertainty,discovered,9815.294553,2973,0.731725
european countries,discovered,9812.091831,5934,0.383730
expect supply,discovered,9806.145266,2443,0.880043
low oil,discovered,9793.392328,2917,0.743943
demand situation,discovered,9758.031623,3349,0.646151
government customers,discovered,9741.347887,2811,0.767404
palm oil,discovered,9720.821259,2583,0.830280
security market,discovered,9719.622247,2638,0.813946
important long,discovered,9695.900657,3261,0.659321
secular growth,discovered,9691.442267,3500,0.614251
zero carbon,discovered,9689.832657,2314,0.912101
demand continue,discovered,9684.544903,4026,0.535444
department homeland,discovered,9679.881386,2059,0.988953
software defined,discovered,9676.410786,3071,0.698590
energy industry,discovered,9654.962685,2816,0.759439
ability provide,discovered,9651.388117,4387,0.492202
energy generation,discovered,9645.888347,2337,0.901273
gas transmission,discovered,9644.028254,2633,0.809407
ukraine war,discovered,9608.521813,2124,0.966333
inflationary pressure,discovered,9582.341093,4147,0.515347
china going,discovered,9572.784181,3198,0.663761
term headwinds,discovered,9566.364221,2693,0.786048
despite recent,discovered,9547.903367,2944,0.718926
input costs,discovered,9537.401368,9062,0.277049
contract manufacturing,discovered,9521.572328,4959,0.435344
carbon capture,discovered,9520.970944,4224,0.503456
various countries,discovered,9498.187530,3027,0.695702
asia pacific,discovered,9488.134723,18313,0.191954
market environment,discovered,9485.013634,11814,0.236455
export markets,discovered,9465.169805,4131,0.511262
certain countries,discovered,9439.819574,3244,0.645315
fossil fuel,discovered,9439.797555,2336,0.885184
growth areas,discovered,9431.944767,7978,0.298958
reduce risk,discovered,9426.877244,3923,0.534906
steel demand,discovered,9395.511391,2378,0.867883
mitigate risk,discovered,9379.271367,3465,0.600624
given ongoing,discovered,9377.063375,2939,0.707341
energy projects,discovered,9365.194991,2924,0.710053
domestic production,discovered,9363.769158,2666,0.777486
gas pricing,discovered,9352.609030,2531,0.816188
play key,discovered,9345.748664,2786,0.743330
energy crisis,discovered,9336.500033,2186,0.926664
ukraine russia,discovered,9329.910900,2277,0.895751
regulatory environment,discovered,9317.093481,5926,0.368509
covid pandemic,discovered,9309.353723,4182,0.497620
ongoing supply,discovered,9304.033399,2260,0.899324
europe united,discovered,9303.839178,3176,0.649622
supply shortages,discovered,9300.189679,2318,0.879696
order support,discovered,9299.698558,3514,0.587429
inflation supply,discovered,9293.110339,2201,0.918231
oil market,discovered,9285.821358,2776,0.741255
higher rates,discovered,9266.235388,10189,0.253559
monitor situation,discovered,9260.327411,2981,0.688771
energy policy,discovered,9256.742583,2104,0.947748
term strategy,discovered,9225.691183,8389,0.284962
storage capacity,discovered,9221.291460,3280,0.623574
energy mix,discovered,9214.088968,2041,0.965012
investment decisions,discovered,9213.640886,4153,0.496058
hybrid cloud,discovered,9210.050755,3273,0.624142
impact industry,discovered,9208.169045,2870,0.711276
challenging operating,discovered,9184.178338,3077,0.661863
countries including,discovered,9168.224432,2631,0.771554
fortune 500,discovered,9162.533138,4060,0.504035
performance computing,discovered,9126.946758,2492,0.809354
freight rates,discovered,9125.082633,4914,0.422892
technology companies,discovered,9121.308988,3751,0.541036
business china,discovered,9108.354758,4789,0.431753
remain elevated,discovered,9104.161888,3792,0.534461
gas electricity,discovered,9103.056672,2401,0.836003
inflationary environment,discovered,9099.409184,5035,0.413179
external factors,discovered,9099.115106,4411,0.464023
latin america,discovered,9097.556583,21867,0.176142
political uncertainty,discovered,9094.097955,2133,0.925380
renewable natural,discovered,9084.823082,1967,0.979094
lowest cost,discovered,9082.311599,5181,0.402689
gas natural,discovered,9079.850716,2378,0.841472
far east,discovered,9070.768531,4789,0.430201
lower gas,discovered,9068.224796,2645,0.759403
free trade,discovered,9060.078815,2156,0.914722
overall demand,discovered,9049.213279,5293,0.394382
help address,discovered,9046.209914,2699,0.742708
gas costs,discovered,9044.138740,2724,0.735818
trade policy,discovered,9041.474897,1945,0.982820
conversations customers,discovered,9028.961358,3723,0.539643
remain bullish,discovered,9020.723570,3230,0.619486
end user,discovered,9011.203647,7792,0.294560
used car,discovered,8999.682898,5721,0.368669
sales prices,discovered,8998.296233,4854,0.422271
power purchase,discovered,8991.215745,2671,0.745881
price oil,discovered,8986.971368,4023,0.499255
critical components,discovered,8986.913253,2302,0.858635
work closely,discovered,8972.102958,6739,0.324881
demand services,discovered,8962.890606,4622,0.439145
infrastructure spending,discovered,8955.026437,3058,0.649395
essential services,discovered,8950.858047,2170,0.900789
economic downturn,discovered,8949.547791,5084,0.404101
gas volumes,discovered,8944.651019,2906,0.682480
demand particularly,discovered,8944.264804,2948,0.672752
remain high,discovered,8940.509896,4900,0.416560
supply going,discovered,8940.322133,2308,0.852604
gas transportation,discovered,8923.508042,2107,0.920489
entire supply,discovered,8896.144958,2178,0.893355
export business,discovered,8893.710685,3246,0.607865
western australia,discovered,8870.899735,3030,0.649239
term prospects,discovered,8868.551953,4628,0.434595
power demand,discovered,8868.507329,2436,0.804757
term opportunities,discovered,8867.659113,4867,0.416054
000 cubic,discovered,8853.001538,2668,0.735391
things like,discovered,8850.521523,28602,0.159387
coal gas,discovered,8847.186151,2319,0.840827
solar energy,discovered,8823.344423,2955,0.662111
central bank,discovered,8819.419880,6636,0.324467
safety security,discovered,8818.587680,2632,0.742454
steel production,discovered,8813.489971,3991,0.493936
terms energy,discovered,8804.096120,2472,0.788014
fossil fuels,discovered,8792.607091,2082,0.918394
renewable power,discovered,8790.312431,2728,0.714323
based solutions,discovered,8768.283128,3566,0.546849
despite challenging,discovered,8762.993798,6322,0.334604
government spending,discovered,8744.357097,2950,0.657308
remains high,discovered,8743.025699,5096,0.395529
broad portfolio,discovered,8735.922867,3535,0.549510
coking coal,discovered,8730.069793,4124,0.475060
trade flows,discovered,8724.100070,2021,0.934350
manufacturing capacity,discovered,8719.096318,5650,0.363134
broader economic,discovered,8714.047748,2328,0.826118
demand strong,discovered,8684.942218,5466,0.371609
coming china,discovered,8681.064588,3462,0.557308
government shutdown,discovered,8678.633283,2733,0.704019
continued investment,discovered,8675.092062,6520,0.324734
markets continued,discovered,8653.071462,3374,0.569644
given uncertainty,discovered,8643.558335,4061,0.477428
including china,discovered,8641.802097,2490,0.768519
fundamentals remain,discovered,8641.327300,2903,0.660073
energy resources,discovered,8627.260579,2755,0.694304
impacted covid,discovered,8625.867133,4680,0.420183
energy needs,discovered,8625.703493,2000,0.933707
growth potential,discovered,8621.960940,10740,0.236444
industry leading,discovered,8607.776702,12316,0.220050
impacted supply,discovered,8604.622579,1918,0.960922
increase supply,discovered,8591.094406,2631,0.723796
multi cloud,discovered,8577.978338,2629,0.723246
power sector,discovered,8574.382327,2769,0.686586
lower energy,discovered,8572.610024,2972,0.639690
production china,discovered,8558.652784,2571,0.737733
lead times,discovered,8549.782559,10981,0.232604
wind solar,discovered,8513.992838,3354,0.563982
significant supply,discovered,8499.732854,1948,0.941973
extreme weather,discovered,8493.752300,2475,0.760135
industrial production,discovered,8493.121697,3662,0.517159
impact consumer,discovered,8488.412878,2654,0.709057
managed services,discovered,8475.923578,6981,0.304435
meet customers,discovered,8472.508642,4122,0.462522
helping customers,discovered,8470.128521,4393,0.436941
tariff situation,discovered,8458.905471,2239,0.833271
address issues,discovered,8447.116256,3420,0.549221
new infrastructure,discovered,8439.834201,2698,0.693573
thermal coal,discovered,8438.121649,3100,0.603935
solutions including,discovered,8434.221565,2808,0.666034
uncertainty remains,discovered,8434.173944,1983,0.923614
demand market,discovered,8433.085346,4863,0.399065
increase gas,discovered,8430.788938,2128,0.869992
drilling activity,discovered,8430.112115,4725,0.408702
customers supply,discovered,8423.886786,2135,0.866829
global macroeconomic,discovered,8401.061916,1914,0.946120
government programs,discovered,8398.046736,2596,0.717127
reduced demand,discovered,8387.958315,3172,0.586973
manage supply,discovered,8386.168491,2234,0.828328
defense business,discovered,8385.643228,3451,0.540655
increase oil,discovered,8377.406438,2310,0.801805
supply new,discovered,8370.318110,2370,0.781662
lot supply,discovered,8367.797773,2702,0.686658
demand especially,discovered,8364.078809,2680,0.691970
term market,discovered,8361.634686,4595,0.415611
low natural,discovered,8356.585879,1867,0.959404
continue supply,discovered,8347.062720,2176,0.845049
continue play,discovered,8344.038344,3686,0.505485
ability meet,discovered,8336.768779,3742,0.498004
continue impact,discovered,8330.435256,3999,0.468157
national oil,discovered,8326.407577,2079,0.878327
low latency,discovered,8312.828711,2322,0.791951
refined products,discovered,8312.661404,3268,0.565105
solutions support,discovered,8301.078242,2028,0.894969
states europe,discovered,8289.506458,3322,0.554684
challenging business,discovered,8274.872332,2611,0.702637
world today,discovered,8274.430073,2996,0.612679
energy future,discovered,8272.981203,1918,0.933788
gas companies,discovered,8270.202723,2329,0.785762
market leading,discovered,8266.619800,8108,0.271588
strategy focused,discovered,8261.510980,3880,0.477597
high priority,discovered,8261.108716,4378,0.428795
air travel,discovered,8259.408913,2657,0.689235
steel aluminum,discovered,8251.690738,2168,0.839009
increase prices,discovered,8250.654366,6134,0.327304
services support,discovered,8230.542790,2942,0.620544
zero trust,discovered,8228.446991,2111,0.857433
generative ai,discovered,8226.851468,5164,0.372395
19 situation,discovered,8222.048916,2584,0.705433
global manufacturing,discovered,8217.316126,2634,0.691702
seeing supply,discovered,8213.925424,2140,0.845516
market opportunities,discovered,8208.665426,7940,0.273954
remain key,discovered,8207.881143,3006,0.605804
defense budget,discovered,8203.962921,2155,0.839174
gas customers,discovered,8193.167423,2171,0.832439
advanced technologies,discovered,8191.654951,3007,0.604422
waste management,discovered,8189.734174,3020,0.601713
cost energy,discovered,8186.038640,2935,0.618676
customers market,discovered,8184.075176,3526,0.517540
sulfur fuel,discovered,8181.462369,1916,0.926499
global basis,discovered,8180.145182,6230,0.321648
macroeconomic headwinds,discovered,8178.160094,2423,0.747840
market including,discovered,8175.136387,3177,0.571506
feet gas,discovered,8163.908644,2480,0.729626
geopolitical environment,discovered,8160.503530,1823,0.959474
impact china,discovered,8158.402599,2068,0.866723
safety employees,discovered,8157.538979,3274,0.553883
macro economic,discovered,8153.603528,3387,0.535833
companies continue,discovered,8152.203382,3045,0.594146
continued impact,discovered,8151.970369,3254,0.556810
cloud data,discovered,8128.533280,2599,0.693436
supply shortage,discovered,8121.603173,1871,0.938315
gas gas,discovered,8114.992415,1928,0.915914
electricity gas,discovered,8100.877787,1952,0.905380
reduce emissions,discovered,8094.639284,2235,0.800788
impact customers,discovered,8085.903094,3266,0.550480
dry gas,discovered,8083.322194,3034,0.591308
renewable generation,discovered,8077.994300,2028,0.874138
energy energy,discovered,8061.133228,1843,0.943676
high volatility,discovered,8052.992484,2465,0.724148
license agreement,discovered,8041.553068,3918,0.461919
market dynamics,discovered,8030.961898,7800,0.273253
risks associated,discovered,8015.440056,2824,0.629514
inventory levels,discovered,8014.179955,16327,0.187740
environment remain,discovered,8009.645599,2874,0.618197
overall global,discovered,8006.059325,2578,0.688568
labor market,discovered,8005.995193,5388,0.352618
export market,discovered,7998.535897,4466,0.410026
market prices,discovered,7990.686924,6167,0.318609
new technology,discovered,7989.692338,9700,0.239773
potential impacts,discovered,7986.748585,2604,0.680073
despite challenges,discovered,7970.682627,5227,0.359763
increase raw,discovered,7967.306860,3156,0.560967
supply challenges,discovered,7963.558438,2247,0.784293
markets china,discovered,7960.437981,2859,0.617628
power grid,discovered,7953.410137,2797,0.630665
critical applications,discovered,7950.267969,1978,0.881069
financial crisis,discovered,7943.493557,5735,0.334422
order meet,discovered,7934.895038,3573,0.496526
america middle,discovered,7930.271743,2230,0.786874
demand data,discovered,7926.665164,2437,0.721006
demand key,discovered,7918.575360,2268,0.773006
recent news,discovered,7918.036102,2539,0.691449
manufacturing supply,discovered,7916.520349,2788,0.629772
based technology,discovered,7913.999656,2894,0.606709
strategic partnership,discovered,7899.674250,4479,0.404753
spot prices,discovered,7895.823063,4575,0.397480
markets especially,discovered,7891.611416,3186,0.550735
carbon intensity,discovered,7880.704551,2422,0.721263
gas company,discovered,7867.182017,2312,0.753831
uncertainty related,discovered,7866.201792,2074,0.836290
mining industry,discovered,7858.399000,2951,0.591027
continues face,discovered,7854.188178,2044,0.846377
gas day,discovered,7842.344268,2153,0.805161
customers help,discovered,7834.920569,3080,0.565138
term solution,discovered,7832.628093,2107,0.820802
demand power,discovered,7832.284357,1991,0.864525
macro level,discovered,7823.959469,3630,0.482970
ai technology,discovered,7820.955723,2612,0.663955
economic political,discovered,7819.864991,1896,0.900713
amp gas,discovered,7818.194683,3429,0.508905
solutions address,discovered,7815.680808,2142,0.806476
demand natural,discovered,7815.611967,1741,0.961347
government policy,discovered,7802.434284,2389,0.723939
production cuts,discovered,7798.234732,2348,0.736050
markets world,discovered,7790.784787,4565,0.393806
caused covid,discovered,7787.712488,2226,0.774530
macro headwinds,discovered,7787.118307,2845,0.607257
international markets,discovered,7784.804248,11754,0.214329
energy production,discovered,7780.349416,2326,0.741236
cost pressures,discovered,7776.465120,6388,0.304989
increase production,discovered,7765.768498,6473,0.301955
result covid,discovered,7764.533019,3149,0.548320
risk associated,discovered,7762.161851,3051,0.565209
security products,discovered,7760.922887,2447,0.703161
meet demands,discovered,7750.381211,2525,0.680593
recent events,discovered,7732.886498,2957,0.580601
remain optimistic,discovered,7727.381583,6983,0.286118
crude prices,discovered,7724.568320,2735,0.626432
gradual recovery,discovered,7700.742403,3141,0.545312
pipeline capacity,discovered,7698.471907,2213,0.770275
global environment,discovered,7696.114249,2051,0.828018
rapidly evolving,discovered,7691.422863,2535,0.672771
price natural,discovered,7686.949633,1986,0.851995
uncertainty global,discovered,7681.287301,1714,0.960224
continued supply,discovered,7680.921734,1919,0.877859
domestic supply,discovered,7676.123173,1681,0.972238
henry hub,discovered,7672.261624,2785,0.611148
automotive sector,discovered,7664.787266,3141,0.542862
industry continues,discovered,7663.399783,3505,0.489388
post covid,discovered,7661.510105,5864,0.320507
federal agencies,discovered,7661.473850,1853,0.902582
market areas,discovered,7659.558806,3080,0.552863
face challenges,discovered,7651.178476,3096,0.549521
world economy,discovered,7647.751873,2662,0.637147
chain team,discovered,7640.385367,2221,0.761921
job creation,discovered,7639.733538,2276,0.743791
weaker demand,discovered,7635.695212,3015,0.562710
challenges supply,discovered,7629.450219,1879,0.888836
meet increasing,discovered,7627.492828,2043,0.824123
solar wind,discovered,7626.767047,2386,0.708643
leading global,discovered,7624.706533,3518,0.485442
risk mitigation,discovered,7616.134075,2929,0.577370
high gas,discovered,7609.048815,1822,0.910090
key raw,discovered,7596.643916,2108,0.796975
lower volumes,discovered,7588.823886,8100,0.258019
term challenges,discovered,7575.890182,3255,0.518890
oil amp,discovered,7571.535413,3392,0.498897
german government,discovered,7563.302901,2030,0.822528
storage facility,discovered,7552.766696,2224,0.752368
base metals,discovered,7547.088211,2135,0.782338
term continue,discovered,7542.099651,3519,0.480475
south wales,discovered,7540.005239,4451,0.391400
demand drivers,discovered,7534.665624,2781,0.601167
precious metals,discovered,7531.515775,3234,0.519184
contract awards,discovered,7526.062814,3562,0.474238
working closely,discovered,7523.755909,8588,0.248172
provide support,discovered,7517.065624,2939,0.568142
world trade,discovered,7516.632829,1964,0.843280
smart grid,discovered,7500.609172,2592,0.641743
markets particularly,discovered,7498.872958,3972,0.428988
outside united,discovered,7477.199699,5234,0.342226
price gas,discovered,7476.383004,2276,0.728087
geopolitical events,discovered,7471.227792,1638,0.971530
manufacturing facilities,discovered,7467.931953,4829,0.363739
evolving needs,discovered,7465.524482,2452,0.675110
new south,discovered,7465.365797,4485,0.385806
play critical,discovered,7465.144532,1755,0.923684
end end,discovered,7447.628762,10516,0.221511
infrastructure assets,discovered,7446.433272,2055,0.801170
manufacturing process,discovered,7427.727467,4316,0.396545
customers looking,discovered,7421.546332,5550,0.325915
natural disasters,discovered,7419.200748,2322,0.708359
global production,discovered,7414.350961,2155,0.762023
customers industry,discovered,7409.114584,2294,0.715980
challenges continue,discovered,7400.269008,2449,0.670041
natural resources,discovered,7386.294446,3060,0.537219
cost living,discovered,7381.224835,2735,0.598861
gas pipelines,discovered,7376.839748,1921,0.845883
supporting customers,discovered,7373.863911,2826,0.579336
customers suppliers,discovered,7371.161214,3547,0.467141
demand response,discovered,7368.086315,2738,0.597165
control systems,discovered,7365.208073,2903,0.563689
infrastructure segment,discovered,7363.155357,2540,0.642875
command control,discovered,7356.784737,1847,0.874113
white house,discovered,7351.423611,2827,0.577410
current supply,discovered,7349.191331,2004,0.810352
continue provide,discovered,7348.442720,6945,0.277989
chinese customers,discovered,7343.983453,2355,0.691427
economic uncertainties,discovered,7337.861717,2000,0.810701
global customers,discovered,7330.696470,2802,0.580846
steel products,discovered,7323.925570,2575,0.630818
power market,discovered,7315.985867,2890,0.562476
elevated levels,discovered,7315.109284,3584,0.459605
demand outlook,discovered,7305.836323,2965,0.547958
chain logistics,discovered,7296.560414,2237,0.723012
thermal power,discovered,7292.171368,2217,0.729037
manufacturing footprint,discovered,7290.250243,4014,0.414927
domestic gas,discovered,7288.108477,1601,0.970303
food safety,discovered,7276.078578,3005,0.538820
gas reserves,discovered,7264.768471,1803,0.882958
high cost,discovered,7260.949210,6471,0.288729
solutions meet,discovered,7260.444125,2097,0.766728
continued uncertainty,discovered,7257.767407,2203,0.730196
absolutely critical,discovered,7254.919636,2313,0.695430
commercial customers,discovered,7254.787807,3919,0.421761
megawatt hour,discovered,7252.978742,5135,0.339325
vertically integrated,discovered,7250.107288,4404,0.382358
think critical,discovered,7248.674338,2768,0.581390
inventory supply,discovered,7243.452143,2079,0.771429
related covid,discovered,7243.247038,4009,0.413086
hard disk,discovered,7235.415563,2508,0.639796
economic headwinds,discovered,7227.921446,2423,0.661480
higher natural,discovered,7218.788624,1899,0.838041
recent weeks,discovered,7209.576194,4187,0.396722
end customers,discovered,7195.723068,4951,0.346709
emerging market,discovered,7190.877212,6173,0.295996
life cycle,discovered,7188.092288,6998,0.272848
asian countries,discovered,7183.704044,2474,0.643935
underlying demand,discovered,7180.848036,4762,0.356651
position leading,discovered,7178.208089,2740,0.581617
macroeconomic factors,discovered,7178.025764,2603,0.611751
invasion ukraine,discovered,7176.408079,1586,0.966484
adverse impact,discovered,7175.264540,4095,0.402536
central government,discovered,7165.755543,2725,0.583762
market especially,discovered,7165.266656,3729,0.435631
gas projects,discovered,7162.987429,1997,0.793405
information security,discovered,7155.673469,1788,0.877761
disruption supply,discovered,7151.322360,1664,0.931170
demand end,discovered,7143.077403,2711,0.584898
going china,discovered,7142.478247,2735,0.579818
supply constrained,discovered,7138.483612,2630,0.602244
win new,discovered,7137.033895,4424,0.376158
electronic components,discovered,7119.679587,2486,0.635156
dynamic environment,discovered,7111.649247,2880,0.549094
technology infrastructure,discovered,7110.506252,3045,0.520513
geopolitical issues,discovered,7108.606262,1699,0.911481
business confidence,discovered,7107.029242,2271,0.693859
challenges faced,discovered,7101.329857,3445,0.463723
exports china,discovered,7095.980303,1716,0.902683
sensitive information,discovered,7092.336956,2299,0.684023
infrastructure solutions,discovered,7084.018520,2040,0.768941
tight labor,discovered,7081.099762,2601,0.604041
important driver,discovered,7078.301881,3428,0.464436
customers need,discovered,7077.482436,4924,0.343807
industry remains,discovered,7069.176063,2041,0.767005
increasingly complex,discovered,7066.194706,1919,0.813480
fired generation,discovered,7064.538808,1652,0.927569
challenging macro,discovered,7063.665852,2859,0.549385
gas drilling,discovered,7063.400434,1898,0.821645
mitigate potential,discovered,7055.907325,1908,0.816781
existing infrastructure,discovered,7054.448239,3636,0.439343
market sentiment,discovered,7051.980748,2521,0.620477
lower natural,discovered,7043.326953,1862,0.834229
international trade,discovered,7031.893254,2038,0.764154
demand certain,discovered,7017.763353,2087,0.745091
cost supply,discovered,7003.124835,2137,0.726377
security solution,discovered,6998.034923,1663,0.915749
rich gas,discovered,6989.475398,1868,0.825818
demand automotive,discovered,6984.437317,1796,0.855646
local production,discovered,6983.607921,2062,0.750364
cost inflation,discovered,6981.336292,9887,0.221181
nuclear energy,discovered,6980.847769,1754,0.873506
fuel cells,discovered,6974.020320,2525,0.612715
financial market,discovered,6973.673345,3430,0.458005
sales volumes,discovered,6973.180447,10338,0.216235
quality service,discovered,6967.624033,5300,0.321934
government announced,discovered,6956.887101,2115,0.729059
enable customers,discovered,6952.363890,2824,0.547499
export demand,discovered,6951.703229,1888,0.813442
demand higher,discovered,6944.718024,3226,0.482429
resource base,discovered,6928.461886,2591,0.593449
manufacturing capabilities,discovered,6925.187726,3303,0.470915
mainland china,discovered,6918.268010,4526,0.360436
biggest risk,discovered,6908.715270,1969,0.776726
large enterprise,discovered,6907.207897,3958,0.401176
strong dollar,discovered,6901.431173,2903,0.529455
carbon free,discovered,6900.056909,1650,0.911099
positioned support,discovered,6889.200702,2252,0.678313
electricity demand,discovered,6883.480682,1978,0.770549
global steel,discovered,6878.901422,1729,0.873232
air traffic,discovered,6877.988273,2626,0.581488
prices europe,discovered,6877.688236,2143,0.711487
production costs,discovered,6868.678765,5660,0.304334
manufacturing plants,discovered,6867.778133,2467,0.617522
private cloud,discovered,6853.293559,2759,0.552242
energy business,discovered,6851.397264,4632,0.351388
say supply,discovered,6849.461215,1649,0.906044
price levels,discovered,6849.316006,4043,0.391422
industrial gas,discovered,6846.116373,2070,0.733003
solutions enable,discovered,6843.372866,1948,0.777645
new england,discovered,6842.692593,4580,0.354105
production supply,discovered,6834.319926,1665,0.897091
canada australia,discovered,6827.153611,2344,0.645908
especially europe,discovered,6827.123392,3390,0.454119
business impacted,discovered,6824.471521,3398,0.453006
market fundamentals,discovered,6817.131129,3183,0.480163
economic indicators,discovered,6812.788799,2261,0.668144
environmental regulations,discovered,6807.410121,1742,0.859398
china hong,discovered,6803.770705,2057,0.733072
commercial sector,discovered,6801.726470,2237,0.674201
macroeconomic challenges,discovered,6800.468436,1972,0.763749
industrial applications,discovered,6789.927196,3048,0.497958
solutions continue,discovered,6786.341878,2377,0.633191
key areas,discovered,6784.952862,7306,0.256684
recent years,discovered,6783.787763,8729,0.232377
help solve,discovered,6778.320382,2013,0.746108
critical areas,discovered,6778.277984,2016,0.745011
service provide,discovered,6777.999860,2605,0.577733
prices lower,discovered,6773.912880,3998,0.391462
industrial demand,discovered,6772.676935,2249,0.667755
rising raw,discovered,6766.605615,1858,0.805026
number countries,discovered,6762.220220,2908,0.518452
growing need,discovered,6750.151971,2061,0.725960
biden administration,discovered,6747.329607,1622,0.907159
science technology,discovered,6740.520057,1946,0.767048
electricity generation,discovered,6740.073251,1911,0.780637
critical component,discovered,6740.046806,2638,0.567556
bit supply,discovered,6733.232200,1950,0.764706
cost producer,discovered,6727.443475,2313,0.645008
impact market,discovered,6722.873356,3886,0.398278
rising demand,discovered,6705.731856,2108,0.705253
issues related,discovered,6700.992863,3125,0.480695
term economic,discovered,6695.680017,1926,0.769784
global macro,discovered,6695.656817,1917,0.773296
solutions provider,discovered,6694.113256,2358,0.629640
china continue,discovered,6693.630450,2368,0.626953
prices high,discovered,6693.191062,3326,0.453814
section 232,discovered,6690.787692,1541,0.938490
capabilities support,discovered,6690.012799,2102,0.705606
america south,discovered,6687.305988,2146,0.690921
gas consumption,discovered,6670.944676,1747,0.841522
china demand,discovered,6665.899545,1655,0.882667
gas plant,discovered,6662.039962,2672,0.554242
technology leadership,discovered,6660.360219,3254,0.460776
key market,discovered,6653.190171,3354,0.448036
cost gas,discovered,6650.626228,1713,0.854364
imports china,discovered,6648.580324,1653,0.881600
gas assets,discovered,6644.102703,2081,0.707823
terms gas,discovered,6640.517052,1674,0.870968
rare earths,discovered,6637.858605,1428,0.982794
industry including,discovered,6632.702671,2093,0.702585
short medium,discovered,6632.500893,4160,0.372626
significant uncertainty,discovered,6631.955126,1837,0.798349
contract award,discovered,6628.231364,2093,0.702113
vital role,discovered,6627.511486,1573,0.916667
disruptions supply,discovered,6626.796624,1481,0.959197
growing market,discovered,6622.453801,7418,0.250862
trade finance,discovered,6619.814458,2439,0.602222
demand increase,discovered,6617.202646,2769,0.532091
trade wars,discovered,6613.437180,1431,0.979466
defense security,discovered,6613.356358,1716,0.848665
energy company,discovered,6609.556005,2264,0.647412
world continue,discovered,6608.146345,2135,0.686275
potential risks,discovered,6606.555918,1961,0.746479
new sources,discovered,6606.151897,2414,0.607143
severely impacted,discovered,6602.071838,2252,0.650115
auto production,discovered,6590.424512,2068,0.706525
uncertain environment,discovered,6588.058832,2855,0.514693
increased supply,discovered,6584.779163,1985,0.735185
commercial industrial,discovered,6577.013842,4386,0.355113
upstream downstream,discovered,6576.059939,2299,0.634382
likely remain,discovered,6568.790705,2852,0.513781
prices continued,discovered,6568.645009,2284,0.637811
play significant,discovered,6566.514682,2001,0.727372
low gas,discovered,6561.239624,1698,0.850701
situation europe,discovered,6541.310839,2029,0.714688
energy savings,discovered,6534.340138,2163,0.669867
fuel supply,discovered,6534.318525,1573,0.906106
international market,discovered,6524.992329,5567,0.297224
process technology,discovered,6514.694922,2849,0.510299
customers including,discovered,6514.255475,3711,0.403150
coal market,discovered,6514.052235,2028,0.712079
sustainable energy,discovered,6510.520158,1621,0.880500
19 related,discovered,6507.947797,3703,0.403553
macro economy,discovered,6503.280757,2354,0.612861
gulf mexico,discovered,6503.114869,8722,0.227390
engineering services,discovered,6493.454593,3267,0.448825
gas plants,discovered,6481.432978,1920,0.747955
macroeconomic geopolitical,discovered,6480.826497,1411,0.975795
challenging economic,discovered,6480.751104,4015,0.376324
announced agreement,discovered,6478.339254,2734,0.527799
look supply,discovered,6473.665308,2057,0.697761
tier suppliers,discovered,6462.230840,1809,0.790301
potential supply,discovered,6460.265434,1466,0.948867
shale plays,discovered,6460.072485,2384,0.601261
economic factors,discovered,6459.684856,2216,0.646441
industrial sector,discovered,6457.846891,2968,0.487196
technology driven,discovered,6457.255397,2427,0.590511
drive demand,discovered,6456.839334,3184,0.456946
particularly united,discovered,6453.744094,1747,0.815974
united kingdom,discovered,6451.690729,4892,0.322670
government services,discovered,6450.441688,2498,0.573462
china russia,discovered,6448.543344,1795,0.794599
prices going,discovered,6446.723314,5775,0.287757
remain weak,discovered,6446.269043,2039,0.700928
signs recovery,discovered,6442.393705,3551,0.414546
federal state,discovered,6435.273717,3327,0.438167
position industry,discovered,6430.577969,2597,0.550562
environmental protection,discovered,6416.432950,1825,0.778252
prices gas,discovered,6410.885521,1572,0.892168
different countries,discovered,6404.629482,4684,0.331259
government agency,discovered,6400.875026,2022,0.701840
gas contracts,discovered,6400.502168,1622,0.866916
oil products,discovered,6389.023560,2218,0.638825
production schedules,discovered,6387.093830,2347,0.603808
refining capacity,discovered,6386.980186,1809,0.781425
infrastructure needs,discovered,6378.003631,1545,0.901400
lockdowns china,discovered,6369.731079,1502,0.921472
risk exposure,discovered,6367.756028,2235,0.631891
macro factors,discovered,6365.021909,2669,0.531039
lng market,discovered,6364.929988,1693,0.829495
global automotive,discovered,6361.204533,1820,0.773810
associated gas,discovered,6358.792852,1606,0.869518
business critical,discovered,6356.604056,2002,0.703938
like energy,discovered,6355.293861,1705,0.822876
support future,discovered,6354.246027,4207,0.357100
wind turbines,discovered,6343.738030,2107,0.667617
production levels,discovered,6337.823903,5815,0.283313
demand industry,discovered,6334.492952,1912,0.734255
positioned help,discovered,6333.395203,1952,0.719234
remain robust,discovered,6330.648132,2632,0.535395
remain volatile,discovered,6326.495438,1716,0.814428
significant demand,discovered,6317.620828,2880,0.490881
slowdown china,discovered,6308.130998,1526,0.902425
continuing resolution,discovered,6306.627479,2041,0.685129
southeast asian,discovered,6305.265441,1873,0.745918
reduce energy,discovered,6292.973375,1729,0.804560
demand growing,discovered,6286.612829,2499,0.559060
underlying fundamentals,discovered,6282.842124,2538,0.550423
metric ton,discovered,6277.353631,3358,0.425332
management solutions,discovered,6270.907793,3707,0.390951
credit risk,discovered,6269.101322,6052,0.274293
gas cost,discovered,6263.538699,1805,0.768412
chain environment,discovered,6262.597054,1753,0.790352
solid demand,discovered,6260.710600,3215,0.440773
market continues,discovered,6251.081949,6586,0.260018
confident long,discovered,6246.159793,3454,0.413405
business supply,discovered,6245.246898,1675,0.823096
infrastructure markets,discovered,6241.312919,1546,0.884439
adversely impacted,discovered,6240.543976,3855,0.377202
export prices,discovered,6238.595465,1611,0.852381
pipeline project,discovered,6227.588124,2084,0.662639
regulatory requirements,discovered,6226.922292,3819,0.379396
co2 emissions,discovered,6226.510817,3102,0.452781
like india,discovered,6225.191547,2559,0.541244
wireless infrastructure,discovered,6222.360140,2403,0.575018
increases raw,discovered,6218.206656,2115,0.651973
joint development,discovered,6217.502211,2471,0.559176
asia europe,discovered,6216.409679,3920,0.371036
markets serve,discovered,6215.784446,5129,0.304049
projects including,discovered,6214.177773,2929,0.476028
gas wells,discovered,6211.686581,1750,0.785458
cost competitive,discovered,6208.356394,2911,0.478311
environmentally friendly,discovered,6206.002569,2279,0.604189
semiconductor shortage,discovered,6205.037999,1481,0.912508
financial institutions,discovered,6203.246195,6750,0.255112
export volumes,discovered,6202.062980,2218,0.620246
management systems,discovered,6197.106652,3674,0.390021
enterprise market,discovered,6196.555418,2869,0.483893
global recession,discovered,6171.590576,1899,0.720410
digital infrastructure,discovered,6168.834972,2314,0.591665
gas amp,discovered,6167.591604,1692,0.805714
secure supply,discovered,6161.578839,1639,0.829453
economic impact,discovered,6161.380284,3032,0.457799
liquids rich,discovered,6160.450520,2264,0.603733
high degree,discovered,6159.363994,5094,0.303576
remains difficult,discovered,6158.769743,2083,0.655650
difficult predict,discovered,6157.947672,7592,0.237770
bipartisan support,discovered,6155.542710,1428,0.933333
situation remains,discovered,6146.984870,1829,0.744707
import export,discovered,6146.626091,1491,0.900362
advanced manufacturing,discovered,6137.914704,1574,0.857766
term believe,discovered,6134.448349,3201,0.434623
political economic,discovered,6126.862075,1711,0.792130
spot price,discovered,6124.099355,3385,0.413561
single source,discovered,6122.655019,2226,0.610197
logistics supply,discovered,6121.095291,1533,0.876000
investment infrastructure,discovered,6120.398580,2302,0.590105
rising inflation,discovered,6113.644831,1592,0.845909
water management,discovered,6096.404825,2320,0.583354
new vehicles,discovered,6095.071525,2757,0.494440
ore prices,discovered,6094.771198,2063,0.655129
department commerce,discovered,6091.157520,1562,0.857770
customers increasingly,discovered,6090.005334,2492,0.543630
wave covid,discovered,6087.659868,1986,0.679671
extremely positioned,discovered,6086.928291,2721,0.499908
consumer electronics,discovered,6083.860022,5673,0.280384
remain confident,discovered,6079.378727,11531,0.193366
benefit customers,discovered,6075.052754,3108,0.442231
demand global,discovered,6067.136730,1702,0.788693
customer needs,discovered,6059.183125,5595,0.282148
chinese companies,discovered,6057.281926,1803,0.744426
hybrid electric,discovered,6049.378911,1725,0.776328
china southeast,discovered,6047.583736,1454,0.907049
strong global,discovered,6047.199113,2724,0.496356
ability produce,discovered,6044.934120,2430,0.553027
local communities,discovered,6038.608307,2780,0.486439
western canadian,discovered,6038.360664,1814,0.737698
energy source,discovered,6038.146285,1448,0.908977
help accelerate,discovered,6037.785068,3317,0.415716
commodity markets,discovered,6032.069190,2328,0.575383
rapidly changing,discovered,6031.346472,2767,0.488007
time sensitive,discovered,6025.081711,2118,0.630920
stronger demand,discovered,6022.119151,2751,0.489938
electronic warfare,discovered,6020.183162,1452,0.904673
impact economy,discovered,6018.960730,2041,0.653957
long standing,discovered,6012.691656,5873,0.272289
tariff increases,discovered,6012.146214,1752,0.760087
technology business,discovered,6011.698789,3738,0.375226
governments world,discovered,6010.270146,1491,0.883294
gas fields,discovered,6008.425926,1391,0.934812
deep expertise,discovered,6005.734893,1957,0.680459
labor markets,discovered,6003.345168,2134,0.623977
integrated supply,discovered,6001.627238,1730,0.768206
sources supply,discovered,6001.071130,1439,0.909033
positioned capture,discovered,5997.600624,3022,0.448235
industrial end,discovered,5992.346719,2353,0.565761
terms trade,discovered,5985.230451,1755,0.755489
storage facilities,discovered,5980.958171,1889,0.701970
going supply,discovered,5969.387890,1913,0.691863
positive long,discovered,5956.599189,2383,0.555607
support local,discovered,5954.425628,1749,0.754204
geopolitical risks,discovered,5953.532315,1275,0.985317
demand remain,discovered,5951.325198,2094,0.630343
term remain,discovered,5950.859696,1985,0.664769
security systems,discovered,5947.714370,1522,0.859401
challenges industry,discovered,5946.718854,1841,0.716064
key customers,discovered,5944.229167,5157,0.293913
medium term,discovered,5941.879194,17397,0.164484
mitigate risks,discovered,5938.099029,1719,0.765020
public policy,discovered,5932.805847,1815,0.724551
health human,discovered,5928.025758,1511,0.862443
support long,discovered,5926.867487,3335,0.407353
contract provide,discovered,5916.933206,1678,0.780465
industry facing,discovered,5908.579970,1933,0.677770
driving demand,discovered,5907.859424,2808,0.472409
production growth,discovered,5907.411089,5287,0.287932
support demand,discovered,5906.792157,1788,0.732187
related energy,discovered,5903.091053,1693,0.772002
purchasing power,discovered,5901.152128,3119,0.429792
support global,discovered,5897.682618,1939,0.674435
manufacturing technology,discovered,5897.129908,1575,0.826338
fully integrated,discovered,5896.546069,6032,0.264666
higher volumes,discovered,5884.710360,7447,0.234448
higher production,discovered,5884.234986,4480,0.321724
customers demand,discovered,5883.919168,2720,0.484589
ongoing uncertainty,discovered,5866.467013,1471,0.875074
shipping costs,discovered,5864.415949,2698,0.486740
duty truck,discovered,5863.029676,2262,0.575573
cost natural,discovered,5862.685146,1338,0.944915
challenges including,discovered,5859.401695,1556,0.830753
question supply,discovered,5859.076822,1762,0.736930
downward pressure,discovered,5853.013818,4559,0.316531
global economies,discovered,5842.168274,1456,0.879758
areas including,discovered,5838.012215,3194,0.417189
market access,discovered,5836.673699,4084,0.342330
mega trends,discovered,5828.207030,1555,0.827128
core markets,discovered,5827.072250,6348,0.254940
term gas,discovered,5820.041087,1271,0.973946
capital discipline,discovered,5819.788639,3297,0.405037
key component,discovered,5819.319833,4175,0.335989
economic climate,discovered,5818.600022,3366,0.398013
tariff related,discovered,5812.947938,1741,0.739907
increased prices,discovered,5809.388940,3302,0.403914
increased volatility,discovered,5807.877278,1765,0.729339
support growing,discovered,5803.572640,2472,0.523175
energy companies,discovered,5802.659691,1923,0.669102
nuclear fuel,discovered,5801.519075,1473,0.865452
offshore oil,discovered,5795.298449,1498,0.851620
impact potential,discovered,5794.761862,2379,0.541913
affect business,discovered,5785.001074,2571,0.502639
gas development,discovered,5782.892990,1435,0.883077
given challenges,discovered,5781.340915,2284,0.562423
emergency response,discovered,5780.352865,1854,0.691275
help clients,discovered,5779.998974,3297,0.402712
domestic markets,discovered,5779.889050,2637,0.490513
component supply,discovered,5779.697967,1512,0.842340
growth data,discovered,5774.532914,2814,0.461841
technology products,discovered,5768.714842,3117,0.421672
quarter supply,discovered,5766.654505,1638,0.779258
demand trends,discovered,5765.251412,4008,0.344005
public service,discovered,5763.688816,2897,0.449217
mentioned supply,discovered,5763.646318,1419,0.889098
term positive,discovered,5761.083809,2061,0.620036
energy power,discovered,5760.350084,1599,0.796712
time supply,discovered,5757.961950,1518,0.836364
japan korea,discovered,5752.284840,2565,0.501074
prices natural,discovered,5750.316940,1320,0.940841
ton miles,discovered,5742.616923,1648,0.771536
support growth,discovered,5741.105503,8419,0.217394
wet gas,discovered,5740.541469,1536,0.824919
cloud solutions,discovered,5739.499782,2234,0.570626
demand continued,discovered,5731.934014,2413,0.529051
inflation rising,discovered,5731.677003,1275,0.962264
demand gas,discovered,5731.400884,1346,0.924451
economic challenges,discovered,5730.237078,2438,0.523738
increased activity,discovered,5729.579373,4440,0.317687
government government,discovered,5727.150062,1687,0.752118
prices increase,discovered,5726.790820,2739,0.469731
prices energy,discovered,5724.859077,1471,0.856228
impact energy,discovered,5721.408158,1542,0.819341
technical expertise,discovered,5720.380416,2164,0.586768
focused areas,discovered,5718.052723,2455,0.519247
additional demand,discovered,5717.488020,2265,0.560921
regulatory compliance,discovered,5707.965572,2661,0.480846
end use,discovered,5706.384679,3252,0.403024
president trump,discovered,5702.959732,1429,0.875613
customers different,discovered,5702.688122,2758,0.465014
term secular,discovered,5701.094451,1582,0.796977
large growing,discovered,5697.977228,3032,0.427283
australia new,discovered,5688.455561,4750,0.301587
demand consumer,discovered,5687.630979,1963,0.642553
adjacent markets,discovered,5684.298632,2815,0.455207
highly skilled,discovered,5682.910303,1983,0.635577
demand expect,discovered,5677.078259,2084,0.604408
infrastructure sector,discovered,5676.586719,1499,0.835097
certain customers,discovered,5672.238254,3191,0.407431
new manufacturing,discovered,5662.645861,2679,0.474411
oil markets,discovered,5658.058231,1581,0.791688
long life,discovered,5654.846780,2737,0.464686
network infrastructure,discovered,5652.312537,2581,0.490125
supplier base,discovered,5650.215936,2055,0.609973
commercial scale,discovered,5641.396202,2095,0.597547
chain partners,discovered,5640.830402,1637,0.763170
increasing production,discovered,5639.359601,2731,0.464456
gas energy,discovered,5637.533623,1536,0.810982
customers remain,discovered,5637.148063,2300,0.545153
data management,discovered,5635.074991,3461,0.378955
cost raw,discovered,5634.733197,2557,0.492963
meters day,discovered,5634.633851,1414,0.874459
uncertainty surrounding,discovered,5634.234426,2001,0.624532
directly impacted,discovered,5632.613982,1940,0.643877
price contracts,discovered,5631.216500,2528,0.497932
negative effect,discovered,5629.903832,5504,0.272138
design build,discovered,5623.864819,2549,0.493514
digital economy,discovered,5621.594759,1543,0.805324
software hardware,discovered,5617.181168,2411,0.519388
optimistic long,discovered,5612.785414,2326,0.537058
continued economic,discovered,5612.735549,1805,0.689458
covid lockdowns,discovered,5611.043884,1611,0.771182
european market,discovered,5610.279090,5853,0.261552
uncertainty regarding,discovered,5606.390320,2002,0.621160
rest world,discovered,5604.077524,9861,0.199725
think energy,discovered,5591.595061,1628,0.760748
industry demand,discovered,5590.856882,2540,0.492439
trade agreement,discovered,5576.308727,1259,0.952345
demand industrial,discovered,5575.907562,2025,0.610860
ai enabled,discovered,5568.150486,1768,0.698262
solutions provide,discovered,5567.977992,2301,0.538498
strategically positioned,discovered,5565.253401,1720,0.717264
human services,discovered,5564.851443,1696,0.727273
major european,discovered,5563.000215,1928,0.639894
semiconductor market,discovered,5557.790392,2286,0.540937
cloud services,discovered,5556.650077,3416,0.378672
continue win,discovered,5555.211520,3443,0.376202
low levels,discovered,5554.217911,5764,0.262382
supply supply,discovered,5548.565885,1451,0.842625
years experience,discovered,5546.919523,4514,0.306970
provide services,discovered,5545.108123,3187,0.400176
higher commodity,discovered,5544.037086,2989,0.422473
companies world,discovered,5543.687767,3341,0.384819
challenging year,discovered,5542.081855,5011,0.286016
rising energy,discovered,5540.660936,1290,0.930736
material energy,discovered,5539.754906,1996,0.615669
despite current,discovered,5535.852770,2413,0.511880
strong supply,discovered,5535.748969,1529,0.800524
ai applications,discovered,5527.198320,1687,0.726216
prices impact,discovered,5525.820085,1978,0.619674
challenging market,discovered,5525.054392,5793,0.260770
ability deliver,discovered,5524.653456,6916,0.235816
additional supply,discovered,5521.844691,1729,0.708026
partner customers,discovered,5504.548096,2138,0.571811
lng projects,discovered,5494.097328,1892,0.643975
manufacturing base,discovered,5492.695237,1852,0.657670
900 megahertz,discovered,5489.786585,1475,0.821727
oil company,discovered,5487.884401,2249,0.542843
trusted partner,discovered,5481.475190,2200,0.553877
caustic soda,discovered,5480.230112,2293,0.532142
defense industry,discovered,5478.353592,1537,0.788610
distributed generation,discovered,5478.237176,1786,0.680122
power markets,discovered,5477.112460,1643,0.738759
drivers growth,discovered,5476.713108,3454,0.370999
materials segment,discovered,5475.908473,2047,0.593677
demand coming,discovered,5472.593610,4013,0.330615
strong economic,discovered,5468.352644,1955,0.620438
ip based,discovered,5467.903291,1980,0.612624
intelligence machine,discovered,5465.246279,1342,0.891102
new capabilities,discovered,5460.471729,4010,0.330259
national energy,discovered,5455.086906,1256,0.938714
ongoing covid,discovered,5453.820433,1582,0.763514
term production,discovered,5452.623686,1793,0.674314
pent demand,discovered,5451.687361,6305,0.246337
commercial markets,discovered,5448.659397,2412,0.504497
plays important,discovered,5446.831115,1740,0.694057
despite continued,discovered,5442.714208,3185,0.394232
asian markets,discovered,5441.359195,3052,0.408458
hurricane season,discovered,5441.007769,2172,0.556780
market impact,discovered,5440.606599,2905,0.426016
disk drive,discovered,5433.315531,2331,0.519617
defense intelligence,discovered,5432.269575,1243,0.943096
ion battery,discovered,5432.044968,1535,0.783163
driven demand,discovered,5427.771828,2626,0.464861
kong china,discovered,5421.449600,1398,0.853480
market right,discovered,5419.137314,6312,0.245355
building infrastructure,discovered,5418.723363,2549,0.476894
automotive production,discovered,5412.289284,1703,0.704592
face headwinds,discovered,5407.307278,1754,0.683554
wind turbine,discovered,5402.855451,2014,0.595330
takeaway capacity,discovered,5402.632408,1726,0.694009
power gas,discovered,5400.368112,1567,0.763273
provide critical,discovered,5400.320772,1310,0.900344
trade credit,discovered,5398.865624,1357,0.873230
company focused,discovered,5398.663041,3378,0.373342
help mitigate,discovered,5397.558047,2987,0.413140
european gas,discovered,5388.351011,1359,0.870596
service customers,discovered,5383.085838,5910,0.253790
oem customers,discovered,5378.222434,3581,0.355540
reliable affordable,discovered,5376.568150,1169,0.976608
security data,discovered,5373.948286,1186,0.967374
recently seen,discovered,5372.814726,2293,0.522205
gas supplies,discovered,5367.564640,1144,0.987910
countries europe,discovered,5360.198400,2900,0.421206
current oil,discovered,5358.080194,1559,0.761230
key player,discovered,5356.028149,1544,0.768159
industrial base,discovered,5354.331458,1440,0.820981
products china,discovered,5353.104343,1994,0.595757
rates inflation,discovered,5352.741308,1688,0.703040
reduce greenhouse,discovered,5351.892869,1209,0.951969
need ensure,discovered,5351.741404,2009,0.591230
focus operational,discovered,5344.023108,3482,0.361578
states china,discovered,5343.545419,1181,0.966448
current global,discovered,5343.408751,1579,0.749763
19 outbreak,discovered,5342.431014,1692,0.700041
projects like,discovered,5339.059484,3482,0.361316
power station,discovered,5336.954631,2136,0.555382
subject matter,discovered,5335.703017,1942,0.609542
west africa,discovered,5331.688022,4048,0.322370
market participants,discovered,5330.535001,3087,0.397656
chain issue,discovered,5330.001440,1341,0.872479
driven supply,discovered,5327.973310,1493,0.789529
china australia,discovered,5327.619695,1407,0.835015
000 barrels,discovered,5324.360228,11402,0.184046
say china,discovered,5322.820283,1618,0.729157
federal business,discovered,5321.883129,2007,0.588563
prices strong,discovered,5317.526949,1615,0.729779
defense markets,discovered,5312.649101,1412,0.830100
gas lng,discovered,5311.962776,1240,0.928839
taking place,discovered,5308.544417,8888,0.204214
tariff impact,discovered,5306.859722,2208,0.535013
executive order,discovered,5304.935605,1408,0.831169
provide long,discovered,5304.676124,2073,0.568412
government india,discovered,5299.341127,2119,0.555876
including potential,discovered,5298.607688,2183,0.540079
ukraine conflict,discovered,5292.906899,1255,0.917398
chain shortages,discovered,5291.828907,1190,0.955056
heavy crude,discovered,5291.661608,1488,0.786885
highly volatile,discovered,5291.005140,1627,0.720868
uncertainty volatility,discovered,5288.873182,1358,0.856782
prime minister,discovered,5287.700134,2018,0.581724
increase natural,discovered,5285.919189,1302,0.888737
world needs,discovered,5282.430331,1313,0.881800
managing supply,discovered,5278.971669,1615,0.724540
emerging countries,discovered,5270.322689,2659,0.447718
macroeconomic uncertainties,discovered,5269.520249,1272,0.904051
private companies,discovered,5262.677238,2656,0.447590
generation capacity,discovered,5262.400144,2101,0.556704
remain positioned,discovered,5256.139158,2859,0.419270
shortage supply,discovered,5253.731082,1234,0.924345
critical business,discovered,5251.794529,1917,0.607800
global business,discovered,5249.219879,4528,0.295041
developing countries,discovered,5248.142055,1920,0.606443
applications including,discovered,5247.918290,2099,0.555732
capacity addition,discovered,5245.363845,2196,0.531848
gas coal,discovered,5245.030581,1390,0.832335
local government,discovered,5240.508189,2920,0.410747
energy services,discovered,5239.311810,3437,0.359669
carbon neutrality,discovered,5239.259895,1686,0.689007
know china,discovered,5239.142964,1712,0.678557
term structural,discovered,5234.857405,1586,0.731550
essential business,discovered,5227.924915,1355,0.849530
demand increasing,discovered,5227.915841,2067,0.561990
lng export,discovered,5222.571519,1253,0.908629
intelligence community,discovered,5219.571802,1167,0.958915
china continues,discovered,5219.543182,1948,0.594628
developing markets,discovered,5216.734273,3283,0.371632
local supply,discovered,5216.382739,1204,0.936965
significant economic,discovered,5214.904396,1576,0.733364
broad range,discovered,5213.844758,5642,0.255943
segment continue,discovered,5212.103424,3012,0.398360
processing facility,discovered,5210.925753,2018,0.573458
global warming,discovered,5210.198845,1306,0.875335
changes consumer,discovered,5206.975510,1766,0.653832
chain capabilities,discovered,5206.503274,1400,0.821114
inflation higher,discovered,5201.766372,2107,0.548984
rig counts,discovered,5201.158242,1935,0.596486
operations supply,discovered,5200.569145,1469,0.783467
impact economic,discovered,5197.949245,1871,0.616271
providing customers,discovered,5195.317763,2796,0.423123
technical capabilities,discovered,5193.581139,1873,0.615107
emerging technologies,discovered,5191.928044,1769,0.650846
markets united,discovered,5189.244642,1554,0.740000
positioned provide,discovered,5188.831760,1561,0.736668
power energy,discovered,5187.215092,1581,0.727231
additional gas,discovered,5185.281225,1203,0.933282
zero emission,discovered,5179.212923,1905,0.603230
strategic focus,discovered,5178.804608,5127,0.270027
contract manufacturer,discovered,5164.635838,1950,0.587881
weak economic,discovered,5164.143919,1880,0.609400
south american,discovered,5159.450033,2976,0.398981
meet evolving,discovered,5156.448619,1624,0.703945
looking value,discovered,5153.763256,1945,0.588146
manufacturing sector,discovered,5148.452117,1903,0.600315
deliver solutions,discovered,5145.057550,1534,0.743217
service offerings,discovered,5143.548314,5020,0.272426
critical long,discovered,5142.720746,1522,0.748647
production increase,discovered,5141.868548,2524,0.458826
domestic prices,discovered,5138.356802,1409,0.806064
issues supply,discovered,5137.687587,1391,0.815836
negatively affected,discovered,5137.513133,3854,0.325177
backup power,discovered,5133.656765,1515,0.750743
happening china,discovered,5130.898917,1415,0.801700
based supply,discovered,5130.024583,1297,0.868721
impact raw,discovered,5126.634623,1920,0.592593
risk factor,discovered,5124.448431,1901,0.598175
chain labor,discovered,5120.975107,1234,0.905356
use technology,discovered,5116.385603,3534,0.345691
infrastructure service,discovered,5116.353260,1529,0.741513
food security,discovered,5109.747843,1154,0.952145
electricity supply,discovered,5109.383002,1172,0.941365
growth global,discovered,5108.103157,2906,0.403611
heat power,discovered,5105.670493,1186,0.932390
given global,discovered,5105.106246,1551,0.729539
high sulfur,discovered,5102.254999,1443,0.782538
ton mile,discovered,5087.756518,1384,0.812207
gas coming,discovered,5086.777477,1318,0.849774
economy continues,discovered,5085.344132,2806,0.414170
government defense,discovered,5082.209346,1421,0.791203
world including,discovered,5077.385026,1973,0.571553
customer inventory,discovered,5076.159524,1946,0.579167
security operations,discovered,5075.858739,1199,0.920184
technical support,discovered,5074.829240,2314,0.490774
customers facing,discovered,5066.237236,1436,0.780859
like europe,discovered,5065.117129,2340,0.484874
cleaner energy,discovered,5063.174832,1122,0.964746
china south,discovered,5062.575369,1473,0.761240
remains significant,discovered,5060.655267,2076,0.542320
edge technologies,discovered,5060.571038,1414,0.791713
term value,discovered,5059.398070,8320,0.205895
continue create,discovered,5055.540070,2905,0.400248
potential new,discovered,5055.307407,4837,0.275833
new tariff,discovered,5046.308076,1545,0.723993
security space,discovered,5042.274859,1168,0.934400
china really,discovered,5039.779133,1894,0.590583
strategically important,discovered,5039.763821,2766,0.416065
secure new,discovered,5034.943393,1760,0.634463
equity markets,discovered,5033.459256,5373,0.258007
technology like,discovered,5032.424228,1875,0.595616
shallow water,discovered,5032.127334,1900,0.587871
new oil,discovered,5025.678867,1324,0.836915
reducing carbon,discovered,5023.189187,1455,0.764582
capacity support,discovered,5020.627442,2402,0.469599
unique ability,discovered,5018.570043,2105,0.530895
gas generation,discovered,5014.799214,1280,0.861373
new nuclear,discovered,5014.694986,1534,0.724610
volatility uncertainty,discovered,5013.450302,1480,0.750507
population growth,discovered,5013.063266,2689,0.424333
impact production,discovered,5009.435296,2278,0.492009
defense market,discovered,5008.988252,1800,0.617284
regarding potential,discovered,5008.735313,2354,0.477291
investment opportunity,discovered,5007.569547,2723,0.419375
high efficiency,discovered,5000.778368,2609,0.434688
market expected,discovered,5000.729466,3013,0.384900
remain positive,discovered,5000.155466,3635,0.332723
environment including,discovered,4996.877431,1536,0.721127
european commission,discovered,4993.565824,2872,0.399944
stock market,discovered,4993.492936,4837,0.273710
highly accented,discovered,4989.035876,1904,0.581729
supply markets,discovered,4988.774546,1370,0.804935
buying patterns,discovered,4986.991177,2459,0.456978
electric gas,discovered,4986.705569,1756,0.629842
increasing rates,discovered,4985.827499,2192,0.507760
china just,discovered,4983.537112,2097,0.529278
production facility,discovered,4981.318435,3233,0.362688
term future,discovered,4975.888099,3093,0.375319
remain uncertain,discovered,4971.224636,1366,0.804476
include limited,discovered,4970.061964,1813,0.608185
continue produce,discovered,4969.414218,2739,0.414560
customers potential,discovered,4968.063012,1977,0.558475
task orders,discovered,4960.503966,1847,0.595999
ability serve,discovered,4959.513643,2318,0.479719
market forces,discovered,4959.204713,1754,0.627100
use cases,discovered,4958.006362,7078,0.220299
believe new,discovered,4955.073600,3971,0.310259
markets demand,discovered,4952.410933,1604,0.684592
increased energy,discovered,4951.538951,1315,0.830701
potential tariffs,discovered,4949.417680,1178,0.914596
zero emissions,discovered,4943.591450,1237,0.876683
infrastructure project,discovered,4941.350940,1517,0.722037
source supply,discovered,4939.825966,1304,0.835362
markets driven,discovered,4936.592915,1587,0.689700
bigger issue,discovered,4936.229199,1861,0.588738
increased investment,discovered,4932.297282,4545,0.282526
customers critical,discovered,4932.153336,1250,0.866852
despite global,discovered,4929.355145,1233,0.876956
smart city,discovered,4926.810499,1574,0.694004
gas contract,discovered,4923.778511,1249,0.866158
election year,discovered,4921.910425,2067,0.530272
focus area,discovered,4920.520490,4491,0.284276
seen impact,discovered,4917.699811,4379,0.288890
gas going,discovered,4914.700317,1695,0.643020
low energy,discovered,4909.797948,1461,0.744648
market china,discovered,4907.340472,3053,0.375061
trade policies,discovered,4896.950418,1067,0.975320
technology systems,discovered,4895.270991,1650,0.657895
chain costs,discovered,4892.506129,2294,0.478315
satellite communications,discovered,4890.962990,1189,0.898715
power production,discovered,4890.105542,1417,0.764293
customers ability,discovered,4881.659332,2367,0.463936
inflation environment,discovered,4881.139727,1676,0.645857
pipeline infrastructure,discovered,4880.900534,1280,0.840446
energy water,discovered,4876.609393,1313,0.820112
minimize impact,discovered,4875.836597,2415,0.455145
having impact,discovered,4873.994680,4829,0.269897
global infrastructure,discovered,4873.458084,1812,0.596838
russian gas,discovered,4868.639119,1067,0.971767
think gas,discovered,4867.509962,1390,0.775237
continue operate,discovered,4867.020221,4931,0.266224
adversely affected,discovered,4860.057749,2692,0.412820
vehicle market,discovered,4855.255281,2348,0.465043
technological innovation,discovered,4851.955871,1514,0.710465
significant impact,discovered,4850.112911,9596,0.189997
particularly important,discovered,4847.530436,2725,0.407690
renewed focus,discovered,4845.556243,2417,0.452283
integrated solutions,discovered,4839.931580,2702,0.410077
positioned meet,discovered,4837.879583,2139,0.505077
key end,discovered,4831.784589,1898,0.565554
proprietary technology,discovered,4825.787750,2483,0.440014
water infrastructure,discovered,4825.255789,1865,0.574553
supply gas,discovered,4825.014609,1041,0.981150
regulatory commission,discovered,4824.343942,1439,0.742901
high speed,discovered,4824.337685,6921,0.219763
prices particularly,discovered,4819.892976,1527,0.699817
energy customers,discovered,4819.049281,1396,0.764513
question gas,discovered,4815.024257,1146,0.914605
ai models,discovered,4815.015704,1566,0.681759
car prices,discovered,4814.875251,1768,0.604238
low commodity,discovered,4814.335740,1491,0.715795
position global,discovered,4813.423772,1665,0.641124
food supply,discovered,4811.762590,1136,0.920583
despite short,discovered,4811.353692,1526,0.699038
high volume,discovered,4810.530997,6883,0.220052
think china,discovered,4810.352727,2449,0.444142
build operate,discovered,4806.630957,1543,0.690689
announced partnership,discovered,4805.404334,2256,0.477764
positive market,discovered,4803.997572,2943,0.379742
semiconductor manufacturing,discovered,4803.040362,1300,0.816070
decline oil,discovered,4801.608904,1537,0.692654
technology capabilities,discovered,4800.641283,2042,0.523858
industry participants,discovered,4792.962125,1822,0.583974
security issues,discovered,4792.251339,1137,0.916935
indirect impact,discovered,4791.579384,1311,0.807763
demand related,discovered,4790.975824,1577,0.673644
power distribution,discovered,4790.722493,1663,0.638878
gas field,discovered,4790.117361,1455,0.729689
continued pressure,discovered,4789.518432,2975,0.375536
lng project,discovered,4784.064144,1944,0.547297
safety reliability,discovered,4782.871451,1661,0.638601
key enabler,discovered,4781.096507,1688,0.628210
activity remains,discovered,4779.198833,2266,0.473464
light heavy,discovered,4778.141032,1349,0.783847
infrastructure company,discovered,4774.147418,1488,0.711281
given continued,discovered,4773.460689,2575,0.422270
geopolitical uncertainties,discovered,4773.000539,1044,0.972973
gas fuel,discovered,4771.851369,1099,0.938514
china japan,discovered,4769.698461,2337,0.459587
services provide,discovered,4767.833529,3584,0.324697
decades come,discovered,4765.420390,1487,0.710463
healthy demand,discovered,4764.346159,2460,0.438659
prices especially,discovered,4763.897306,1502,0.703184
looking supply,discovered,4759.233314,1285,0.817950
demand domestic,discovered,4754.394051,1476,0.714078
term medium,discovered,4751.767220,2136,0.497322
kong macau,discovered,4748.808539,1631,0.645685
expect continued,discovered,4747.398295,7941,0.204302
government funding,discovered,4745.620668,2129,0.498245
growth oil,discovered,4744.411329,1426,0.737332
pandemic related,discovered,4744.080334,2693,0.404354
recovery global,discovered,4743.819835,1194,0.872169
continuing develop,discovered,4741.713958,2224,0.478177
transportation costs,discovered,4741.059866,3738,0.313828
impact tariff,discovered,4739.417564,1256,0.832339
economic cycles,discovered,4738.929025,2363,0.452422
domestic consumption,discovered,4738.268190,1573,0.667941
serve growing,discovered,4738.014740,1458,0.720356
impacted global,discovered,4734.375794,1203,0.864845
impact trade,discovered,4732.615796,1147,0.901021
terawatt hours,discovered,4730.394818,2331,0.457238
alternative sources,discovered,4730.369524,1510,0.694572
potential long,discovered,4722.460484,1701,0.615858
financial services,discovered,4721.449430,13909,0.164155
utility customers,discovered,4718.805884,1687,0.620449
ability supply,discovered,4712.687489,1637,0.638456
look global,discovered,4708.625755,2091,0.503007
future energy,discovered,4707.128590,1202,0.861032
major role,discovered,4701.608575,1788,0.583741
energy saving,discovered,4700.541265,1640,0.635659
international oil,discovered,4698.824301,1314,0.791090
customers access,discovered,4698.414429,2218,0.475354
global customer,discovered,4696.734584,2003,0.522567
inaudible highly,discovered,4695.542769,1710,0.609191
growth energy,discovered,4694.679986,1631,0.638356
ongoing challenges,discovered,4693.070313,1712,0.608171
global company,discovered,4691.324494,2249,0.468737
expanding global,discovered,4690.660510,1750,0.594833
current demand,discovered,4689.530124,2587,0.414251
china north,discovered,4688.437960,1323,0.784232
500 companies,discovered,4688.106400,1670,0.622670
constrained supply,discovered,4687.022104,1324,0.783432
climate related,discovered,4685.561154,1176,0.874349
market high,discovered,4680.138601,2906,0.375646
require significant,discovered,4679.172969,1806,0.575342
disaster recovery,discovered,4677.677192,1744,0.595222
stand ready,discovered,4675.833927,1527,0.678968
jet fuel,discovered,4674.839400,2602,0.411123
cloud environments,discovered,4673.790030,1251,0.824654
prices expected,discovered,4667.429042,1711,0.605235
driven increased,discovered,4667.407990,5508,0.243566
uncertain economic,discovered,4666.885011,2314,0.454706
secure long,discovered,4664.798352,1504,0.687700
cost effectively,discovered,4663.724782,2802,0.385791
ensure supply,discovered,4660.880920,1081,0.933506
especially north,discovered,4660.725091,2133,0.489108
customers china,discovered,4660.383409,1880,0.551158
china particular,discovered,4653.635475,1521,0.678412
cloud service,discovered,4653.372548,2244,0.466237
continues impacted,discovered,4653.169291,1799,0.574393
electric utilities,discovered,4653.031971,1468,0.702729
supply cost,discovered,4652.373131,1458,0.707424
threat intelligence,discovered,4649.968033,1082,0.931153
cyber attacks,discovered,4646.480285,1013,0.974976
china course,discovered,4644.933784,1262,0.813144
signed long,discovered,4637.712077,1393,0.737818
like supply,discovered,4636.870106,1523,0.675089
expand production,discovered,4636.470581,1580,0.650741
business remains,discovered,4635.724366,4572,0.270661
east region,discovered,4634.538769,1618,0.635257
charging infrastructure,discovered,4634.010947,1511,0.680018
costs supply,discovered,4633.102969,1519,0.676313
energy raw,discovered,4632.575301,1232,0.829630
terms oil,discovered,4631.812202,1276,0.802516
slowdown demand,discovered,4631.399207,1649,0.622969
continue remain,discovered,4630.960566,4873,0.260213
chinese oems,discovered,4630.457770,1403,0.731491
remain tight,discovered,4624.285340,1449,0.707520
expected demand,discovered,4623.607857,2075,0.498080
car production,discovered,4621.860562,1508,0.679585
current preliminary,discovered,4620.500863,1306,0.782974
services solutions,discovered,4615.843052,2182,0.474761
national defense,discovered,4614.612122,987,0.986014
security service,discovered,4609.273447,1232,0.825737
defense department,discovered,4603.330862,1086,0.921120
mexico canada,discovered,4602.238994,1520,0.671378
products supply,discovered,4597.589011,1264,0.804071
demand destruction,discovered,4597.131587,1506,0.676854
products technology,discovered,4593.746393,2088,0.492221
despite near,discovered,4592.813686,1491,0.683005
uk government,discovered,4592.384528,1472,0.691729
global lng,discovered,4591.329006,1033,0.954713
continue challenging,discovered,4590.813574,1867,0.546866
help meet,discovered,4590.021334,1819,0.560727
driven factors,discovered,4589.418959,2788,0.382337
new tariffs,discovered,4589.180582,1385,0.734358
energy systems,discovered,4588.535521,1702,0.598243
services technology,discovered,4586.983307,1579,0.644227
india middle,discovered,4584.950603,1359,0.747525
largest producer,discovered,4584.921878,1340,0.757919
potential customers,discovered,4579.916478,4318,0.278419
base load,discovered,4575.348475,1955,0.521612
chip shortages,discovered,4568.889657,1139,0.879537
production high,discovered,4567.260526,1583,0.639854
leading position,discovered,4566.654599,4834,0.259293
wide range,discovered,4566.576903,7512,0.205865
role helping,discovered,4566.429139,1410,0.717923
year gas,discovered,4565.471496,1288,0.784409
offset impact,discovered,4562.375424,5199,0.248411
highly regulated,discovered,4562.271750,1472,0.687208
demand result,discovered,4561.255126,1291,0.781950
believe supply,discovered,4559.689308,1305,0.773563
issues continue,discovered,4559.442598,1430,0.706871
growth supply,discovered,4557.897165,1364,0.740499
driven global,discovered,4557.664323,1381,0.731462
travel restrictions,discovered,4553.240301,2725,0.387019
focus remains,discovered,4552.474193,3624,0.311715
technology platforms,discovered,4550.241709,2800,0.378378
light oil,discovered,4548.610269,1535,0.657106
security compliance,discovered,4547.644269,1247,0.806076
key growth,discovered,4547.153915,4906,0.256389
lng supply,discovered,4545.520350,1002,0.968116
essential service,discovered,4543.763352,1244,0.807268
power stations,discovered,4542.170984,1434,0.702253
market global,discovered,4540.876606,1617,0.622881
shortages supply,discovered,4540.763159,1001,0.968085
continues operate,discovered,4536.304198,1824,0.552895
global network,discovered,4535.886802,2434,0.424190
production tax,discovered,4535.406975,1647,0.610905
sector continues,discovered,4535.295175,1594,0.631037
higher costs,discovered,4534.789149,6438,0.220911
coal demand,discovered,4534.457708,1187,0.841844
wireless networks,discovered,4533.513471,1440,0.698013
services help,discovered,4531.895339,1939,0.520956
gas based,discovered,4531.118740,1108,0.894270
national institute,discovered,4530.355466,1179,0.846375
leading technology,discovered,4530.190906,2517,0.411745
business conditions,discovered,4521.611986,3621,0.310416
prices oil,discovered,4519.935616,1434,0.698830
need energy,discovered,4517.775061,983,0.976167
international prices,discovered,4514.787571,1650,0.607064
economic stimulus,discovered,4513.843483,1319,0.758046
pacific region,discovered,4512.193262,4086,0.285734
lng prices,discovered,4510.545023,1173,0.846931
sustainable solutions,discovered,4509.396909,1545,0.647256
gas utilities,discovered,4508.900529,1590,0.628956
supply come,discovered,4503.699122,1177,0.843123
support government,discovered,4501.001577,1560,0.639869
government policies,discovered,4500.224389,1339,0.744716
coast guard,discovered,4499.728258,1428,0.698630
software solutions,discovered,4498.663203,3024,0.352941
current macro,discovered,4498.407755,2063,0.488168
chinese demand,discovered,4496.075308,1205,0.823650
product life,discovered,4495.667963,1874,0.534055
asia particularly,discovered,4494.574848,1382,0.720918
oil based,discovered,4492.497034,1476,0.674897
power outages,discovered,4491.490767,1315,0.756617
countries operate,discovered,4489.515256,2211,0.457480
battery materials,discovered,4487.415856,1425,0.698187
exposure china,discovered,4484.863477,1252,0.792405
challenges related,discovered,4484.592087,1515,0.656412
lot volatility,discovered,4483.900335,2735,0.381078
markets india,discovered,4483.016889,1386,0.717020
need reduce,discovered,4479.328311,1784,0.558023
product tanker,discovered,4477.927194,1603,0.619637
hydrogen fuel,discovered,4477.907784,1378,0.720335
overall economy,discovered,4476.655475,2717,0.382622
new vehicle,discovered,4470.605341,3421,0.320558
current administration,discovered,4469.461284,1298,0.762632
term uncertainty,discovered,4466.882632,1277,0.774409
regulatory changes,discovered,4465.274787,3294,0.329170
chain situation,discovered,4465.099487,1136,0.863878
rising cost,discovered,4463.650601,1749,0.566937
government commercial,discovered,4461.295764,1328,0.744395
supply high,discovered,4459.841821,1302,0.758741
chemical industry,discovered,4459.625577,1839,0.539613
create opportunities,discovered,4455.996749,2331,0.433674
able supply,discovered,4455.615862,2228,0.451286
continues provide,discovered,4452.150788,2649,0.388873
accented language,discovered,4451.442554,1622,0.608859
current geopolitical,discovered,4450.402293,951,0.986515
production sales,discovered,4449.683174,3018,0.350523
impacted business,discovered,4447.612563,2164,0.462492
improvement supply,discovered,4445.796698,1338,0.736379
safety stock,discovered,4444.581893,2075,0.480213
heating season,discovered,4439.788966,1607,0.612891
position leader,discovered,4439.382687,1568,0.627954
technology based,discovered,4433.789678,1820,0.541989
increased production,discovered,4432.369214,3858,0.293273
parts asia,discovered,4432.243227,1659,0.592924
macroeconomic outlook,discovered,4431.048616,1369,0.717505
cost high,discovered,4428.555689,2238,0.447064
lower commodity,discovered,4426.360264,2437,0.414950
technology leader,discovered,4425.773920,1641,0.598468
oil recovery,discovered,4424.727586,1351,0.725954
current environment,discovered,4424.183054,8848,0.189161
pressure supply,discovered,4419.101940,1226,0.797139
manufacturing companies,discovered,4417.665003,1336,0.732858
short supply,discovered,4415.137765,1854,0.530320
policy changes,discovered,4414.336200,1982,0.497865
renewable sources,discovered,4414.030469,1357,0.721041
edge technology,discovered,4413.296166,2141,0.463721
continue benefit,discovered,4412.076125,5990,0.225970
solutions like,discovered,4409.020504,2022,0.488170
continued weakness,discovered,4407.917635,2652,0.385353
world economic,discovered,4407.200195,1267,0.770213
labor supply,discovered,4402.951711,1307,0.746431
new power,discovered,4402.050092,1911,0.513848
remained strong,discovered,4400.857609,6921,0.210211
increased competition,discovered,4398.766889,3772,0.296215
address growing,discovered,4392.452960,1250,0.777847
new car,discovered,4392.146281,3657,0.302181
opportunities areas,discovered,4390.945107,1768,0.552155
central europe,discovered,4390.305274,3596,0.305600
economic recession,discovered,4390.118592,1535,0.634298
finished products,discovered,4388.120920,1974,0.496979
capacity supply,discovered,4386.399889,1395,0.697151
expect global,discovered,4381.924148,1726,0.564052
benefit increased,discovered,4381.078585,2136,0.461638
priority areas,discovered,4381.072941,1367,0.710499
center customers,discovered,4377.129855,1429,0.679183
unique capabilities,discovered,4373.188608,1834,0.530979
america china,discovered,4370.968367,1731,0.561102
sources energy,discovered,4370.307763,972,0.962376
limited supply,discovered,4370.115266,1866,0.521958
gas exploration,discovered,4369.464125,1216,0.794771
hot rolled,discovered,4369.405856,1850,0.526166
infrastructure including,discovered,4367.601808,1378,0.702703
end users,discovered,4362.171976,4812,0.253090
market recovery,discovered,4359.076382,3308,0.322480
address challenges,discovered,4357.514612,2029,0.481376
increased uncertainty,discovered,4354.997514,1168,0.823115
business opportunities,discovered,4353.527630,5608,0.232244
production line,discovered,4353.217471,3412,0.315138
defense sector,discovered,4350.213347,1354,0.712257
chain supply,discovered,4347.245862,1032,0.916519
global industrial,discovered,4346.239036,1399,0.688823
demand core,discovered,4344.188380,1575,0.611888
energy products,discovered,4343.083338,1584,0.608295
continue impacted,discovered,4339.366867,2104,0.463947
covid restrictions,discovered,4339.355279,2136,0.457682
positioned navigate,discovered,4334.591049,1353,0.710236
state federal,discovered,4333.406205,1926,0.502610
professional lines,discovered,4333.148246,1303,0.736991
environmental sustainability,discovered,4332.837748,1163,0.822489
gas plays,discovered,4332.659031,1160,0.824449
year global,discovered,4331.490193,1977,0.490327
carbon emission,discovered,4330.500754,1363,0.704393
increase global,discovered,4329.847566,1588,0.604952
inflation high,discovered,4328.758487,1382,0.694472
data science,discovered,4328.701306,2265,0.433576
potential demand,discovered,4328.229655,1317,0.728429
lot countries,discovered,4327.341595,1443,0.664977
power industry,discovered,4326.957561,1413,0.679000
companies working,discovered,4323.532840,1914,0.504481
supply year,discovered,4320.525576,1243,0.769659
postal service,discovered,4320.209380,1708,0.562027
western europe,discovered,4319.295213,7375,0.202415
global technology,discovered,4314.881553,1680,0.570458
believe unique,discovered,4311.882921,1918,0.502226
year agreement,discovered,4311.699923,2259,0.433090
ongoing impact,discovered,4311.342517,1748,0.548478
addressable market,discovered,4307.685303,7440,0.201380
storage solutions,discovered,4306.307664,1733,0.552439
market situation,discovered,4306.302408,4188,0.273030
day natural,discovered,4305.748206,1041,0.902862
gas producers,discovered,4304.907081,1124,0.843844
china united,discovered,4303.214229,967,0.955534
economies world,discovered,4302.173672,1212,0.785483
new contract,discovered,4300.109692,5246,0.239139
respond quickly,discovered,4299.462562,2000,0.481812
business technology,discovered,4296.093862,1882,0.509475
ai infrastructure,discovered,4294.610758,1276,0.745763
trading partners,discovered,4293.589060,1204,0.788991
operations center,discovered,4284.486797,1354,0.701554
supply remains,discovered,4282.719098,1053,0.890110
extremely challenging,discovered,4282.043744,1958,0.489500
enterprise security,discovered,4277.411268,1524,0.622549
term sustainable,discovered,4275.518875,3817,0.288402
regarding supply,discovered,4274.807830,1041,0.897414
kind supply,discovered,4272.575024,1310,0.722958
reduce co2,discovered,4271.930437,1264,0.748815
creating new,discovered,4267.081101,3381,0.312737
auto market,discovered,4264.939222,1722,0.550688
large global,discovered,4263.104714,2411,0.405619
environment particularly,discovered,4262.832968,1974,0.483824
despite supply,discovered,4260.567651,1103,0.850424
trends driving,discovered,4259.016011,1448,0.652252
china think,discovered,4258.216216,2170,0.443763
seen supply,discovered,4257.373968,998,0.925788
market short,discovered,4255.010127,1538,0.613727
shale oil,discovered,4249.409121,1244,0.756691
term energy,discovered,4248.390914,995,0.926443
chain including,discovered,4240.338653,1083,0.860890
market backdrop,discovered,4240.156845,1986,0.478785
light current,discovered,4238.289922,2051,0.464763
spread covid,discovered,4236.514262,1485,0.632723
investment amp,discovered,4236.476500,3010,0.338430
security cloud,discovered,4236.410612,1003,0.918498
ongoing global,discovered,4235.665681,1196,0.783748
domestic manufacturing,discovered,4233.643817,1244,0.753939
global companies,discovered,4233.030748,1508,0.622626
demand recovery,discovered,4232.041395,2084,0.457519
customers ensure,discovered,4231.836593,1391,0.674588
china plus,discovered,4225.715717,1161,0.804574
europe countries,discovered,4223.170942,1401,0.668416
large financial,discovered,4221.597277,1618,0.579305
ai driven,discovered,4220.404156,2346,0.411579
supported strong,discovered,4217.122838,3421,0.307644
sort supply,discovered,4216.611990,1098,0.845917
open season,discovered,4216.331506,1737,0.540112
lack supply,discovered,4214.314660,1237,0.754728
large commercial,discovered,4214.295862,2348,0.410777
announced strategic,discovered,4211.526146,1993,0.474298
markets strong,discovered,4207.874199,3159,0.325000
think trade,discovered,4205.300283,1455,0.640969
recovery china,discovered,4204.085584,1248,0.746411
supply capacity,discovered,4202.470569,1155,0.804318
firmly believe,discovered,4196.732610,3759,0.287781
mile demand,discovered,4195.950457,903,0.982590
chain cost,discovered,4194.889940,1513,0.615041
industry continued,discovered,4194.724697,1312,0.708806
operating rates,discovered,4193.463441,3059,0.331887
reliable supply,discovered,4193.417808,1054,0.873239
sure supply,discovered,4192.310646,1176,0.788732
impact oil,discovered,4188.390800,1216,0.762861
treatment plant,discovered,4185.851088,1516,0.612525
government mandated,discovered,4185.486963,1229,0.754451
renewable energies,discovered,4184.727516,1253,0.740106
prices customers,discovered,4184.130526,1748,0.532927
reflects current,discovered,4182.788973,1745,0.533639
continue navigate,discovered,4182.528304,1872,0.499333
infrastructure need,discovered,4178.823024,1203,0.769182
automotive business,discovered,4178.445179,3284,0.314529
announced acquisition,discovered,4176.751181,3904,0.279957
indian market,discovered,4176.113666,2521,0.384299
energy environment,discovered,4175.821184,1160,0.796156
technology support,discovered,4175.672045,1746,0.532479
believe uniquely,discovered,4172.077102,1367,0.676733
electricity consumption,discovered,4171.742202,1227,0.753223
refined product,discovered,4169.944079,1674,0.553755
price index,discovered,4169.044584,1769,0.525082
fuel price,discovered,4166.596173,2997,0.335347
commodity pricing,discovered,4166.183838,2157,0.437614
result supply,discovered,4165.028308,1058,0.865086
given macro,discovered,4164.591363,2049,0.457877
developing world,discovered,4164.227971,1453,0.635608
spare capacity,discovered,4164.135350,1730,0.535770
impact ongoing,discovered,4161.037029,1581,0.584257
rising commodity,discovered,4160.454675,1270,0.726129
economic geopolitical,discovered,4159.990933,905,0.976268
states government,discovered,4159.459434,1015,0.895852
chain solutions,discovered,4159.324548,1398,0.659745
continues challenging,discovered,4159.059658,2014,0.464483
exploration development,discovered,4155.038810,1883,0.493578
gas service,discovered,4154.741318,1108,0.827483
american gas,discovered,4152.853825,984,0.917910
terms technology,discovered,4149.154228,2306,0.411639
production rates,discovered,4144.831479,3899,0.278819
know supply,discovered,4142.248006,1217,0.754027
seeing growing,discovered,4139.606392,1734,0.531576
critical need,discovered,4133.653676,1104,0.826347
potential economic,discovered,4133.491301,1128,0.809763
lng demand,discovered,4132.425392,1011,0.893899
open source,discovered,4130.226678,2571,0.374891
believe global,discovered,4128.865415,1345,0.680668
prices improved,discovered,4127.648134,1575,0.581825
large industrial,discovered,4127.322587,1451,0.630870
measures place,discovered,4125.916985,2033,0.457265
development new,discovered,4125.265749,4600,0.251517
spot market,discovered,4124.206008,6267,0.213672
data privacy,discovered,4122.940267,1117,0.815328
smart cities,discovered,4122.841553,1081,0.840591
current market,discovered,4120.640748,9973,0.175702
meeting needs,discovered,4117.509300,1910,0.483055
number factors,discovered,4116.565086,5522,0.227374
situational awareness,discovered,4114.047546,927,0.953704
risk supply,discovered,4113.842680,938,0.945565
prices year,discovered,4112.929518,3010,0.331097
continues develop,discovered,4112.745166,1889,0.487484
cost fuel,discovered,4112.406229,1765,0.519423
able pass,discovered,4111.022447,3299,0.309969
markets europe,discovered,4110.010739,3278,0.311301
tariffs impact,discovered,4107.441566,1076,0.841282
really critical,discovered,4106.317203,2070,0.448052
low sulfur,discovered,4103.313051,1696,0.538413
industry faced,discovered,4101.294889,1176,0.772160
nat gas,discovered,4099.570043,1347,0.674850
shale play,discovered,4098.044796,1547,0.587989
hot topic,discovered,4095.227329,1971,0.467062
core technology,discovered,4094.205900,2158,0.430825
prices course,discovered,4094.137314,1388,0.654100
projects include,discovered,4094.045449,1402,0.647575
distribution networks,discovered,4092.979321,1592,0.571019
product demand,discovered,4092.886289,2081,0.444658
china strong,discovered,4092.597635,1571,0.578424
petroleum products,discovered,4091.475885,1409,0.643967
aging infrastructure,discovered,4089.263990,1094,0.825038
significant disruption,discovered,4085.724580,1264,0.716553
impact rising,discovered,4085.340208,1746,0.521505
national grid,discovered,4083.102966,1551,0.584401
demand areas,discovered,4079.910388,1224,0.738684
gasoline diesel,discovered,4073.209092,1444,0.625650
covid supply,discovered,4072.608690,942,0.935452
technology provide,discovered,4072.018356,1515,0.596457
company world,discovered,4071.290912,2369,0.396088
infrastructure energy,discovered,4069.829985,962,0.919694
especially light,discovered,4069.171832,2326,0.402005
memorandum understanding,discovered,4068.561793,1446,0.624083
currency risk,discovered,4068.112751,1262,0.714609
global logistics,discovered,4065.747077,1253,0.719288
commercial space,discovered,4064.713767,1983,0.461377
pipeline projects,discovered,4064.411749,2581,0.368978
demand long,discovered,4063.844835,1229,0.732856
investments infrastructure,discovered,4059.479670,1954,0.467017
future needs,discovered,4058.612931,1492,0.603560
related restrictions,discovered,4056.600300,1393,0.645804
industries including,discovered,4052.828083,1393,0.645206
government funded,discovered,4052.346085,1106,0.809663
better supply,discovered,4050.874757,1318,0.681489
prices china,discovered,4049.173048,1222,0.734375
imports coming,discovered,4048.879297,1179,0.760645
coal supply,discovered,4047.169460,1218,0.736397
fuel economy,discovered,4047.145314,1482,0.605887
wholesale prices,discovered,4045.543485,1693,0.532055
conflict ukraine,discovered,4044.567879,928,0.941176
canada united,discovered,4043.317191,1607,0.559151
solutions services,discovered,4041.159503,2112,0.434032
enterprise data,discovered,4039.950997,1732,0.519964
material availability,discovered,4038.806298,1278,0.700658
economic trends,discovered,4036.926296,1537,0.583080
industry right,discovered,4033.665917,2147,0.427179
battery electric,discovered,4031.590376,1867,0.483804
impacted ability,discovered,4029.853444,1380,0.647583
east europe,discovered,4026.948062,1536,0.582039
prime contractor,discovered,4026.193667,1367,0.653129
entire industry,discovered,4025.544546,3192,0.312573
intellectual property,discovered,4025.498977,6103,0.213908
environment continued,discovered,4024.340364,1777,0.505692
mobile devices,discovered,4023.378176,3566,0.289777
overall macro,discovered,4022.098645,1702,0.526446
carbon energy,discovered,4017.689714,895,0.961332
america asia,discovered,4017.029594,3439,0.296542
ability scale,discovered,4010.440608,1975,0.457494
infrastructure customers,discovered,4008.637823,965,0.906103
stable supply,discovered,4007.960458,1144,0.775593
question energy,discovered,4007.890069,1186,0.748737
mitigate supply,discovered,4007.404877,938,0.926877
european customers,discovered,4006.858248,1767,0.506304
chain bottlenecks,discovered,4005.348264,904,0.952582
focus areas,discovered,4004.336972,5097,0.233722
including large,discovered,4002.218840,1822,0.491503
risk think,discovered,4001.655500,1596,0.557263
manage risk,discovered,4001.322917,2442,0.380908
processing capacity,discovered,3998.212766,2130,0.426854
power infrastructure,discovered,3996.190325,1112,0.794853
disruption caused,discovered,3994.414809,1242,0.712974
manufacturing industry,discovered,3991.531798,1309,0.676136
machine machine,discovered,3991.312731,1463,0.605296
water wastewater,discovered,3990.424631,1747,0.509775
product prices,discovered,3988.068533,2256,0.405537
europe just,discovered,3985.665164,2168,0.419261
develop new,discovered,3984.845025,4685,0.244074
contains time,discovered,3984.723743,1019,0.859916
increase price,discovered,3984.331003,3722,0.280060
month announced,discovered,3983.747562,2170,0.418757
electronics industry,discovered,3982.429271,1355,0.651756
wind market,discovered,3982.274750,1261,0.700167
currently facing,discovered,3980.498258,1228,0.718549
housing market,discovered,3980.054405,5491,0.224122
social infrastructure,discovered,3979.806445,1414,0.624283
wastewater treatment,discovered,3979.716733,1441,0.612670
continue work,discovered,3977.064767,15088,0.152003
location based,discovered,3972.091610,1539,0.573184
dry bulk,discovered,3969.336858,2784,0.341721
volumes prices,discovered,3967.545635,1734,0.510601
trade environment,discovered,3966.797144,999,0.871728
short haul,discovered,3966.168377,2173,0.416683
china impact,discovered,3963.467155,1090,0.803835
cost curve,discovered,3960.597421,2679,0.351252
ongoing macroeconomic,discovered,3956.602739,915,0.935583
strong market,discovered,3951.667840,6930,0.200023
affordable energy,discovered,3950.068151,864,0.972973
crucial role,discovered,3949.797976,1064,0.819723
demand overall,discovered,3948.382014,1460,0.600082
customers long,discovered,3947.311743,2111,0.425433
world energy,discovered,3946.440157,964,0.895079
products meet,discovered,3945.048235,1878,0.471741
atlantic basin,discovered,3943.417791,1110,0.786119
current future,discovered,3941.966719,2963,0.324712
demand picture,discovered,3941.075572,1564,0.559971
driven china,discovered,3941.014765,1228,0.711472
high price,discovered,3937.005572,2680,0.349550
rising prices,discovered,3936.280485,1465,0.596256
reliable energy,discovered,3935.908742,893,0.948990
higher crude,discovered,3935.544739,1094,0.795636
solutions segment,discovered,3934.818385,3724,0.277745
excess supply,discovered,3933.633290,1472,0.593070
trade issues,discovered,3932.925881,896,0.946146
reduce impact,discovered,3932.679374,1615,0.541765
know global,discovered,3932.273581,1156,0.753585
term expect,discovered,3928.472308,3375,0.295845
demand electricity,discovered,3927.223729,1074,0.808126
recent volatility,discovered,3925.362772,1222,0.712121
strong oil,discovered,3924.900206,1077,0.805535
fuel gas,discovered,3923.383055,986,0.873339
despite uncertainty,discovered,3921.167940,1141,0.761174
considering current,discovered,3919.234941,1667,0.523884
impacted ongoing,discovered,3916.923128,1119,0.774931
work supply,discovered,3915.046243,1358,0.639360
carbon reduction,discovered,3914.605169,1356,0.640227
continued volatility,discovered,3912.943571,1318,0.658342
access control,discovered,3912.578995,1679,0.519493
amp power,discovered,3912.290653,1262,0.687364
labor issues,discovered,3911.622862,1446,0.600249
despite headwinds,discovered,3911.604638,2540,0.362546
risk appetite,discovered,3911.366420,2831,0.333805
supply environment,discovered,3907.846320,1253,0.691501
significant growth,discovered,3907.152682,11370,0.164816
gas marketing,discovered,3906.816341,1288,0.672585
necessary support,discovered,3906.725395,1714,0.508756
reducing emissions,discovered,3906.039667,1072,0.805409
new long,discovered,3904.366246,2292,0.393206
continued impacted,discovered,3904.233729,1431,0.605330
chain services,discovered,3903.356317,1461,0.592938
saw impact,discovered,3902.962456,2079,0.426899
certain raw,discovered,3900.400191,1077,0.800743
risk related,discovered,3899.094186,1344,0.643370
enterprise space,discovered,3895.143316,1760,0.494938
experienced significant,discovered,3893.135492,2843,0.331623
market impacted,discovered,3890.418081,1423,0.606564
marcellus shale,discovered,3890.157602,1426,0.605263
car industry,discovered,3889.281735,1382,0.624210
severe weather,discovered,3888.985396,2051,0.430611
demand steel,discovered,3888.217861,1172,0.735257
remain cautiously,discovered,3887.340137,1871,0.467049
uncertainty economic,discovered,3887.179397,1067,0.805283
used cars,discovered,3887.020406,2240,0.399287
information systems,discovered,3884.896880,2278,0.393573
ongoing economic,discovered,3884.515401,1216,0.708212
energy conservation,discovered,3884.098113,1067,0.804676
energy transportation,discovered,3883.725253,1119,0.768544
discussions customers,discovered,3883.331687,2659,0.347991
industrial commercial,discovered,3883.269083,2062,0.428067
home orders,discovered,3881.504676,1539,0.560452
trade tariffs,discovered,3880.348951,880,0.949299
commercial government,discovered,3878.889746,1360,0.632558
order protect,discovered,3878.669371,1495,0.576108
space based,discovered,3876.945785,1032,0.828916
positioned address,discovered,3876.419114,1296,0.663255
transportation infrastructure,discovered,3874.960959,1246,0.689541
defense programs,discovered,3873.128255,1103,0.777308
economic crisis,discovered,3871.529966,2119,0.417044
growth prospects,discovered,3871.125228,5365,0.223607
various factors,discovered,3870.520553,2195,0.404683
additional volumes,discovered,3870.366834,1872,0.464978
risk high,discovered,3869.766330,1444,0.594728
remains critical,discovered,3865.716631,1263,0.678667
trade volumes,discovered,3864.961233,1142,0.749836
new production,discovered,3864.703338,4175,0.256198
business consumer,discovered,3864.480246,2348,0.382286
strong customer,discovered,3862.911345,4466,0.246386
demand covid,discovered,3861.124482,1232,0.694867
currency volatility,discovered,3859.948103,1363,0.628111
canadian oil,discovered,3859.789283,1178,0.726264
china mexico,discovered,3858.300512,1021,0.833469
government stimulus,discovered,3858.166476,1867,0.464775
african swine,discovered,3856.340776,913,0.918511
government business,discovered,3855.849273,2894,0.325059
price energy,discovered,3854.632879,1131,0.755007
states america,discovered,3854.340762,1056,0.806723
resource plays,discovered,3853.025415,1440,0.593814
continues evolve,discovered,3850.425584,2533,0.358884
uncertainty caused,discovered,3849.970995,969,0.872187
areas seeing,discovered,3848.487371,2012,0.433901
volume manufacturing,discovered,3847.633591,1439,0.593402
customers north,discovered,3846.792767,1585,0.540034
price crude,discovered,3845.003873,1263,0.675040
supply dynamics,discovered,3844.262821,1053,0.806897
global presence,discovered,3843.269342,2048,0.426756
supply meet,discovered,3842.417765,963,0.875455
company positioned,discovered,3840.618026,2466,0.365767
produce high,discovered,3840.400721,1416,0.601785
international customers,discovered,3839.020191,2260,0.392293
increased risk,discovered,3837.195130,1632,0.523917
production volume,discovered,3836.375774,3211,0.301107
volatility markets,discovered,3832.146291,1440,0.590648
use natural,discovered,3824.678275,1059,0.798643
higher power,discovered,3824.652634,1795,0.477902
infrastructure build,discovered,3823.950878,1767,0.484774
language models,discovered,3821.843059,1567,0.542590
coal business,discovered,3817.557654,1729,0.493859
changes supply,discovered,3816.149271,1025,0.821973
matter experts,discovered,3816.117964,1074,0.786237
combined heat,discovered,3815.324831,851,0.960497
gas turbines,discovered,3814.659606,1514,0.559911
technologies including,discovered,3809.149900,1389,0.608410
largest fastest,discovered,3808.210429,1177,0.717246
continue strong,discovered,3806.612763,10463,0.167991
future supply,discovered,3805.392387,954,0.875229
south china,discovered,3805.210233,1024,0.820513
indian government,discovered,3801.181281,1055,0.796828
new lng,discovered,3800.804353,1048,0.801836
coal mining,discovered,3795.150920,1411,0.596870
foreseeable future,discovered,3792.161701,7933,0.185758
hydrogen production,discovered,3791.865632,1102,0.762102
products support,discovered,3789.644964,1671,0.506364
support industry,discovered,3786.376627,1161,0.722914
19 vaccine,discovered,3786.279312,1551,0.543067
uncertainty world,discovered,3785.897393,979,0.851304
commercial applications,discovered,3785.163388,1240,0.676856
rising costs,discovered,3784.538796,1904,0.448845
customers reduce,discovered,3783.751921,1548,0.543730
prices remained,discovered,3782.558706,1578,0.533649
costs energy,discovered,3782.056918,1288,0.651163
chain continue,discovered,3781.601580,974,0.854386
complex environment,discovered,3779.955997,1173,0.714373
market space,discovered,3779.773884,2484,0.359167
continued growth,discovered,3778.316381,13583,0.154370
critical data,discovered,3778.069088,1009,0.826372
development manufacturing,discovered,3777.027449,1789,0.473907
terms prices,discovered,3776.968428,1714,0.492954
certain regions,discovered,3775.950117,2113,0.409258
china taiwan,discovered,3775.632827,1296,0.646062
chain pressures,discovered,3774.878805,990,0.840407
supply availability,discovered,3773.144823,939,0.880863
wide array,discovered,3772.744041,1643,0.512317
high production,discovered,3772.146881,1474,0.568454
gas resources,discovered,3771.954112,863,0.943169
metals mining,discovered,3771.137172,1080,0.773085
canadian government,discovered,3769.652731,1304,0.641101
infrastructure products,discovered,3769.484304,1193,0.700528
relatively high,discovered,3769.039587,4552,0.240465
production ramp,discovered,3767.221861,2326,0.377352
input cost,discovered,3766.945315,4258,0.249560
solutions portfolio,discovered,3766.348359,1361,0.613893
business intelligence,discovered,3765.335365,2333,0.376290
demand lower,discovered,3764.307437,1760,0.479564
continue explore,discovered,3763.850869,3283,0.292864
liquefied natural,discovered,3763.653883,806,0.985330
differentiated solutions,discovered,3761.446658,1229,0.678631
defense industrial,discovered,3761.320531,920,0.894072
impact higher,discovered,3760.336980,4661,0.237080
continued face,discovered,3760.243904,1145,0.727908
security posture,discovered,3759.802492,852,0.949833
activity levels,discovered,3759.183187,6025,0.208355
million order,discovered,3758.792597,2376,0.370324
second wave,discovered,3758.358813,3270,0.293352
growing needs,discovered,3758.045396,1211,0.688068
fortune 100,discovered,3756.953157,1652,0.507683
political issues,discovered,3754.630386,980,0.844100
related tariffs,discovered,3754.144297,990,0.836149
marcellus utica,discovered,3753.929302,1308,0.636496
concerns regarding,discovered,3753.645023,1144,0.727273
credit markets,discovered,3751.661033,3701,0.270620
infrastructure development,discovered,3750.991130,1705,0.492206
industry leader,discovered,3750.659838,2822,0.324480
change government,discovered,3750.170050,1243,0.668999
global semiconductor,discovered,3750.047362,863,0.939064
scale manufacturing,discovered,3749.481640,1506,0.553473
potential significant,discovered,3749.253862,1729,0.485674
year contract,discovered,3747.143282,4324,0.246649
uncertainties include,discovered,3746.802321,1170,0.709951
supply needs,discovered,3745.220072,886,0.919087
integrated solution,discovered,3744.384860,1966,0.432278
environment remained,discovered,3742.443220,1175,0.706130
remains strong,discovered,3742.358308,12740,0.156881
china chinese,discovered,3735.731071,1181,0.701306
operating conditions,discovered,3730.665677,2152,0.398962
manufacturing partner,discovered,3728.786392,1120,0.737813
entire value,discovered,3728.539280,1467,0.564665
reduced production,discovered,3726.565926,1881,0.447537
japan south,discovered,3726.368979,1150,0.718301
middle class,discovered,3725.366566,2217,0.388811
customers energy,discovered,3723.949110,910,0.894789
infrastructure like,discovered,3718.472419,1034,0.795385
ai capabilities,discovered,3718.456575,1856,0.452021
critical nature,discovered,3717.399227,981,0.835605
managed security,discovered,3716.495584,888,0.911704
market continue,discovered,3715.791261,4814,0.231542
economy continued,discovered,3715.476725,1132,0.727506
reduce exposure,discovered,3714.946497,2187,0.392287
term trends,discovered,3714.741156,2511,0.351435
swine fever,discovered,3713.705592,904,0.897716
provide opportunities,discovered,3713.482092,1901,0.441990
traffic management,discovered,3711.701078,1487,0.554851
copper prices,discovered,3710.863104,2320,0.373591
global health,discovered,3710.399598,1450,0.568405
solar projects,discovered,3708.849594,1902,0.441299
company provides,discovered,3708.739455,1456,0.565876
volatility commodity,discovered,3708.122163,1073,0.765335
tariffs china,discovered,3706.233944,824,0.962617
zero covid,discovered,3704.023005,930,0.874060
grow significantly,discovered,3703.601463,2576,0.343879
chinese steel,discovered,3701.963061,1037,0.789794
growing presence,discovered,3701.914978,1402,0.586120
potential changes,discovered,3701.010584,1945,0.431934
chain inventory,discovered,3699.079591,1000,0.816993
markets asia,discovered,3698.693680,1995,0.422312
hearing customers,discovered,3697.394017,2429,0.359266
security related,discovered,3697.153668,925,0.876777
current challenges,discovered,3696.491220,1411,0.581616
processing facilities,discovered,3695.465056,1454,0.564660
prices quarter,discovered,3690.477031,2907,0.314033
softening demand,discovered,3690.399947,1463,0.560536
business negatively,discovered,3688.782138,1210,0.675978
tonnes year,discovered,3688.466882,2172,0.392199
challenges customers,discovered,3688.318154,1147,0.712865
grid modernization,discovered,3687.891415,954,0.851026
new capacity,discovered,3687.633847,5618,0.213409
challenges covid,discovered,3687.001030,1438,0.569505
key global,discovered,3686.744633,1168,0.699820
security capabilities,discovered,3686.610314,912,0.885437
chain related,discovered,3684.748846,1088,0.750345
existing supply,discovered,3682.373252,943,0.858834
management services,discovered,3681.645982,3715,0.266882
market challenges,discovered,3679.725417,1902,0.438249
infrastructure required,discovered,3678.736968,1078,0.755961
decades experience,discovered,3677.916930,1411,0.578753
situation continues,discovered,3677.249487,1248,0.653403
order secure,discovered,3676.397254,1349,0.604662
markets remains,discovered,3675.969599,1220,0.668127
demand levels,discovered,3671.805730,2196,0.387233
gas utility,discovered,3670.270918,1527,0.535039
emerging economies,discovered,3669.779663,1441,0.565764
high technology,discovered,3669.539136,1466,0.556357
projects world,discovered,3669.465063,1184,0.687174
based systems,discovered,3669.045462,1333,0.610628
prices low,discovered,3667.205030,2081,0.404470
supply continue,discovered,3666.595649,958,0.843310
cloud providers,discovered,3666.481847,1591,0.514055
high temperature,discovered,3665.544938,1517,0.537753
china brazil,discovered,3665.544330,1420,0.573274
remains fluid,discovered,3664.681096,917,0.876673
china countries,discovered,3663.027489,927,0.867978
high commodity,discovered,3659.984555,1225,0.662520
provide solutions,discovered,3659.194934,1771,0.464707
end customer,discovered,3658.396170,3488,0.276452
industry need,discovered,3655.234788,1292,0.627489
use markets,discovered,3655.123475,1409,0.576043
storage project,discovered,3654.737370,1135,0.713836
chain risk,discovered,3652.203301,823,0.953650
metallurgical coal,discovered,3651.538258,1612,0.505805
increasing focus,discovered,3647.171342,1999,0.416545
really supply,discovered,3646.923625,1132,0.714196
macro backdrop,discovered,3646.767838,1942,0.427001
ability operate,discovered,3645.986417,1474,0.550000
tariffs trade,discovered,3644.008636,772,0.991014
fully recovered,discovered,3638.635146,1767,0.463293
government recently,discovered,3637.524769,942,0.850181
challenging environment,discovered,3637.113535,5813,0.208628
awarded new,discovered,3633.795745,1340,0.601706
identity management,discovered,3633.340387,1122,0.717850
ion batteries,discovered,3633.175321,1247,0.646114
challenges posed,discovered,3632.226688,1064,0.756219
major infrastructure,discovered,3631.924045,1038,0.774627
electricity market,discovered,3631.832522,1210,0.665567
solar panels,discovered,3629.908560,1817,0.450868
change consumer,discovered,3627.815292,1489,0.542046
million metric,discovered,3627.155581,2066,0.403201
goods services,discovered,3626.679982,1816,0.450732
security customers,discovered,3626.049416,852,0.924078
support clients,discovered,3624.425745,1917,0.429532
supply sources,discovered,3624.389483,876,0.903093
significant investment,discovered,3623.989192,4032,0.251843
prices second,discovered,3623.793763,1658,0.489230
international energy,discovered,3622.064683,928,0.858464
critical services,discovered,3619.639094,874,0.903826
related issues,discovered,3619.247870,2639,0.331991
africa south,discovered,3618.649969,1070,0.749300
support efforts,discovered,3618.282807,1615,0.500620
plants china,discovered,3615.844034,989,0.808007
world europe,discovered,3613.912073,1051,0.761594
demand conditions,discovered,3613.483607,1493,0.538600
fuel demand,discovered,3612.717781,1083,0.739249
level demand,discovered,3612.264927,2403,0.355789
driving increased,discovered,3612.000147,2066,0.401789
increasing global,discovered,3611.575691,1106,0.723822
effects covid,discovered,3611.253626,1749,0.464418
world think,discovered,3609.661273,1936,0.424375
design engineering,discovered,3606.858351,1557,0.516589
regulatory risk,discovered,3602.440876,1167,0.684457
adequate supply,discovered,3599.422810,1022,0.779558
announced new,discovered,3598.869562,4341,0.240632
production site,discovered,3598.625884,1243,0.642045
recovery demand,discovered,3598.586867,1779,0.455920
year customers,discovered,3598.233455,2185,0.382461
customer demands,discovered,3598.145951,1522,0.526644
improve energy,discovered,3596.306435,867,0.905010
offshore drilling,discovered,3595.626358,1457,0.548776
industry remain,discovered,3595.419466,1236,0.645094
need use,discovered,3594.997234,1907,0.428443
enhanced oil,discovered,3593.611600,1020,0.779817
european energy,discovered,3593.347241,833,0.933857
activity china,discovered,3592.602660,1094,0.727878
term impacts,discovered,3591.850348,1385,0.575884
ex china,discovered,3588.650694,1176,0.676640
results despite,discovered,3588.290882,2011,0.408740
play major,discovered,3585.769430,1198,0.663712
europe japan,discovered,3584.733044,2395,0.354605
volatility global,discovered,3584.376833,842,0.924259
china supply,discovered,3583.436293,832,0.932735
impact businesses,discovered,3581.601237,1419,0.560870
lower crude,discovered,3580.442803,1003,0.789764
alternative fuels,discovered,3580.380305,1438,0.553503
supply balance,discovered,3579.167248,956,0.826275
electric grid,discovered,3577.604542,935,0.843102
security requirements,discovered,3577.244697,790,0.966952
trade growth,discovered,3575.735656,1128,0.702804
application security,discovered,3575.400522,1070,0.740484
demand major,discovered,3574.681414,1138,0.696450
gas activity,discovered,3574.614545,1011,0.782508
crop prices,discovered,3572.872311,1118,0.708492
contract supply,discovered,3572.138249,964,0.818336
customers time,discovered,3570.101935,2697,0.323536
economy remains,discovered,3569.768663,1339,0.591692
supply constraint,discovered,3569.220146,1299,0.609573
performance materials,discovered,3568.945808,2483,0.343811
china economy,discovered,3568.104802,1138,0.695174
gas segment,discovered,3567.656062,1807,0.446173
health crisis,discovered,3567.595294,1569,0.507603
europe course,discovered,3565.464055,1309,0.604340
environmental footprint,discovered,3564.067231,1229,0.643119
large infrastructure,discovered,3563.696959,1189,0.664617
focused providing,discovered,3559.016136,1880,0.430009
large enterprises,discovered,3557.621308,2075,0.395313
economic weakness,discovered,3557.554718,1443,0.548252
technology continues,discovered,3557.450759,1392,0.567700
value chains,discovered,3556.655542,1324,0.596128
term customer,discovered,3556.021941,1842,0.437426
china government,discovered,3555.837842,950,0.826087
market risk,discovered,3554.585202,2365,0.355746
diversified portfolio,discovered,3553.074728,3426,0.274497
supply power,discovered,3552.959266,802,0.952494
presidential election,discovered,3552.579234,1685,0.473315
ev charging,discovered,3552.265029,1648,0.483001
energy space,discovered,3550.746170,1328,0.593387
future demand,discovered,3549.613756,1970,0.412134
significantly impacted,discovered,3544.972029,3312,0.280037
china business,discovered,3543.786256,2436,0.346959
situation closely,discovered,3540.154763,1471,0.535688
critical element,discovered,3539.132435,1356,0.579487
battery management,discovered,3537.676069,1289,0.608880
think macro,discovered,3536.120253,1743,0.457120
industrial activity,discovered,3535.415099,1488,0.529161
macro uncertainties,discovered,3533.213625,1060,0.738676
carbon future,discovered,3532.056669,761,0.981935
scale production,discovered,3531.594938,1680,0.472043
help ensure,discovered,3530.714906,1926,0.418241
political instability,discovered,3529.343800,863,0.894301
challenges global,discovered,3527.999799,920,0.844812
security company,discovered,3527.878354,912,0.851541
cost increases,discovered,3527.459250,8625,0.175049
industry experience,discovered,3525.809112,1820,0.438766
joint strike,discovered,3525.807066,1086,0.719682
manufacturing sites,discovered,3524.291718,1773,0.448861
purchase agreements,discovered,3523.078493,1548,0.508041
renewable fuels,discovered,3522.118513,1238,0.630989
growing list,discovered,3520.067196,1186,0.658158
house senate,discovered,3519.775957,1253,0.623073
single platform,discovered,3519.509189,1889,0.424113
seeing strong,discovered,3516.803057,5971,0.202930
safety environmental,discovered,3516.656850,1307,0.597076
regulatory framework,discovered,3516.596628,2262,0.365251
upstream business,discovered,3515.049267,1483,0.527946
imo 2020,discovered,3514.669041,1382,0.565004
materials business,discovered,3513.752160,2193,0.374104
given macroeconomic,discovered,3512.691325,1048,0.742736
canada mexico,discovered,3512.379344,1764,0.449541
adverse weather,discovered,3512.135545,1681,0.469422
risk premium,discovered,3511.201844,1458,0.536029
private partnership,discovered,3510.377352,974,0.797054
direct exposure,discovered,3510.012406,1436,0.543733
chain perspective,discovered,3509.845403,1016,0.765060
trade lanes,discovered,3509.845403,1016,0.765060
industry strong,discovered,3508.039279,1381,0.564365
carbon economy,discovered,3505.718409,792,0.951923
support high,discovered,3504.861961,1364,0.570711
coal power,discovered,3503.383675,1041,0.745702
markets remained,discovered,3499.953329,1378,0.564292
broader macroeconomic,discovered,3499.068178,908,0.848598
current commodity,discovered,3498.117835,1420,0.547840
slowdown global,discovered,3496.662670,809,0.935260
el dorado,discovered,3496.397319,1530,0.510000
industry china,discovered,3496.051108,1235,0.627860
significant headwinds,discovered,3495.408999,1575,0.496219
drug substance,discovered,3494.340490,1197,0.647377
reliable service,discovered,3491.486112,1219,0.635227
contracts place,discovered,3491.374993,2328,0.355149
strong presence,discovered,3488.964821,2803,0.309724
strike fighter,discovered,3488.149121,1054,0.733473
country world,discovered,3487.664101,1466,0.529816
market particularly,discovered,3486.358195,2828,0.307659
materials components,discovered,3483.904262,1037,0.744436
infrastructure data,discovered,3483.894403,936,0.821773
australian government,discovered,3483.695137,1001,0.770593
continues impact,discovered,3483.081073,1449,0.535081
distributed energy,discovered,3482.848649,1094,0.705806
help companies,discovered,3482.773667,1318,0.586560
automotive applications,discovered,3482.737775,1525,0.509693
solutions global,discovered,3482.418229,991,0.777865
growth drivers,discovered,3479.110850,6315,0.197036
increase crude,discovered,3478.029904,928,0.827094
continues driven,discovered,3477.007005,1937,0.410817
region world,discovered,3474.430212,1573,0.494033
gas portfolio,discovered,3474.349483,1077,0.715139
service commission,discovered,3474.016423,1661,0.469873
security platform,discovered,3473.980087,991,0.776038
coal natural,discovered,3472.659429,768,0.966038
factors like,discovered,3470.494619,1898,0.417326
super important,discovered,3469.256349,1444,0.534815
industry experts,discovered,3468.617078,1605,0.484163
remains limited,discovered,3466.519238,1084,0.708960
support energy,discovered,3466.232291,761,0.970663
environment china,discovered,3463.922945,1070,0.717639
market world,discovered,3463.689737,2372,0.347954
technology services,discovered,3463.121400,2388,0.346137
low unemployment,discovered,3462.678297,1265,0.607297
high reliability,discovered,3461.419680,1319,0.582597
global commodity,discovered,3461.059325,850,0.890985
upstream oil,discovered,3460.871164,1176,0.652608
value products,discovered,3459.964503,3232,0.280069
ideally positioned,discovered,3459.896580,1233,0.622413
power costs,discovered,3459.004734,1909,0.414100
technologies products,discovered,3458.076439,1311,0.585529
price stability,discovered,3457.267458,1190,0.644288
customers believe,discovered,3456.996673,2126,0.378561
value customers,discovered,3453.824449,7393,0.184079
working customers,discovered,3449.757168,3380,0.271770
employees customers,discovered,3448.277410,2747,0.311557
continue invest,discovered,3447.011114,17219,0.141440
uncertainty continue,discovered,3446.868576,856,0.882474
positive view,discovered,3445.166683,1650,0.469150
domestic chinese,discovered,3444.751295,878,0.862475
project opportunities,discovered,3443.872715,1386,0.552411
nuclear industry,discovered,3442.544845,897,0.845429
market key,discovered,3442.378141,1531,0.502297
industry leaders,discovered,3441.596043,2039,0.390239
energy intensive,discovered,3441.526449,965,0.789043
slowing demand,discovered,3440.782473,1093,0.697957
remain low,discovered,3440.325249,2821,0.305369
communications infrastructure,discovered,3440.104109,1204,0.633684
sustained demand,discovered,3438.716656,1237,0.616650
past months,discovered,3438.619647,8847,0.171883
future market,discovered,3435.693602,1985,0.398434
security needs,discovered,3435.386272,744,0.978947
increase effective,discovered,3432.764777,2091,0.381500
high density,discovered,3432.154949,2333,0.349933
fired plants,discovered,3430.614122,856,0.878850
gas mining,discovered,3428.744006,974,0.779200
face challenging,discovered,3428.523677,1625,0.473623
supply continues,discovered,3425.581313,882,0.854651
ore coal,discovered,3425.089464,988,0.767677
uncertainty macro,discovered,3424.812405,993,0.763846
effects pandemic,discovered,3424.548750,1390,0.547891
likely impact,discovered,3420.683988,1652,0.465614
related demand,discovered,3418.060332,1594,0.480700
feedstock prices,discovered,3417.101603,1033,0.733144
years supply,discovered,3417.052701,1017,0.744510
customers support,discovered,3415.738182,1552,0.492386
cloud native,discovered,3415.484688,1921,0.407510
don major,discovered,3413.210084,2685,0.314329
offshore energy,discovered,3412.850429,1019,0.742170
tariffs imposed,discovered,3412.704996,754,0.966667
defense customers,discovered,3412.471664,908,0.829224
excited growth,discovered,3411.871070,2303,0.351818
benefit higher,discovered,3410.305641,2599,0.321499
chain initiatives,discovered,3410.237264,1473,0.516299
security concerns,discovered,3405.971200,762,0.958491
federal energy,discovered,3405.969753,902,0.832872
inventory correction,discovered,3405.527959,2281,0.353918
world particularly,discovered,3405.383375,1138,0.663557
american natural,discovered,3404.326719,748,0.970169
demand asia,discovered,3404.011471,1254,0.602305
decline demand,discovered,3403.858408,1720,0.447102
impact prices,discovered,3403.745992,1146,0.658621
sectors like,discovered,3403.161505,1455,0.521319
chain delays,discovered,3401.995016,880,0.851064
growing energy,discovered,3399.718323,796,0.926659
navigate challenges,discovered,3398.143820,1183,0.637049
control technology,discovered,3398.049738,1044,0.721493
think risk,discovered,3396.933942,2779,0.305855
energy regulatory,discovered,3395.749572,877,0.852284
continued operate,discovered,3395.640260,1200,0.627615
east south,discovered,3395.423833,1137,0.662202
source energy,discovered,3393.333786,824,0.899563
operational challenges,discovered,3393.164041,2039,0.385736
including supply,discovered,3392.979668,943,0.795781
continued global,discovered,3391.956891,1114,0.675152
remains dynamic,discovered,3390.841151,937,0.800171
customers achieve,discovered,3390.490483,1331,0.565901
innovative technologies,discovered,3388.639683,1352,0.557066
european economy,discovered,3388.524949,1268,0.593078
demand product,discovered,3387.478308,3182,0.279074
automotive industrial,discovered,3385.109530,2092,0.377073
january 1st,discovered,3385.024578,2156,0.368107
parts supply,discovered,3384.060495,1053,0.712449
automotive electronics,discovered,3383.749484,1140,0.658199
market remained,discovered,3382.346031,1590,0.477191
significant long,discovered,3380.787196,2116,0.373258
best positioned,discovered,3380.332853,1926,0.403098
strategic partners,discovered,3380.279597,2858,0.299048
subject change,discovered,3379.686620,2337,0.345403
customers face,discovered,3378.715377,1102,0.679827
northern border,discovered,3377.737454,1138,0.658184
industry going,discovered,3377.086800,3118,0.282172
purchase agreement,discovered,3376.511547,2594,0.319655
secure access,discovered,3373.044357,965,0.773857
high profile,discovered,3372.842653,2812,0.301911
mobile computing,discovered,3372.598347,1400,0.536193
like oil,discovered,3372.560431,1244,0.601547
impacting business,discovered,3371.693605,2136,0.369678
demand india,discovered,3371.284104,962,0.775806
supply logistics,discovered,3369.828803,1010,0.739385
defense budgets,discovered,3368.979001,804,0.912599
obviously supply,discovered,3368.665987,978,0.762871
expected grow,discovered,3368.211614,4687,0.223148
markets high,discovered,3367.699539,1784,0.428949
monetary policies,discovered,3367.675693,770,0.943627
given volatility,discovered,3367.537632,1998,0.389778
support infrastructure,discovered,3367.492447,1309,0.571366
price war,discovered,3366.863716,1730,0.440540
cost increase,discovered,3366.177305,5532,0.205957
like russia,discovered,3365.648015,1133,0.658721
increase customers,discovered,3365.076755,1533,0.491189
support customer,discovered,3361.956541,1903,0.405325
economic landscape,discovered,3361.197182,1022,0.728959
government officials,discovered,3359.100116,1230,0.605911
automotive demand,discovered,3359.063977,942,0.788945
electronic security,discovered,3358.029872,909,0.815978
department health,discovered,3354.196049,1207,0.616445
multibillion dollar,discovered,3353.982224,2011,0.386434
manufacturing operations,discovered,3353.917946,3001,0.287976
ore body,discovered,3352.877126,2426,0.333884
growing opportunity,discovered,3350.900030,1298,0.573322
oil pipeline,discovered,3349.908194,1084,0.685209
cloud ai,discovered,3349.159453,1030,0.720784
high voltage,discovered,3349.124546,2935,0.291953
logistics segment,discovered,3347.340693,1594,0.471598
small modular,discovered,3347.227600,768,0.941176
demand second,discovered,3346.426866,1835,0.416383
including recent,discovered,3346.037794,2033,0.382287
tight market,discovered,3345.126830,1669,0.452181
partners continue,discovered,3343.805682,1771,0.429021
generation market,discovered,3342.957438,1191,0.622582
cell technology,discovered,3342.367539,1134,0.653602
president obama,discovered,3341.998340,873,0.843478
large language,discovered,3341.269107,1725,0.438708
macroeconomic backdrop,discovered,3338.624229,1277,0.580455
situation supply,discovered,3338.027488,812,0.898230
cloud platform,discovered,3334.944252,2171,0.361833
lower emissions,discovered,3334.679306,889,0.827747
product manufacturing,discovered,3333.342799,1276,0.580000
increase implemented,discovered,3331.988543,1127,0.655614
strong north,discovered,3331.596598,1350,0.548780
weakening demand,discovered,3330.506453,979,0.753657
regulated business,discovered,3329.789208,1558,0.479237
storage systems,discovered,3328.672341,1557,0.479372
supply costs,discovered,3328.161132,1422,0.521643
partners customers,discovered,3324.797511,2251,0.351006
despite economic,discovered,3320.350122,1477,0.502210
defense systems,discovered,3320.088782,1032,0.713200
gas electric,discovered,3319.904154,1305,0.565180
generation fleet,discovered,3319.403821,1154,0.637922
light crude,discovered,3318.934860,908,0.807829
gas produced,discovered,3318.461216,818,0.888165
natural resource,discovered,3317.900297,1027,0.716179
oil field,discovered,3317.469130,2094,0.370751
vegetable oil,discovered,3317.046038,933,0.786678
key customer,discovered,3315.753686,2390,0.334828
production lower,discovered,3315.571459,1889,0.403116
sales china,discovered,3314.837350,2360,0.337915
fuel costs,discovered,3312.793654,4309,0.231058
transportation capacity,discovered,3310.032603,1004,0.730713
customers wanting,discovered,3309.418313,1270,0.578588
high unemployment,discovered,3307.373687,1325,0.554858
shipping market,discovered,3307.131108,1101,0.666062
continued challenges,discovered,3306.025435,1281,0.573154
supply energy,discovered,3305.152707,742,0.956186
gas gathering,discovered,3301.108020,1393,0.527851
50 barrel,discovered,3300.470098,1630,0.456327
address new,discovered,3300.190202,1392,0.528073
china expect,discovered,3299.976426,1281,0.572130
impacted economic,discovered,3299.672743,1050,0.696749
global uncertainty,discovered,3297.718862,843,0.860204
argentina brazil,discovered,3297.474506,1243,0.588820
remains challenged,discovered,3297.333627,1089,0.671393
oil business,discovered,3296.649571,1720,0.434673
inflation pressures,discovered,3293.766508,1166,0.626545
highly complex,discovered,3293.661900,1176,0.621236
crisis management,discovered,3292.752194,959,0.760508
systems including,discovered,3292.454154,1253,0.583333
tightening supply,discovered,3292.371118,850,0.852558
new source,discovered,3291.985510,1166,0.626208
infrastructure needed,discovered,3291.813038,995,0.733235
increased raw,discovered,3291.389035,1308,0.559213
supply raw,discovered,3290.167846,838,0.863028
communication systems,discovered,3289.284375,1087,0.670988
increase inflation,discovered,3288.408675,1176,0.620253
demand going,discovered,3287.718554,3171,0.274450
demand seeing,discovered,3286.799385,3057,0.280845
green transition,discovered,3286.690507,798,0.899662
market demands,discovered,3285.758968,1461,0.502407
northern hemisphere,discovered,3283.020104,1783,0.419826
lockheed martin,discovered,3282.926115,1529,0.481272
increasing investment,discovered,3278.218594,1888,0.399492
challenges associated,discovered,3277.653895,1342,0.543320
continue advance,discovered,3275.650087,3328,0.265772
situation ukraine,discovered,3274.627552,842,0.855691
related gas,discovered,3273.976089,864,0.835590
high bandwidth,discovered,3273.887621,1441,0.507216
driven energy,discovered,3273.521350,853,0.845391
ability ship,discovered,3273.156123,1036,0.700473
federal budget,discovered,3270.544362,1142,0.635150
5g infrastructure,discovered,3270.501237,887,0.814509
omicron variant,discovered,3270.006074,1382,0.527079
management security,discovered,3268.830163,883,0.817593
aviation industry,discovered,3267.772188,1039,0.697315
based services,discovered,3266.342529,2207,0.351545
million tons,discovered,3266.063487,8625,0.170320
long distance,discovered,3264.316846,3018,0.281924
extremely important,discovered,3262.414802,3584,0.253699
support critical,discovered,3262.279989,803,0.889258
current low,discovered,3260.594785,1518,0.481446
weather related,discovered,3259.402744,3505,0.256889
end supply,discovered,3259.104541,1047,0.690178
foreign investment,discovered,3258.835702,973,0.742182
low inflation,discovered,3258.825898,1111,0.650468
investment new,discovered,3257.738913,3499,0.257071
factors impact,discovered,3257.086917,2075,0.368038
feet natural,discovered,3256.541455,751,0.937578
ongoing trade,discovered,3256.522075,705,0.979167
electrical steel,discovered,3256.129672,983,0.734130
trade center,discovered,3254.820770,1019,0.708131
china based,discovered,3254.340093,1342,0.539606
storage levels,discovered,3253.439236,913,0.788428
critical needs,discovered,3250.962871,831,0.860248
experience strong,discovered,3250.463595,2084,0.366192
25 years,discovered,3250.293904,4380,0.226837
critical importance,discovered,3249.444791,906,0.793345
customers work,discovered,3248.924621,1848,0.403670
remains robust,discovered,3248.522432,3121,0.275123
electric utility,discovered,3247.140923,1418,0.510991
china covid,discovered,3247.114818,814,0.875269
reduce reliance,discovered,3246.249477,1209,0.595860
demand given,discovered,3246.197124,1102,0.653231
chain manufacturing,discovered,3245.913413,1165,0.618037
global scale,discovered,3242.158948,2430,0.325388
conditions particularly,discovered,3241.729017,1096,0.655895
rate volatility,discovered,3240.899767,1585,0.460354
supply response,discovered,3240.559133,801,0.886062
demand solutions,discovered,3238.677114,1428,0.506383
term potential,discovered,3237.743435,2925,0.286176
defense space,discovered,3236.997235,1229,0.584681
imbalance supply,discovered,3236.395472,761,0.923544
remain vigilant,discovered,3235.677601,1585,0.459687
potential tariff,discovered,3235.559911,799,0.886792
sustainable development,discovered,3234.384786,2012,0.375093
recovery oil,discovered,3233.982014,878,0.813716
northrop grumman,discovered,3233.911088,1198,0.599000
solar industry,discovered,3233.823477,1295,0.555079
clean power,discovered,3233.644022,1036,0.692051
demand lng,discovered,3233.495735,755,0.928659
environmental performance,discovered,3232.715387,1153,0.621899
export china,discovered,3232.125542,789,0.895573
impacted demand,discovered,3232.084884,1026,0.698434
remains tight,discovered,3230.991382,1079,0.664000
domestic economy,discovered,3230.217227,978,0.732036
gathering systems,discovered,3230.117837,1127,0.635646
like brazil,discovered,3229.622907,1611,0.452274
range services,discovered,3229.159162,1650,0.442715
service territory,discovered,3226.100879,1975,0.379954
reliable power,discovered,3226.028719,749,0.932752
market europe,discovered,3225.928228,2563,0.312142
quantum computing,discovered,3225.103337,868,0.820416
import duties,discovered,3224.981503,888,0.802893
gas operations,discovered,3223.880304,1092,0.654676
impact gas,discovered,3223.106617,833,0.851738
tariff impacts,discovered,3222.871342,1014,0.704656
supply available,discovered,3222.273168,995,0.717893
uncertainty impact,discovered,3220.492214,802,0.880351
materials like,discovered,3219.771966,1055,0.676716
challenging global,discovered,3219.584671,1057,0.675399
new trade,discovered,3219.398435,919,0.775527
steady demand,discovered,3219.143004,1422,0.505510
new challenges,discovered,3218.118843,1511,0.477711
energy industrial,discovered,3218.061529,1029,0.693396
china continued,discovered,3217.629651,1182,0.603986
continental shelf,discovered,3217.441795,953,0.748038
growth despite,discovered,3214.704359,2710,0.299646
demand digital,discovered,3213.977299,1232,0.579220
production decline,discovered,3212.242158,1320,0.541427
support development,discovered,3210.399529,1775,0.413464
brent crude,discovered,3208.876372,912,0.778822
technologies enable,discovered,3208.544509,921,0.771357
life sciences,discovered,3207.974236,5851,0.196626
coronavirus pandemic,discovered,3206.804363,1199,0.593564
related infrastructure,discovered,3206.694599,1263,0.564091
customers meet,discovered,3205.136695,1326,0.537931
obviously high,discovered,3204.786990,1884,0.392745
base metal,discovered,3204.701556,1201,0.592209
local demand,discovered,3204.095323,1125,0.631668
warm weather,discovered,3204.045223,1924,0.385958
demand advanced,discovered,3203.024533,1007,0.705182
intelligence solutions,discovered,3202.588457,868,0.815023
market oil,discovered,3201.879867,870,0.813084
technology expertise,discovered,3200.083020,1166,0.608877
4g 5g,discovered,3199.977834,1281,0.555267
believe china,discovered,3199.104611,1074,0.660517
rising fuel,discovered,3195.964590,1084,0.653800
critical products,discovered,3194.779037,779,0.896433
important component,discovered,3192.585649,2761,0.294538
transportation industry,discovered,3191.292905,957,0.738996
silicon carbide,discovered,3189.154662,2815,0.290566
near medium,discovered,3188.021921,1905,0.387510
printed circuit,discovered,3187.685733,1374,0.517319
products high,discovered,3186.048232,2155,0.351263
chain just,discovered,3183.388526,989,0.713564
positive demand,discovered,3181.281289,1362,0.520642
trade disputes,discovered,3181.109078,681,0.985528
managed service,discovered,3181.038512,2209,0.344296
supply think,discovered,3180.971201,1053,0.669847
global operations,discovered,3179.821353,1935,0.381807
impacted production,discovered,3179.555705,1028,0.685791
rio grande,discovered,3179.490544,1407,0.504663
business benefited,discovered,3178.669722,1669,0.432271
suppliers customers,discovered,3178.595906,1513,0.471780
europe think,discovered,3178.029656,2281,0.335886
mineral resources,discovered,3176.230904,1237,0.570309
efforts expand,discovered,3175.978726,1553,0.460421
anti dumping,discovered,3175.939096,1567,0.456718
don supply,discovered,3175.698426,885,0.793722
customers require,discovered,3174.776159,1285,0.549380
like australia,discovered,3174.631885,1276,0.553099
trade agreements,discovered,3174.115122,730,0.939511
stainless steel,discovered,3173.599178,2419,0.321462
services provider,discovered,3173.590255,1384,0.511645
pandemic supply,discovered,3172.692463,714,0.954545
price differentials,discovered,3172.324804,988,0.711816
reduce production,discovered,3170.111117,1357,0.520721
offer customers,discovered,3169.637568,3305,0.261637
demand impact,discovered,3166.374972,1078,0.651360
semiconductor chip,discovered,3165.714505,686,0.978602
expect long,discovered,3165.692815,2024,0.366999
significant infrastructure,discovered,3164.876205,1001,0.700980
major customer,discovered,3164.657566,2362,0.326378
pandemic continues,discovered,3163.527011,1176,0.596954
demands customers,discovered,3162.436661,1118,0.627385
recent increase,discovered,3162.257594,1390,0.507855
based energy,discovered,3161.153031,824,0.845128
parts europe,discovered,3160.771939,1641,0.436552
mining oil,discovered,3159.764379,864,0.808232
impact recent,discovered,3159.725141,2111,0.354611
indian economy,discovered,3159.405300,1022,0.685446
africa latin,discovered,3159.130937,977,0.716801
covid policy,discovered,3158.480418,858,0.813270
research institute,discovered,3157.996525,1155,0.606618
market driven,discovered,3156.664523,2998,0.277131
increasing raw,discovered,3156.591302,924,0.756757
opportunities europe,discovered,3156.462573,1309,0.536695
electric natural,discovered,3155.425993,799,0.867535
driven high,discovered,3155.417350,2017,0.367061
important strategic,discovered,3154.102470,2630,0.301882
import duty,discovered,3153.622138,837,0.831182
tanker demand,discovered,3152.822066,716,0.948344
highly engineered,discovered,3152.542950,1161,0.602491
gas trading,discovered,3152.142005,977,0.715227
prices started,discovered,3152.080070,1386,0.507692
europe africa,discovered,3151.016739,1659,0.431245
regarding china,discovered,3150.043480,972,0.718404
capabilities including,discovered,3149.618197,1405,0.500891
customers key,discovered,3148.883356,1480,0.477265
demand low,discovered,3147.892476,1401,0.501971
materials prices,discovered,3147.274961,953,0.731951
solution help,discovered,3146.132373,1026,0.679920
broader macro,discovered,3145.993029,1193,0.585378
higher inventory,discovered,3145.064437,2528,0.309614
computer vision,discovered,3143.901223,1014,0.687458
customers rely,discovered,3143.344067,981,0.710355
economic activities,discovered,3143.182782,1076,0.647803
solutions clients,discovered,3142.281984,1661,0.429754
electric transmission,discovered,3142.136132,1081,0.644603
infrastructure provide,discovered,3140.945811,805,0.858209
service assurance,discovered,3139.586470,1087,0.640542
export opportunities,discovered,3137.908030,960,0.724528
continued weak,discovered,3137.191994,1408,0.498054
russia china,discovered,3136.362031,1109,0.627262
following recent,discovered,3135.642787,1697,0.421092
growing number,discovered,3134.996354,3097,0.270386
critically important,discovered,3134.367009,2326,0.327744
production new,discovered,3134.105276,2261,0.334616
private partnerships,discovered,3133.873111,872,0.794895
remain steadfast,discovered,3133.702214,1347,0.518675
west texas,discovered,3132.870742,2616,0.301591
supply comes,discovered,3132.578525,830,0.832497
challenging supply,discovered,3132.005490,900,0.770548
oem production,discovered,3131.273218,1091,0.636523
improve reliability,discovered,3129.422229,1253,0.555162
russian invasion,discovered,3129.415636,717,0.942181
future economic,discovered,3129.355441,934,0.742448
environmental issues,discovered,3126.206386,1247,0.557194
country risk,discovered,3125.337390,804,0.855319
conditions europe,discovered,3124.113629,1188,0.583784
showing signs,discovered,3124.045309,2223,0.338047
economy general,discovered,3122.381337,1092,0.634146
china especially,discovered,3120.873267,929,0.744391
potential slowdown,discovered,3120.391303,883,0.782108
end decade,discovered,3119.424375,2109,0.351383
domestic steel,discovered,3118.891231,917,0.753492
agreement signed,discovered,3118.425415,2174,0.343281
supply products,discovered,3117.958234,1240,0.558810
related technology,discovered,3114.877709,1207,0.573124
major market,discovered,3114.429330,2091,0.353269
unique set,discovered,3113.886992,1201,0.575743
critical elements,discovered,3112.852138,900,0.765957
shipping industry,discovered,3112.452558,985,0.700569
demand large,discovered,3110.580159,1289,0.537083
economic benefits,discovered,3110.082644,1419,0.490494
capture storage,discovered,3109.790286,964,0.715134
risk areas,discovered,3109.516372,944,0.730085
demand commercial,discovered,3109.080003,1349,0.514101
despite macroeconomic,discovered,3108.954723,1026,0.671906
china customers,discovered,3108.790796,879,0.782725
sustainable value,discovered,3108.676701,1892,0.381759
market gas,discovered,3107.289140,874,0.786679
seen increased,discovered,3106.958968,2292,0.329168
reduce environmental,discovered,3106.956851,790,0.864333
production oil,discovered,3106.080718,1098,0.627429
outlook global,discovered,3105.850647,873,0.787196
green deal,discovered,3105.775309,827,0.828657
logistics challenges,discovered,3105.167024,862,0.796673
global auto,discovered,3103.807774,1014,0.678715
geopolitical tension,discovered,3103.301151,679,0.972779
china korea,discovered,3102.583908,1392,0.498210
information accurate,discovered,3101.615180,1015,0.677570
capabilities meet,discovered,3101.598782,878,0.781834
security industry,discovered,3100.755673,774,0.878547
pressures supply,discovered,3100.195193,740,0.912454
sustained growth,discovered,3099.470885,3110,0.267803
customers address,discovered,3097.423829,930,0.738095
gas water,discovered,3096.697988,1034,0.664098
look energy,discovered,3095.514552,1048,0.655000
federal level,discovered,3095.254810,1669,0.422425
remains favorable,discovered,3095.106743,1179,0.582798
standard cubic,discovered,3095.058796,899,0.762511
primarily focused,discovered,3095.041857,2537,0.305442
component shortages,discovered,3094.895805,1553,0.449884
use gas,discovered,3093.729016,819,0.833164
continue negatively,discovered,3092.989058,1165,0.589277
increase july,discovered,3092.650381,993,0.690542
term oil,discovered,3091.510116,748,0.902292
china seeing,discovered,3091.164666,1059,0.647311
capitalize opportunities,discovered,3089.815396,2476,0.310276
prices led,discovered,3089.578006,918,0.745735
onshore wind,discovered,3088.554716,1273,0.539864
macro conditions,discovered,3088.035073,1883,0.381174
network management,discovered,3087.411890,1448,0.478203
cost production,discovered,3087.050078,3014,0.272366
chain right,discovered,3086.401573,848,0.804554
developed countries,discovered,3085.703436,1557,0.447671
china tariffs,discovered,3084.954683,807,0.842380
costs raw,discovered,3084.945388,1259,0.545022
especially germany,discovered,3084.887897,1227,0.558743
energy grid,discovered,3084.521019,766,0.882488
impact customer,discovered,3084.075477,1936,0.372379
important customers,discovered,3083.442101,2365,0.320027
ongoing pandemic,discovered,3082.971188,1153,0.593412
prices seeing,discovered,3082.303681,1384,0.497842
despite macro,discovered,3081.221991,1204,0.568461
broader market,discovered,3079.970621,3066,0.269113
moving production,discovered,3078.348498,1484,0.466373
conditions continue,discovered,3077.759012,2419,0.314523
related disruptions,discovered,3077.306975,1080,0.631949
expand addressable,discovered,3075.630698,1401,0.491234
reduction demand,discovered,3075.450814,1339,0.512438
support national,discovered,3075.183464,753,0.893238
asia china,discovered,3073.410311,1708,0.411665
political unrest,discovered,3072.842747,767,0.878580
customers build,discovered,3072.752975,1557,0.446004
production gas,discovered,3071.930135,844,0.804576
hybrid multi,discovered,3070.907050,753,0.892180
issues china,discovered,3069.605608,827,0.819623
significant volatility,discovered,3069.052119,1286,0.531405
customers given,discovered,3068.742907,1371,0.500182
engineering design,discovered,3068.525415,1771,0.398784
segment remains,discovered,3067.723711,1340,0.510865
impact near,discovered,3067.692259,1310,0.521912
transmission projects,discovered,3066.447997,1470,0.468750
customers globally,discovered,3066.362213,1180,0.577017
navigate current,discovered,3065.058077,1434,0.479278
create jobs,discovered,3064.540006,804,0.840125
strong industrial,discovered,3064.052927,1055,0.644078
companies like,discovered,3063.345008,5360,0.200224
residential commercial,discovered,3062.797328,2746,0.287599
risk market,discovered,3061.906850,1187,0.572876
lot gas,discovered,3061.130319,1120,0.606389
materials energy,discovered,3061.077947,1188,0.572254
self sufficiency,discovered,3060.695127,1057,0.642163
facing challenges,discovered,3057.606661,1467,0.468391
security infrastructure,discovered,3056.611438,759,0.882558
world especially,discovered,3056.600691,1016,0.667104
slow economic,discovered,3056.098686,874,0.774136
application performance,discovered,3055.974739,996,0.680328
solutions products,discovered,3054.997664,1179,0.575403
current gas,discovered,3054.963284,794,0.847385
materials supply,discovered,3054.766333,741,0.900365
country like,discovered,3054.581511,1454,0.471772
enforcement agencies,discovered,3054.396651,754,0.887059
demand resulting,discovered,3054.394868,900,0.751880
china region,discovered,3053.561611,1049,0.645538
increase announced,discovered,3049.531576,1350,0.504484
make india,discovered,3048.398380,828,0.813360
provide energy,discovered,3047.351724,703,0.937333
security threats,discovered,3046.925881,653,0.984917
scope emissions,discovered,3043.648270,1551,0.443777
data infrastructure,discovered,3043.101072,1043,0.647022
traffic control,discovered,3042.780766,1022,0.660207
australia south,discovered,3041.708901,964,0.699565
especially automotive,discovered,3041.328631,906,0.743842
drop oil,discovered,3041.262131,1061,0.635710
deemed essential,discovered,3039.247874,764,0.873143
energy service,discovered,3039.228101,997,0.675932
risk terms,discovered,3039.187441,1361,0.499083
deepwater gulf,discovered,3038.635607,1082,0.622913
supply natural,discovered,3038.340811,644,0.990769
provide reliable,discovered,3037.398699,921,0.730952
coal plants,discovered,3037.201743,1499,0.456595
mid long,discovered,3036.814770,3591,0.243293
ahead believe,discovered,3036.186556,1571,0.437848
strong recovery,discovered,3035.383736,2839,0.279842
american economy,discovered,3035.181994,873,0.769841
heavy fuel,discovered,3035.067670,850,0.789963
increases demand,discovered,3034.835392,1167,0.577437
mid continent,discovered,3034.793229,2336,0.319213
major global,discovered,3034.558580,1446,0.471317
believe critical,discovered,3033.447991,1258,0.536689
chinese imports,discovered,3032.566122,1013,0.663827
prices seen,discovered,3032.496332,1161,0.579920
uncertainties remain,discovered,3032.385157,846,0.792877
technologies help,discovered,3031.957626,1044,0.644047
suez canal,discovered,3031.838539,817,0.819458
detection response,discovered,3031.734153,839,0.799048
continued rise,discovered,3030.775171,1454,0.468428
advanced packaging,discovered,3029.919992,2324,0.320022
recently received,discovered,3029.441825,2330,0.319397
china ve,discovered,3029.205405,1471,0.463307
expansion project,discovered,3028.860425,2613,0.295021
multi year,discovered,3028.490729,6182,0.187595
economic expansion,discovered,3027.795084,942,0.712557
state governments,discovered,3026.104884,1427,0.475825
customer production,discovered,3025.491903,976,0.687324
production expected,discovered,3024.452688,1985,0.359536
driven increasing,discovered,3023.016970,1547,0.442126
trends including,discovered,3022.923020,995,0.673663
communications business,discovered,3021.528503,1627,0.422927
end life,discovered,3019.337474,2807,0.280925
china coming,discovered,3019.318705,989,0.676934
business focused,discovered,3018.411776,2594,0.295781
supply china,discovered,3018.322366,735,0.897436
strategic positioning,discovered,3017.149727,1547,0.441369
energy capacity,discovered,3016.865874,952,0.702583
macroeconomic situation,discovered,3016.711917,1438,0.471166
continue weigh,discovered,3016.664627,1012,0.661006
production declines,discovered,3016.565796,1000,0.668896
uncertainties related,discovered,3015.829309,938,0.712766
different market,discovered,3015.333708,3258,0.256172
chain network,discovered,3012.033463,923,0.723354
gas continue,discovered,3011.573491,741,0.889556
favorable supply,discovered,3010.589740,866,0.769778
slower growth,discovered,3009.602759,3092,0.263980
human rights,discovered,3008.783873,992,0.672542
trading conditions,discovered,3008.286231,2095,0.343555
uncertainty markets,discovered,3008.223692,868,0.767462
gas lift,discovered,3007.948163,1092,0.611080
canadian crude,discovered,3007.065976,869,0.766314
significant opportunity,discovered,3006.593453,5255,0.200320
certain products,discovered,3006.169328,2765,0.282864
risk going,discovered,3005.485689,1708,0.403974
global covid,discovered,3002.233582,755,0.872832
capacity china,discovered,3001.234612,1286,0.520227
high agenda,discovered,3000.536174,973,0.683767
growth gas,discovered,3000.112588,861,0.771505
production operations,discovered,2999.045474,1254,0.532484
day gas,discovered,2999.030413,985,0.675120
high risk,discovered,2998.958442,4001,0.228016
19 restrictions,discovered,2998.430296,1208,0.551850
tight gas,discovered,2997.745855,915,0.726190
amounts data,discovered,2997.193379,968,0.686525
domestic international,discovered,2996.883412,3700,0.237591
obama administration,discovered,2992.042336,808,0.817814
lng facilities,discovered,2991.643063,767,0.857942
markets global,discovered,2990.987410,1142,0.581466
persistent inflation,discovered,2990.954240,730,0.895706
car market,discovered,2990.870530,2057,0.346822
long lead,discovered,2990.516123,3264,0.254662
accelerate development,discovered,2990.007067,1778,0.389059
term global,discovered,2989.490385,863,0.767111
prices declined,discovered,2989.234862,1611,0.422613
wide supply,discovered,2988.954028,717,0.908745
potential disruption,discovered,2988.758011,846,0.781885
private consumption,discovered,2988.541565,1001,0.662037
offtake agreements,discovered,2987.638120,975,0.679443
playing important,discovered,2986.397167,927,0.714176
production europe,discovered,2985.727693,1095,0.604972
exploration production,discovered,2984.873375,1747,0.394179
co2 emission,discovered,2984.356540,1228,0.540731
power project,discovered,2983.334487,1217,0.545251
fundamentals continue,discovered,2982.296153,1150,0.575864
availability issues,discovered,2982.279488,1062,0.622874
associated covid,discovered,2982.229630,1270,0.523280
positioned deliver,discovered,2982.094497,2782,0.280302
particularly middle,discovered,2980.836837,981,0.673764
positioned lead,discovered,2980.624506,920,0.718189
focused energy,discovered,2980.558257,767,0.855072
security applications,discovered,2979.978017,744,0.878394
local authorities,discovered,2978.368149,1747,0.393468
material input,discovered,2977.714743,1073,0.615605
steadfast commitment,discovered,2975.079731,1134,0.582435
going lead,discovered,2974.102382,2064,0.344459
increasing energy,discovered,2973.433870,758,0.862344
changes happening,discovered,2972.736793,1355,0.490942
case year,discovered,2972.635923,2333,0.314845
semiconductor shortages,discovered,2972.380391,805,0.815603
term success,discovered,2972.124603,3964,0.228052
east market,discovered,2972.061685,910,0.723946
customers increasing,discovered,2971.789743,1762,0.389996
china export,discovered,2970.802212,705,0.916775
autonomous driving,discovered,2970.650548,1786,0.385579
gas europe,discovered,2970.588031,690,0.932432
environment supply,discovered,2970.462354,768,0.851441
circuit board,discovered,2969.754864,1230,0.537353
resurgence covid,discovered,2969.720101,1010,0.652034
increase capacity,discovered,2969.425914,4390,0.216533
gas available,discovered,2969.195962,729,0.891198
critical customers,discovered,2967.322608,948,0.693997
conditions continued,discovered,2967.251132,1148,0.574000
increase focus,discovered,2966.213970,1557,0.432380
think demand,discovered,2965.455493,2883,0.273089
world right,discovered,2964.768717,1546,0.434880
coal production,discovered,2963.206938,1455,0.458701
year extension,discovered,2962.810694,1867,0.371247
risk potential,discovered,2962.553764,935,0.702479
customers providing,discovered,2962.550297,1476,0.452761
improve quality,discovered,2962.467830,3320,0.250793
uncertainties surrounding,discovered,2961.058639,887,0.739783
engineering manufacturing,discovered,2960.729296,1198,0.549541
especially given,discovered,2960.592116,3893,0.229743
solar pv,discovered,2959.415535,1152,0.570579
demand impacted,discovered,2958.329767,857,0.764496
business areas,discovered,2955.983396,5256,0.198812
impact coronavirus,discovered,2955.893025,1192,0.551341
prices rising,discovered,2955.608485,1379,0.480488
play role,discovered,2955.552429,2788,0.278327
explore new,discovered,2955.431442,1508,0.443269
technology customers,discovered,2955.260965,1270,0.518791
prices supply,discovered,2955.083525,735,0.881295
pressure prices,discovered,2954.661032,1460,0.456107
recent announcements,discovered,2954.195352,1667,0.406387
protect customers,discovered,2953.285654,1001,0.654248
competition china,discovered,2952.668027,814,0.801970
outbreak covid,discovered,2951.681312,928,0.705167
huge demand,discovered,2949.757415,1478,0.450472
related businesses,discovered,2948.198389,2026,0.347037
chips act,discovered,2948.178974,854,0.764548
license technology,discovered,2946.938313,868,0.752166
uncertainty created,discovered,2945.327445,826,0.788921
cloud migration,discovered,2944.246543,1233,0.531695
total gas,discovered,2944.237496,795,0.817901
defense related,discovered,2944.039882,919,0.710201
government sector,discovered,2943.506611,1477,0.449893
systems engineering,discovered,2943.173414,875,0.745315
east china,discovered,2942.760826,922,0.707598
industrial economy,discovered,2942.693318,1039,0.628174
slower economic,discovered,2942.519822,834,0.780899
current political,discovered,2941.303079,722,0.891358
threat landscape,discovered,2940.363718,689,0.926075
entire world,discovered,2938.371034,982,0.663514
waste energy,discovered,2937.726312,1372,0.480056
5g network,discovered,2937.654603,1572,0.425210
leading role,discovered,2937.320250,1108,0.588423
meet increased,discovered,2936.978915,1211,0.539661
china growth,discovered,2935.990521,1411,0.467683
government clients,discovered,2935.553430,875,0.743415
fuel efficiency,discovered,2935.100664,1756,0.387125
transmission infrastructure,discovered,2934.266395,751,0.859268
uncertainty tariffs,discovered,2934.021934,740,0.870588
macro challenges,discovered,2932.334770,1243,0.525581
countries middle,discovered,2931.782544,719,0.892060
overall energy,discovered,2931.072346,923,0.704043
use renewable,discovered,2930.108667,690,0.922460
largely driven,discovered,2929.381775,6013,0.187175
compressed natural,discovered,2928.823631,672,0.941176
strong domestic,discovered,2928.477895,1262,0.517425
need additional,discovered,2927.145983,3232,0.252955
explore opportunities,discovered,2927.091329,1714,0.394023
north south,discovered,2926.065936,2605,0.288931
industry customers,discovered,2925.747585,1267,0.515041
facing significant,discovered,2924.503259,982,0.660390
uncertainty right,discovered,2923.592409,847,0.764440
power solutions,discovered,2922.806199,1758,0.385442
provide integrated,discovered,2922.354393,969,0.668737
expected lower,discovered,2920.475178,2407,0.304298
prices come,discovered,2919.682166,3019,0.262956
market exposure,discovered,2919.382047,1534,0.431991
china asia,discovered,2919.161104,1556,0.426652
capabilities provide,discovered,2918.759092,1265,0.514646
different parts,discovered,2917.351258,3628,0.236660
including united,discovered,2916.370981,824,0.783270
increase tariff,discovered,2916.150568,722,0.884804
demand regions,discovered,2914.832341,942,0.686089
need accelerate,discovered,2914.314440,1232,0.526946
vehicle sales,discovered,2914.134348,2569,0.290808
provide essential,discovered,2912.967988,752,0.852608
panama canal,discovered,2912.929031,1126,0.574490
infrastructure security,discovered,2912.603551,646,0.964179
ensure long,discovered,2912.019108,1332,0.489346
markets general,discovered,2911.936892,1258,0.516208
ongoing geopolitical,discovered,2910.103691,609,0.996727
electricity natural,discovered,2909.660511,662,0.947067
able serve,discovered,2908.676280,1814,0.374329
american manufacturing,discovered,2906.133531,782,0.820567
strengthen position,discovered,2904.784852,2375,0.305978
headwinds including,discovered,2903.457149,889,0.723941
secure reliable,discovered,2902.413091,683,0.922973
prices domestic,discovered,2902.012695,763,0.838462
total demand,discovered,2900.239640,1280,0.505929
yield curve,discovered,2898.707440,4073,0.222059
physical security,discovered,2898.302784,719,0.883292
assets provide,discovered,2897.291659,1146,0.561765
new demand,discovered,2896.650302,1855,0.366528
economic downturns,discovered,2896.647454,1043,0.616066
energy technology,discovered,2896.174645,929,0.691220
continue receive,discovered,2895.988992,2076,0.336194
security product,discovered,2893.304104,945,0.678879
significant opportunities,discovered,2893.233342,3696,0.233274
company global,discovered,2892.269390,1307,0.494888
global oems,discovered,2891.443783,842,0.760614
customer supply,discovered,2891.420897,1018,0.629950
efficiency reduce,discovered,2889.622467,1194,0.538566
signed year,discovered,2889.247494,1943,0.352824
steel market,discovered,2889.139395,1482,0.441203
increased gas,discovered,2889.090994,770,0.827957
levels supply,discovered,2888.126078,891,0.718548
lower sales,discovered,2887.341980,8147,0.166513
extreme volatility,discovered,2886.735446,990,0.646636
engineering support,discovered,2886.572889,989,0.647251
talked supply,discovered,2885.051843,838,0.762511
right supply,discovered,2884.504876,951,0.672560
position advantage,discovered,2883.394081,1869,0.363054
chain production,discovered,2882.268800,732,0.865248
prices demand,discovered,2882.004183,925,0.690814
impact pandemic,discovered,2881.869599,2294,0.311727
manufacturing partners,discovered,2881.835187,1288,0.500000
china important,discovered,2881.625030,1009,0.633396
security software,discovered,2881.427120,772,0.823906
faced significant,discovered,2880.254469,985,0.648453
market needs,discovered,2880.109581,2169,0.324264
battery energy,discovered,2880.082044,924,0.691099
china new,discovered,2879.746128,1357,0.476140
surveillance reconnaissance,discovered,2879.682507,623,0.979560
pass higher,discovered,2879.552213,1318,0.489054
million contract,discovered,2879.546686,2614,0.285278
central eastern,discovered,2879.093206,2787,0.273826
sustainable aviation,discovered,2878.804702,1092,0.585209
energy development,discovered,2878.727153,746,0.849658
oil pricing,discovered,2878.477724,1122,0.569832
demand region,discovered,2878.333913,965,0.661412
market softness,discovered,2878.141231,1253,0.512474
crisis europe,discovered,2877.989468,694,0.904824
inflation raw,discovered,2877.871823,993,0.642718
impacted higher,discovered,2877.330714,2501,0.293545
volatility oil,discovered,2877.217570,774,0.820785
industry players,discovered,2876.507726,1582,0.415332
emission reduction,discovered,2876.452484,1172,0.545878
strong position,discovered,2876.439574,7363,0.172194
gas north,discovered,2875.387691,703,0.894402
current tariff,discovered,2874.899859,835,0.762557
customers delivering,discovered,2873.859739,1193,0.536180
signed memorandum,discovered,2871.351153,714,0.881481
south australia,discovered,2870.838087,1311,0.490093
security markets,discovered,2870.569179,720,0.874848
public transportation,discovered,2868.387418,1041,0.611274
local economy,discovered,2867.762103,1245,0.513826
customer sentiment,discovered,2867.683353,1178,0.541609
demand export,discovered,2866.813984,703,0.892132
just china,discovered,2866.713017,1441,0.449190
effective january,discovered,2866.202145,2751,0.275293
new large,discovered,2866.150393,1859,0.362873
role supporting,discovered,2864.943026,787,0.804703
gas new,discovered,2864.131587,733,0.859320
levels seen,discovered,2864.110711,2086,0.332271
fundamental drivers,discovered,2864.055749,1050,0.605187
management software,discovered,2863.826556,1908,0.355373
new generation,discovered,2863.644560,3730,0.230888
environment high,discovered,2863.009481,1152,0.552518
multiple markets,discovered,2862.853995,1568,0.416800
infrastructure continue,discovered,2862.382362,980,0.647720
remains volatile,discovered,2860.357555,896,0.707741
cost producers,discovered,2860.029136,977,0.649169
strategic investments,discovered,2859.438184,4789,0.204187
limited availability,discovered,2859.417246,1036,0.612293
term risk,discovered,2858.795020,1090,0.582265
impact current,discovered,2857.190952,2176,0.321656
battery grade,discovered,2857.167115,776,0.813417
negative effects,discovered,2856.728676,2247,0.314354
predictive analytics,discovered,2856.593047,1290,0.495202
supply management,discovered,2855.179384,969,0.653405
increasing supply,discovered,2854.706086,964,0.656676
inflation energy,discovered,2854.192325,719,0.871515
billions dollars,discovered,2853.855165,2119,0.327613
european north,discovered,2852.574166,836,0.755877
ammonium nitrate,discovered,2852.529552,961,0.658219
focus delivering,discovered,2852.486639,2492,0.292557
play vital,discovered,2849.688461,654,0.941007
expand capabilities,discovered,2849.569508,1461,0.441390
market position,discovered,2849.442368,6196,0.182951
demand near,discovered,2849.323969,789,0.798583
domestic content,discovered,2848.743429,886,0.712792
drivers demand,discovered,2847.321028,836,0.754513
target markets,discovered,2847.179647,2749,0.274269
large government,discovered,2846.920589,995,0.634566
chain operations,discovered,2846.693816,1055,0.598751
markets growing,discovered,2846.124616,2193,0.318982
world oil,discovered,2846.047297,673,0.919399
faced challenges,discovered,2845.529101,1284,0.495562
term power,discovered,2845.355538,900,0.700935
ocean freight,discovered,2845.273604,1997,0.341543
low demand,discovered,2844.674489,1485,0.434465
major oil,discovered,2844.158124,1207,0.525011
helped mitigate,discovered,2843.676920,1280,0.496702
including energy,discovered,2843.518686,926,0.680882
particularly energy,discovered,2843.236425,883,0.713824
leading technologies,discovered,2843.051753,894,0.705047
industry partners,discovered,2840.964698,1195,0.529464
activity oil,discovered,2840.878716,866,0.727120
infrastructure new,discovered,2840.867574,1068,0.590381
right technology,discovered,2840.698444,1261,0.503192
material shortages,discovered,2837.704419,979,0.642810
seen demand,discovered,2836.694598,1523,0.423998
sense urgency,discovered,2835.734283,2177,0.319818
offshore markets,discovered,2835.107834,962,0.653533
growth emerging,discovered,2833.480034,2311,0.306499
government continue,discovered,2831.963912,811,0.773117
russia middle,discovered,2831.272063,729,0.854631
global trends,discovered,2831.111109,925,0.678650
use technologies,discovered,2829.859305,779,0.803093
chip supply,discovered,2829.732396,704,0.881101
process working,discovered,2829.258333,1761,0.374920
visibility remains,discovered,2828.892909,958,0.654819
remain resilient,discovered,2827.913179,1140,0.551524
manufacturing services,discovered,2827.848322,1362,0.466758
unmanned systems,discovered,2827.469411,784,0.797558
smart energy,discovered,2827.392369,808,0.774688
impacts supply,discovered,2827.164294,683,0.903439
china economic,discovered,2825.358696,638,0.952239
result global,discovered,2825.312415,864,0.724832
prices fell,discovered,2824.898241,1083,0.579144
early april,discovered,2824.006428,2814,0.268948
increase tariffs,discovered,2823.687082,871,0.718647
tenant demand,discovered,2823.208681,1342,0.472369
prices volatile,discovered,2822.116320,810,0.771429
continuity supply,discovered,2821.291212,770,0.809674
peak demand,discovered,2820.717454,1335,0.474245
market energy,discovered,2820.589527,860,0.726965
year oil,discovered,2820.469464,1143,0.548728
major events,discovered,2820.171066,1346,0.470629
deliver mission,discovered,2818.820113,836,0.747096
energy amp,discovered,2818.608774,1542,0.417208
offset weaker,discovered,2817.942794,1472,0.434218
prices reduced,discovered,2817.160138,1109,0.564377
carbon fuel,discovered,2816.945301,764,0.814499
slowing global,discovered,2815.413654,620,0.968750
including government,discovered,2815.170002,861,0.724747
communities serve,discovered,2815.149205,1869,0.356339
scale technology,discovered,2815.033239,891,0.700472
challenges like,discovered,2814.541381,900,0.693374
strategy believe,discovered,2814.293685,1664,0.390886
infrastructure space,discovered,2814.001212,859,0.726120
resilience business,discovered,2812.838923,2038,0.333552
led increased,discovered,2811.825883,1398,0.453602
look gas,discovered,2811.823681,819,0.760446
power outage,discovered,2811.728969,1012,0.616322
provide complete,discovered,2810.988020,1293,0.486822
gas liquid,discovered,2810.457990,885,0.704057
security area,discovered,2810.030938,660,0.924370
capitalize growing,discovered,2809.926164,986,0.632051
grande sul,discovered,2809.920447,1020,0.611144
signed law,discovered,2808.745328,994,0.626734
based security,discovered,2808.473084,757,0.819264
chain customers,discovered,2808.295311,998,0.624140
transition low,discovered,2808.244978,742,0.834646
supply expected,discovered,2808.094634,708,0.870849
emerging opportunities,discovered,2807.593635,1232,0.508671
disruptions caused,discovered,2803.669120,784,0.791120
safety people,discovered,2803.531866,1151,0.541902
increase electricity,discovered,2802.638397,858,0.724051
industrial companies,discovered,2802.626471,1259,0.497628
energy transformation,discovered,2799.702300,662,0.919444
markets supply,discovered,2799.095029,860,0.721477
continue reflect,discovered,2798.454965,1705,0.381432
india south,discovered,2798.188220,896,0.692427
based power,discovered,2797.295224,859,0.721849
25 tariff,discovered,2797.126916,703,0.873292
oil oil,discovered,2796.364976,921,0.673246
structural growth,discovered,2795.814334,1567,0.408712
highest value,discovered,2795.269855,1507,0.422484
europe parts,discovered,2790.697295,944,0.655556
demand short,discovered,2790.180855,922,0.671033
security offerings,discovered,2789.273467,703,0.871128
conference contains,discovered,2788.202294,729,0.842775
experienced higher,discovered,2785.146022,1650,0.390255
chinese players,discovered,2785.075848,888,0.695380
china middle,discovered,2783.772254,818,0.753917
medium heavy,discovered,2782.077407,1231,0.504715
issues like,discovered,2781.262179,1758,0.370339
negatively impact,discovered,2780.637519,2968,0.258020
levels government,discovered,2779.995951,822,0.749316
supply key,discovered,2779.170429,737,0.831828
expected drive,discovered,2778.024567,1742,0.372700
policy support,discovered,2777.189563,747,0.820879
strong relationships,discovered,2776.904686,2451,0.290575
growth driven,discovered,2775.612357,9661,0.155845
energy use,discovered,2773.650295,966,0.636783
oil liquids,discovered,2773.638712,1018,0.604513
industry continue,discovered,2773.076240,1996,0.335181
strategic partnerships,discovered,2772.534739,2839,0.264511
potential recession,discovered,2772.475970,841,0.730669
plays key,discovered,2772.422379,819,0.750000
ramp production,discovered,2771.973759,2999,0.255975
supply europe,discovered,2771.799987,619,0.959690
semiconductor equipment,discovered,2771.060136,1145,0.538570
increasing importance,discovered,2769.756634,972,0.631990
threat environment,discovered,2769.446123,647,0.928264
lng imports,discovered,2768.742965,677,0.894320
products customers,discovered,2768.704569,3609,0.230799
like power,discovered,2768.614910,1045,0.588070
continue driven,discovered,2768.012186,1303,0.476591
energy sectors,discovered,2767.910692,750,0.815217
critical future,discovered,2767.766352,1038,0.591790
capitalize opportunity,discovered,2767.500934,1419,0.441369
protect health,discovered,2767.464716,845,0.725945
customers seeking,discovered,2766.433775,1178,0.523323
issues including,discovered,2765.813049,964,0.636304
level security,discovered,2764.911617,938,0.653659
regulatory landscape,discovered,2763.519842,1021,0.600588
supply industry,discovered,2763.423504,840,0.729167
customer support,discovered,2763.234672,3041,0.253438
term solutions,discovered,2763.118351,795,0.769603
significant focus,discovered,2763.081468,1417,0.441296
difficult times,discovered,2763.070890,2938,0.258604
impact government,discovered,2763.027098,1006,0.609328
various government,discovered,2762.639134,949,0.645578
services industry,discovered,2762.394535,1869,0.351184
past weeks,discovered,2762.248463,2879,0.261703
customers include,discovered,2761.942706,1169,0.526339
foreign direct,discovered,2761.919362,659,0.912742
work government,discovered,2761.617924,1112,0.552135
europe russia,discovered,2760.090216,1208,0.509920
diversify supply,discovered,2759.475255,619,0.956723
geopolitical factors,discovered,2759.101356,615,0.960938
assess impact,discovered,2758.786144,1167,0.526625
generation transmission,discovered,2758.189080,945,0.647260
multi decade,discovered,2757.952315,917,0.666909
tariff rates,discovered,2757.421959,897,0.681611
global challenges,discovered,2757.280074,658,0.912621
direct indirect,discovered,2757.190214,2072,0.324765
risk low,discovered,2756.886079,1087,0.563504
increase power,discovered,2756.369220,1065,0.574744
rig count,discovered,2756.318462,4598,0.204556
continues experience,discovered,2756.254204,1490,0.421499
europe particular,discovered,2755.496705,1374,0.452420
customers trying,discovered,2754.978486,1757,0.367727
material inflation,discovered,2754.774160,2160,0.315053
lng shipping,discovered,2752.851628,824,0.740341
power projects,discovered,2752.323910,1283,0.480885
indoor air,discovered,2751.428081,776,0.784631
cost advantage,discovered,2750.536402,2084,0.322851
value solutions,discovered,2750.136505,1279,0.481914
china remain,discovered,2748.734112,757,0.802757
global security,discovered,2748.645718,629,0.943028
support new,discovered,2748.584553,3172,0.246637
government entities,discovered,2747.940832,1013,0.601901
long history,discovered,2747.544587,2710,0.270648
materials used,discovered,2747.314697,1033,0.590286
analytics platform,discovered,2747.218182,1223,0.501847
years come,discovered,2746.258818,8452,0.161857
management capabilities,discovered,2746.213050,2109,0.319739
gas sold,discovered,2745.262281,787,0.772326
dynamics continue,discovered,2744.636230,1013,0.601187
center demand,discovered,2744.543498,810,0.750695
seasonal demand,discovered,2744.213968,1544,0.407388
needs today,discovered,2743.919922,915,0.664971
issues think,discovered,2743.237311,1571,0.401380
focus supply,discovered,2742.710780,812,0.748387
coal imports,discovered,2742.698180,821,0.740307
customers operate,discovered,2741.606041,859,0.707578
performance despite,discovered,2741.084005,1632,0.388664
provide products,discovered,2741.023004,1190,0.513817
time highs,discovered,2740.903095,1838,0.353598
control supply,discovered,2740.067892,877,0.692733
production north,discovered,2739.235096,1192,0.512688
continues demonstrate,discovered,2738.965756,1873,0.348336
environmentally responsible,discovered,2737.482228,720,0.838184
sourcing strategy,discovered,2736.015079,1030,0.589582
new area,discovered,2734.833362,2003,0.330910
led significant,discovered,2734.648221,1664,0.381827
change supply,discovered,2734.033874,837,0.724048
increasing costs,discovered,2733.687158,1444,0.430018
actionable intelligence,discovered,2733.685106,700,0.858896
based technologies,discovered,2733.534042,888,0.682552
significant future,discovered,2731.934702,1318,0.466054
impact environment,discovered,2730.790775,973,0.622521
customers requirements,discovered,2729.936467,1010,0.599762
industrial market,discovered,2729.611739,2546,0.280335
related challenges,discovered,2729.572095,1186,0.513420
supply ve,discovered,2728.750892,787,0.767805
china largest,discovered,2727.916721,1061,0.571044
high precision,discovered,2727.302549,968,0.624919
know gas,discovered,2727.104149,775,0.778894
labor shortage,discovered,2726.787590,1178,0.516214
prices result,discovered,2726.345474,896,0.674699
expect gas,discovered,2725.493648,772,0.781377
expect volatility,discovered,2725.384645,1136,0.534086
happening world,discovered,2723.908243,1205,0.504818
mexico china,discovered,2723.892268,834,0.723958
norwegian continental,discovered,2721.202685,799,0.754485
technology data,discovered,2719.701621,1539,0.405427
waste water,discovered,2718.318282,1058,0.570658
non opec,discovered,2718.106015,586,0.981575
diverse set,discovered,2717.649580,1481,0.418598
opec production,discovered,2717.442292,620,0.945122
external challenges,discovered,2717.152540,974,0.618806
intelligence surveillance,discovered,2716.107543,575,0.991379
address critical,discovered,2715.333343,761,0.789419
fuel energy,discovered,2714.559454,776,0.774451
volumes impacted,discovered,2713.769153,1105,0.546218
widely reported,discovered,2713.640072,946,0.636180
demand forecast,discovered,2713.553482,1066,0.565517
cold winter,discovered,2711.956956,1204,0.503134
markets geographies,discovered,2711.672298,1221,0.496543
prices likely,discovered,2711.447396,881,0.682417
important technology,discovered,2710.894230,995,0.604496
remains track,discovered,2709.940657,2865,0.259487
major supply,discovered,2708.428873,612,0.951788
world facing,discovered,2708.209451,696,0.856089
downside risks,discovered,2707.225194,826,0.726473
lower raw,discovered,2706.922240,1963,0.333333
private networks,discovered,2706.876464,932,0.644091
significant slowdown,discovered,2705.749113,1232,0.491424
environment characterized,discovered,2705.310402,705,0.845324
copper nickel,discovered,2704.322912,700,0.850547
business energy,discovered,2703.391914,1045,0.574491
regarding energy,discovered,2702.714851,752,0.794926
increase impact,discovered,2702.193424,1253,0.483224
likely continue,discovered,2701.856004,3025,0.250933
use energy,discovered,2699.770110,857,0.698452
products used,discovered,2699.765846,2048,0.322570
production existing,discovered,2697.949597,924,0.647512
environmental stewardship,discovered,2697.787789,864,0.692308
soft demand,discovered,2697.284074,1327,0.457902
costs remain,discovered,2696.705874,2032,0.324135
face significant,discovered,2696.485252,1174,0.512440
energy gas,discovered,2696.285512,673,0.878590
life cycles,discovered,2694.860363,1150,0.522252
impact high,discovered,2693.411073,1335,0.454855
term performance,discovered,2693.178894,2267,0.299947
china parts,discovered,2693.041288,691,0.857320
advanced analytics,discovered,2691.355813,1322,0.458550
maintenance activity,discovered,2688.798380,1215,0.494908
sluggish demand,discovered,2688.424615,851,0.700412
new export,discovered,2688.076809,638,0.916667
provide valuable,discovered,2687.701541,1007,0.592353
market affected,discovered,2687.453968,977,0.610244
supply critical,discovered,2687.279849,569,0.991289
remain stable,discovered,2686.981526,3290,0.238665
chain strategy,discovered,2684.903213,754,0.787879
core strength,discovered,2684.819238,1426,0.427971
just gas,discovered,2684.209262,786,0.756497
remains focused,discovered,2684.107872,2184,0.307000
key regions,discovered,2682.584252,1381,0.439809
ammonia plant,discovered,2681.860321,898,0.662242
tariffs place,discovered,2681.001813,698,0.846061
think political,discovered,2680.850057,685,0.860553
world continues,discovered,2680.842487,981,0.606304
infrastructure applications,discovered,2680.811183,705,0.838288
government customer,discovered,2679.594041,764,0.776423
fleet growth,discovered,2679.159418,1867,0.343388
technology supply,discovered,2677.034944,766,0.773737
product china,discovered,2676.861766,1062,0.560127
pipeline network,discovered,2676.640818,689,0.854839
chain headwinds,discovered,2676.005208,804,0.737615
gas delivery,discovered,2674.830563,757,0.782025
critical solutions,discovered,2674.273071,634,0.917511
particularly areas,discovered,2672.996968,1401,0.432942
seeing signs,discovered,2672.878531,3222,0.240717
global 2000,discovered,2671.309191,1077,0.551459
partners help,discovered,2670.785227,1344,0.448748
chain support,discovered,2670.475793,686,0.856429
waste heat,discovered,2669.912273,896,0.660767
general slowdown,discovered,2669.364650,911,0.649786
focus critical,discovered,2669.005230,749,0.788421
south asia,discovered,2668.928168,1231,0.485602
improving economic,discovered,2667.976560,1180,0.504921
based global,discovered,2667.644894,991,0.597348
major markets,discovered,2667.552613,3968,0.215887
adjust production,discovered,2667.289559,921,0.642259
remote monitoring,discovered,2667.209802,1102,0.538612
new solutions,discovered,2666.872916,2754,0.263163
course high,discovered,2666.329337,1337,0.450168
transmission grid,discovered,2666.286164,734,0.803063
economic financial,discovered,2665.876968,1059,0.559429
cyber threats,discovered,2665.476762,575,0.981229
housing demand,discovered,2665.365677,1064,0.556777
commercial aerospace,discovered,2665.175662,2159,0.307945
material pricing,discovered,2664.506215,1360,0.443141
customers global,discovered,2664.484694,1072,0.552577
tightness supply,discovered,2663.470233,722,0.814898
demand seen,discovered,2662.966390,1084,0.546371
30 years,discovered,2662.776615,5034,0.193638
pressures continue,discovered,2662.492784,1156,0.513778
think near,discovered,2662.105523,2039,0.320346
slowdown economic,discovered,2661.920867,700,0.838323
prices driven,discovered,2661.514064,853,0.691809
technology important,discovered,2660.687766,932,0.633152
supply tight,discovered,2660.313204,747,0.787975
term price,discovered,2659.371452,1302,0.459908
medical device,discovered,2657.607890,3116,0.244450
finished goods,discovered,2656.200544,4068,0.212873
industry government,discovered,2655.945439,748,0.785714
strategically located,discovered,2655.483598,1182,0.501911
supply portfolio,discovered,2654.588604,609,0.941267
global player,discovered,2654.216228,1057,0.558078
construction industry,discovered,2653.172148,1958,0.329076
energy world,discovered,2653.128364,660,0.881175
tonnes annum,discovered,2652.759596,1552,0.394309
national level,discovered,2651.580674,1487,0.408516
incentive programs,discovered,2651.544194,1615,0.381526
demand imbalances,discovered,2650.851532,584,0.968491
tariff policies,discovered,2650.786775,638,0.906250
cold weather,discovered,2649.251904,2521,0.276790
crude production,discovered,2648.859255,751,0.780665
uncertainty customers,discovered,2648.429562,677,0.860229
continued increase,discovered,2648.088385,3983,0.214729
government looking,discovered,2647.914404,874,0.671791
war going,discovered,2647.500206,696,0.838554
information management,discovered,2647.171438,1566,0.390719
business risk,discovered,2647.136300,1549,0.394248
growth asia,discovered,2646.840927,2682,0.266203
threat detection,discovered,2646.161779,637,0.906117
korea japan,discovered,2645.570879,1329,0.449442
power systems,discovered,2644.644959,2313,0.292341
high natural,discovered,2644.529675,666,0.871728
coal based,discovered,2643.738585,877,0.668445
environment challenging,discovered,2642.683255,1617,0.380113
border security,discovered,2642.319777,598,0.950715
deliver services,discovered,2641.178928,1364,0.438585
material impact,discovered,2638.930866,5509,0.185914
industrial sectors,discovered,2638.684056,1112,0.528517
metal prices,discovered,2638.641554,2547,0.274313
defense applications,discovered,2638.591235,744,0.784810
security features,discovered,2638.225764,835,0.700503
volumes gas,discovered,2637.961860,703,0.828033
government regulations,discovered,2637.558073,902,0.648454
supply increase,discovered,2636.838307,784,0.745247
change healthcare,discovered,2636.788854,848,0.689431
million tonnes,discovered,2636.221465,6923,0.170652
challenge industry,discovered,2635.787632,956,0.611644
key factors,discovered,2633.966452,3067,0.245399
business affected,discovered,2633.347222,1459,0.412730
said supply,discovered,2633.296107,802,0.727768
new hampshire,discovered,2632.509732,1775,0.352113
connectivity solutions,discovered,2632.098698,1119,0.524122
demand stable,discovered,2631.374629,854,0.683200
impacted lower,discovered,2631.122735,2831,0.256803
actively engaged,discovered,2629.791480,2582,0.271418
impacts business,discovered,2629.788878,1630,0.376183
overall believe,discovered,2629.523409,2158,0.305190
services remain,discovered,2629.159178,929,0.627703
slow growth,discovered,2627.498121,2175,0.303390
continued challenging,discovered,2627.315725,1239,0.475806
enterprise risk,discovered,2626.872025,998,0.584309
south texas,discovered,2626.795068,2459,0.279686
traditional energy,discovered,2626.771441,656,0.878179
clean reliable,discovered,2626.358361,583,0.963636
weak consumer,discovered,2626.065658,1037,0.562670
risk credit,discovered,2626.030573,983,0.592883
increased need,discovered,2624.660932,836,0.696087
market acceptance,discovered,2624.000237,1787,0.349433
active safety,discovered,2622.908918,1145,0.511161
neighboring countries,discovered,2622.576034,953,0.610506
softer demand,discovered,2622.445658,1456,0.411998
commercial manufacturing,discovered,2621.092271,1172,0.499787
terms demand,discovered,2620.805759,3090,0.243691
optimize supply,discovered,2620.491485,857,0.678006
power sales,discovered,2620.463681,1131,0.516674
value added,discovered,2620.437878,11973,0.144607
supply arrangements,discovered,2619.716431,616,0.923538
limited ability,discovered,2618.850838,1330,0.445114
ahead remain,discovered,2618.828245,1549,0.390767
lng business,discovered,2618.150127,965,0.601996
technology provides,discovered,2618.134348,1053,0.552756
sectors including,discovered,2618.098102,958,0.606329
global slowdown,discovered,2618.015636,680,0.847880
chain problems,discovered,2617.659046,687,0.839853
result recent,discovered,2617.262973,1589,0.382523
monitor developments,discovered,2615.611630,742,0.780231
owned enterprises,discovered,2615.053618,615,0.923423
medical devices,discovered,2614.872373,2213,0.298852
unmanned aerial,discovered,2614.780501,616,0.922156
technologies new,discovered,2614.636067,1272,0.462545
asia south,discovered,2613.145808,1097,0.530464
major economies,discovered,2612.631506,732,0.789644
demand emerging,discovered,2612.609278,786,0.736645
export capacity,discovered,2612.049525,920,0.629706
needed support,discovered,2611.973608,1479,0.405205
weak global,discovered,2610.411192,690,0.834341
uncertain macroeconomic,discovered,2609.977793,930,0.622490
quality supply,discovered,2609.150590,837,0.691164
critical systems,discovered,2609.148735,692,0.831731
resources energy,discovered,2608.991310,781,0.740284
infrastructure necessary,discovered,2608.834600,803,0.720179
freight costs,discovered,2608.709810,3708,0.220780
realized natural,discovered,2608.073525,713,0.808390
based products,discovered,2607.960092,2968,0.248597
investment plan,discovered,2605.227851,2530,0.273277
geopolitical macroeconomic,discovered,2604.334529,622,0.912023
areas investment,discovered,2604.079117,1166,0.499144
build infrastructure,discovered,2603.586521,1737,0.354997
developing economies,discovered,2603.305510,900,0.641483
energy agency,discovered,2603.277090,574,0.967960
need gas,discovered,2603.242853,683,0.840098
issues ve,discovered,2602.794249,2193,0.299754
east india,discovered,2602.002516,1005,0.574943
increased oil,discovered,2600.641994,789,0.730556
constraints supply,discovered,2599.944065,750,0.767656
broader industry,discovered,2599.377177,1529,0.392555
continues benefit,discovered,2599.003415,2174,0.301233
global delivery,discovered,2598.025268,1243,0.469588
remains elevated,discovered,2596.631703,1089,0.530961
advanced nodes,discovered,2596.153512,1034,0.558014
challenges opportunities,discovered,2596.029054,1733,0.354832
issues facing,discovered,2596.015698,1308,0.448252
economy world,discovered,2595.639508,868,0.663102
supply long,discovered,2595.131523,624,0.906977
american energy,discovered,2595.102098,619,0.912979
geopolitical challenges,discovered,2594.683323,579,0.960199
primarily china,discovered,2594.162706,908,0.633636
improved efficiency,discovered,2593.554263,1869,0.334886
positioned serve,discovered,2593.500668,1187,0.489081
fuel source,discovered,2593.497875,637,0.890909
engineering solutions,discovered,2591.943695,899,0.639403
benefit strong,discovered,2590.397310,2023,0.315946
based software,discovered,2588.506402,1115,0.517642
ai solutions,discovered,2587.513255,1246,0.466842
impact markets,discovered,2586.899381,1108,0.520432
particularly asia,discovered,2585.360505,1600,0.376648
programs like,discovered,2584.815852,1874,0.333393
provide significant,discovered,2584.568980,2441,0.278113
construction new,discovered,2583.944723,2637,0.265052
long supply,discovered,2583.127944,665,0.854756
state department,discovered,2582.830213,1061,0.541603
methane emissions,discovered,2582.664641,756,0.756757
believe overall,discovered,2582.463529,1782,0.345952
think global,discovered,2581.915102,1377,0.426448
capacity additions,discovered,2581.881035,2163,0.300918
considered essential,discovered,2581.571551,624,0.903039
presidential elections,discovered,2580.390717,804,0.711504
abu dhabi,discovered,2580.164230,1950,0.323437
chain continues,discovered,2579.905874,708,0.805461
uncertainty continues,discovered,2579.464821,665,0.853659
renewable resources,discovered,2579.343090,812,0.704250
decision making,discovered,2579.263792,6320,0.174914
including global,discovered,2579.232136,989,0.579040
customers interested,discovered,2578.993082,1530,0.389809
business global,discovered,2578.967610,1711,0.356533
prices generally,discovered,2578.011914,944,0.605905
signs improvement,discovered,2577.781910,2467,0.275797
mexican government,discovered,2577.748215,791,0.722374
trend micro,discovered,2577.220593,806,0.708883
investments support,discovered,2577.037006,2294,0.288953
global leaders,discovered,2576.377799,814,0.701724
local regional,discovered,2576.173146,1661,0.364574
order mitigate,discovered,2575.527939,1054,0.543579
opportunities company,discovered,2575.348740,1886,0.330935
nickel price,discovered,2574.777535,1102,0.520794
connected car,discovered,2574.641194,963,0.593346
construction market,discovered,2574.415124,2592,0.267244
trade tariff,discovered,2574.251264,576,0.958403
task order,discovered,2573.404317,1075,0.532970
copper price,discovered,2572.703657,1842,0.336500
higher tariffs,discovered,2572.489279,886,0.643895
safety critical,discovered,2571.872004,616,0.909897
security defense,discovered,2571.759433,557,0.978910
security technology,discovered,2571.626875,704,0.807339
government initiatives,discovered,2571.552247,858,0.664601
production production,discovered,2570.937073,1226,0.470995
prices right,discovered,2570.211902,1350,0.432138
driven continued,discovered,2568.240223,4607,0.198048
cost low,discovered,2567.036439,1509,0.392764
strong secular,discovered,2566.177810,841,0.676589
cautious optimism,discovered,2565.783387,1205,0.477606
china believe,discovered,2565.680297,861,0.660783
incident response,discovered,2565.593551,813,0.699656
chain really,discovered,2565.247102,913,0.623208
clients continue,discovered,2564.856042,1744,0.349850
respect supply,discovered,2563.210422,667,0.846447
environment customers,discovered,2562.811972,1335,0.435279
markets generally,discovered,2561.570309,1213,0.474013
prices need,discovered,2560.538197,898,0.632394
tariff policy,discovered,2560.344252,687,0.822754
challenges presented,discovered,2560.003255,1135,0.503773
car sales,discovered,2559.710890,2283,0.288586
remained elevated,discovered,2558.073080,1121,0.509314
lng plant,discovered,2557.088690,750,0.755287
result economic,discovered,2556.830576,871,0.650972
large gas,discovered,2555.672741,757,0.748024
policy uncertainty,discovered,2555.195575,635,0.881944
recovery remains,discovered,2555.135451,752,0.752753
low emissions,discovered,2554.220636,620,0.899855
uncertainty macroeconomic,discovered,2554.220636,620,0.899855
slowdown economy,discovered,2553.768692,1136,0.502210
storage assets,discovered,2553.519239,919,0.616365
invest infrastructure,discovered,2553.486336,1266,0.454741
government subsidies,discovered,2553.475715,1197,0.478417
close collaboration,discovered,2553.254214,1139,0.500880
production units,discovered,2552.397716,1165,0.490320
major impact,discovered,2552.314370,3255,0.233484
data ai,discovered,2552.279639,1295,0.445476
ability navigate,discovered,2552.031590,1280,0.450070
terms global,discovered,2552.007206,1218,0.470634
carbon dioxide,discovered,2551.625419,1261,0.456058
pharmaceutical company,discovered,2550.753720,1716,0.352724
africa region,discovered,2550.168769,1187,0.481542
best breed,discovered,2550.037468,1941,0.321784
product solutions,discovered,2549.149633,1474,0.398163
market focus,discovered,2549.060407,1834,0.335283
earlier month,discovered,2549.040336,4089,0.208272
electronics business,discovered,2547.978489,1741,0.348549
fuel standard,discovered,2547.881491,700,0.804598
generation facilities,discovered,2547.486307,715,0.788313
term effects,discovered,2547.119148,965,0.585914
mainly driven,discovered,2546.465395,7516,0.164055
help support,discovered,2546.336427,2381,0.279887
demand semiconductor,discovered,2546.128475,701,0.802978
address concerns,discovered,2546.104242,971,0.582134
challenging times,discovered,2545.979639,3001,0.243726
market weakness,discovered,2545.685431,1467,0.399292
wholesale price,discovered,2545.527897,1164,0.489487
plays critical,discovered,2545.211440,619,0.898403
global gas,discovered,2545.211440,619,0.898403
technologies market,discovered,2545.169658,906,0.623109
sales europe,discovered,2544.715284,2527,0.269518
lot big,discovered,2544.662298,1913,0.324678
example china,discovered,2544.281206,1019,0.555011
volumes expected,discovered,2543.837197,1427,0.408414
growing segments,discovered,2542.479079,1307,0.440364
gas basins,discovered,2542.140492,651,0.858839
energy oil,discovered,2541.728360,685,0.819378
way supply,discovered,2541.546302,842,0.669316
war china,discovered,2541.309525,530,0.998117
demand including,discovered,2541.287219,789,0.714027
food industry,discovered,2541.265573,1366,0.423566
world need,discovered,2540.551759,932,0.604802
demand transportation,discovered,2540.239395,731,0.769474
western european,discovered,2539.290067,1774,0.342736
management solution,discovered,2539.219280,1878,0.328551
increase export,discovered,2537.394048,798,0.704947
significant negative,discovered,2534.968040,1686,0.355846
affected supply,discovered,2534.742383,580,0.943089
china expected,discovered,2533.917682,925,0.607753
effect market,discovered,2533.690224,1072,0.526523
world steel,discovered,2533.387351,803,0.699477
driven need,discovered,2533.278588,897,0.626397
program management,discovered,2533.109073,1630,0.365143
infrastructure technology,discovered,2533.010187,965,0.582729
global leadership,discovered,2532.404833,1236,0.461194
integrated services,discovered,2532.404833,1236,0.461194
security measures,discovered,2531.889509,618,0.895652
related activities,discovered,2531.503974,2102,0.302751
uncertainties global,discovered,2530.898342,578,0.944444
rising oil,discovered,2530.213886,672,0.830655
wind industry,discovered,2529.689362,738,0.759259
high raw,discovered,2529.513468,954,0.588526
travel demand,discovered,2529.315179,1201,0.472835
hi tech,discovered,2528.775421,1099,0.513312
regulatory period,discovered,2527.759421,1108,0.509191
technology portfolio,discovered,2526.912820,1376,0.418874
activity europe,discovered,2526.336826,1064,0.528827
chain going,discovered,2525.678543,914,0.613011
challenges terms,discovered,2524.837634,1164,0.485810
global reach,discovered,2524.217310,1954,0.317930
information assurance,discovered,2523.341728,574,0.947195
highly uncertain,discovered,2523.050282,959,0.584044
new natural,discovered,2522.872544,712,0.784141
military applications,discovered,2522.199458,735,0.760083
impacted industry,discovered,2520.928144,753,0.741872
suppliers supply,discovered,2520.057295,651,0.852094
demand country,discovered,2519.966103,710,0.785398
environment continue,discovered,2519.320456,2587,0.264060
headwinds faced,discovered,2518.067758,1065,0.526706
restrictions china,discovered,2518.021200,591,0.924883
civilian agencies,discovered,2517.570880,613,0.897511
china right,discovered,2516.633445,1278,0.445141
recently added,discovered,2516.490635,1869,0.327550
meet current,discovered,2516.458406,1234,0.459248
hard coal,discovered,2516.191142,685,0.811611
strategic importance,discovered,2514.724446,1394,0.412548
border business,discovered,2514.523710,808,0.690009
terms raw,discovered,2513.818466,1308,0.435710
reasons including,discovered,2512.987627,1151,0.488747
industrial automation,discovered,2511.990012,1653,0.358802
lower cost,discovered,2511.627358,12095,0.142714
shut ins,discovered,2511.416349,1104,0.507820
continued softness,discovered,2511.103518,1660,0.357527
demand technology,discovered,2510.974357,944,0.590369
gas play,discovered,2510.670359,855,0.651181
believe significant,discovered,2510.192733,3631,0.218867
impact new,discovered,2510.006648,4119,0.206094
market north,discovered,2510.005807,1726,0.346865
favorable market,discovered,2510.000111,2482,0.270223
industrial infrastructure,discovered,2509.649815,861,0.646396
kingdom saudi,discovered,2509.577401,677,0.818622
government actions,discovered,2509.287176,682,0.812872
renewable fuel,discovered,2508.363285,819,0.679104
reducing energy,discovered,2507.426305,715,0.776330
growth environment,discovered,2506.607747,2016,0.309487
cooking oil,discovered,2505.919703,714,0.776931
point supply,discovered,2505.515302,704,0.787472
uncertainties market,discovered,2505.118770,773,0.718401
demand infrastructure,discovered,2504.861543,814,0.682313
environmental benefits,discovered,2501.443417,746,0.743028
present challenges,discovered,2501.020395,865,0.641216
degree uncertainty,discovered,2501.005822,1165,0.481206
lng exports,discovered,2500.641159,692,0.799076
seen china,discovered,2500.256980,883,0.628023
lead increased,discovered,2499.842497,1210,0.464670
chain dynamics,discovered,2498.350108,638,0.860999
solutions critical,discovered,2498.210888,556,0.961938
despite covid,discovered,2498.072455,1523,0.381227
infrastructure related,discovered,2496.626405,1111,0.502033
business operations,discovered,2496.403713,3307,0.228858
gas project,discovered,2495.747568,1028,0.540200
beginning pandemic,discovered,2494.848428,1365,0.417176
customers europe,discovered,2494.553253,1486,0.388497
uncertainty remain,discovered,2494.402144,587,0.922956
role providing,discovered,2494.027136,626,0.874302
term disruption,discovered,2493.770205,820,0.674342
services business,discovered,2492.636970,8766,0.155370
horn river,discovered,2492.411845,900,0.614334
gas crude,discovered,2492.178642,644,0.851852
fiscal policy,discovered,2491.796122,752,0.734375
inflation labor,discovered,2491.602596,978,0.565972
cautious near,discovered,2490.487319,682,0.807101
meet future,discovered,2490.159059,1149,0.485425
liquids production,discovered,2488.935970,1151,0.484428
infrastructure programs,discovered,2488.689682,683,0.805425
new pipeline,discovered,2487.904663,1361,0.417229
drop demand,discovered,2487.539688,1234,0.454512
strong despite,discovered,2486.845940,1284,0.438674
generation data,discovered,2486.496583,773,0.713100
increasing need,discovered,2486.176116,909,0.606809
particularly automotive,discovered,2485.777347,802,0.687232
course global,discovered,2485.646451,692,0.794489
winter season,discovered,2485.208490,2322,0.280029
talk supply,discovered,2484.274837,856,0.643609
tariff environment,discovered,2483.702305,837,0.658019
lower prices,discovered,2483.415155,4309,0.200970
nation largest,discovered,2483.352460,1010,0.546833
domestic coal,discovered,2482.818196,947,0.582053
5g networks,discovered,2482.091991,841,0.654475
fly ash,discovered,2481.398576,986,0.559274
cyber risk,discovered,2481.369433,581,0.926635
additional tariffs,discovered,2480.735566,605,0.896296
providing critical,discovered,2480.051517,602,0.899851
risk environment,discovered,2479.078999,946,0.581796
term strategic,discovered,2479.066311,3420,0.224130
global inflation,discovered,2478.832704,612,0.886957
significant strategic,discovered,2475.966873,1327,0.424640
uncertain global,discovered,2474.972453,632,0.861035
ability address,discovered,2474.931477,987,0.557312
reducing greenhouse,discovered,2474.809077,588,0.915888
used vehicles,discovered,2471.808362,1443,0.395018
macroeconomic trends,discovered,2471.728744,977,0.562140
europe especially,discovered,2471.375769,1262,0.442962
stable demand,discovered,2471.133272,1341,0.420113
easing supply,discovered,2470.195844,660,0.826033
battery manufacturing,discovered,2469.803468,668,0.816626
water energy,discovered,2468.510157,804,0.680779
particularly relevant,discovered,2467.933132,1039,0.529022
europe demand,discovered,2467.758288,774,0.706849
key stakeholders,discovered,2467.728507,1435,0.396299
macro events,discovered,2467.428767,752,0.727273
safe secure,discovered,2466.553541,913,0.599475
prices offset,discovered,2466.440180,1375,0.410570
focus expanding,discovered,2465.866974,1673,0.350440
especially asia,discovered,2465.024291,1264,0.441341
products need,discovered,2464.060210,1535,0.374664
arab emirates,discovered,2463.754109,917,0.596229
prices margins,discovered,2462.435550,1062,0.517040
covid situation,discovered,2461.935069,1981,0.309386
budget request,discovered,2461.406087,629,0.860465
defense commercial,discovered,2461.046294,701,0.777162
anticipated demand,discovered,2460.961103,1047,0.523762
continues play,discovered,2460.717759,1112,0.494882
continued high,discovered,2460.206603,2311,0.279073
operational risk,discovered,2458.833082,1574,0.366643
business customers,discovered,2458.583726,3987,0.207225
term given,discovered,2458.456841,1329,0.421503
like gas,discovered,2457.411617,824,0.661316
department state,discovered,2457.231394,753,0.723343
services contract,discovered,2457.030318,1383,0.407244
restrictions imposed,discovered,2456.631645,788,0.691228
market export,discovered,2456.054510,782,0.696349
solution provider,discovered,2455.781720,1463,0.388476
space systems,discovered,2455.445811,993,0.549834
create uncertainty,discovered,2455.362970,626,0.862259
sedimentary basin,discovered,2454.489958,537,0.972826
customers regarding,discovered,2454.017635,914,0.595828
financial conditions,discovered,2453.711254,1216,0.454920
amp security,discovered,2452.086174,1097,0.499545
like covid,discovered,2451.704748,997,0.546901
currently experiencing,discovered,2450.307052,1410,0.399773
gas space,discovered,2449.209673,674,0.803337
segment continues,discovered,2448.931762,2271,0.281378
supply line,discovered,2448.884303,751,0.722810
attractive markets,discovered,2448.658469,1508,0.378134
addressable markets,discovered,2448.004871,1503,0.379067
opportunities arising,discovered,2447.866431,842,0.644717
rail infrastructure,discovered,2446.581758,672,0.804790
end solutions,discovered,2446.571353,1264,0.438432
portfolio positioned,discovered,2445.981155,1385,0.405208
past 10,discovered,2445.064215,2249,0.282858
china impacted,discovered,2444.940045,658,0.820449
continued robust,discovered,2444.785188,1441,0.391896
growth opportunity,discovered,2443.923457,6773,0.167524
generation energy,discovered,2442.495238,698,0.774695
market particular,discovered,2442.469140,1821,0.326637
remained challenging,discovered,2442.081277,1010,0.538093
lng production,discovered,2439.470805,678,0.795775
systems support,discovered,2437.688511,1124,0.485739
ukraine situation,discovered,2437.636788,587,0.905864
key wins,discovered,2437.440847,1198,0.458301
need replace,discovered,2437.212685,1027,0.528564
business government,discovered,2436.731064,1193,0.459907
order ensure,discovered,2436.700582,1736,0.337743
capacity needs,discovered,2436.461287,1154,0.473922
demand balances,discovered,2435.417272,607,0.879710
growth natural,discovered,2435.312153,864,0.625181
prices rose,discovered,2432.823559,954,0.566508
facilities world,discovered,2432.799558,856,0.630339
purpose built,discovered,2431.477028,1783,0.330614
summer season,discovered,2430.588012,2383,0.271660
advantage growing,discovered,2430.497668,828,0.650943
volumes driven,discovered,2430.249694,972,0.555746
building solutions,discovered,2430.226675,1264,0.435862
developing new,discovered,2430.197544,3849,0.209515
high fuel,discovered,2430.018283,1103,0.492851
impacted consumer,discovered,2429.964782,671,0.800716
regarding gas,discovered,2429.766822,622,0.859116
chain infrastructure,discovered,2429.505671,666,0.806295
ensure continuity,discovered,2429.295438,805,0.669160
chain impact,discovered,2429.035715,668,0.803851
department justice,discovered,2428.750177,1471,0.383273
tariff review,discovered,2428.611429,903,0.596827
help reduce,discovered,2428.427122,2268,0.280104
oil producing,discovered,2426.667123,770,0.698730
overall macroeconomic,discovered,2425.377213,832,0.646465
gas hedges,discovered,2424.130252,851,0.631774
supply versus,discovered,2423.730996,659,0.812577
equipment supply,discovered,2423.256363,810,0.663391
clean water,discovered,2422.125993,791,0.678970
demand pricing,discovered,2421.544444,1530,0.370460
like trade,discovered,2420.604745,776,0.691622
china lot,discovered,2420.499645,900,0.596817
daily lives,discovered,2419.815403,933,0.575926
exceptionally positioned,discovered,2419.381341,799,0.671429
changing market,discovered,2419.193514,2308,0.276341
10 tariff,discovered,2417.976211,611,0.869132
improve supply,discovered,2417.400811,1035,0.520624
july year,discovered,2417.363545,3023,0.235951
storage projects,discovered,2417.049134,919,0.583863
trade restrictions,discovered,2416.903706,549,0.948187
help facilitate,discovered,2415.748221,1167,0.465497
countries particularly,discovered,2415.471968,739,0.724510
term volatility,discovered,2414.763184,1214,0.449131
infrastructure demand,discovered,2414.350708,633,0.840637
technologies solutions,discovered,2414.278539,701,0.762786
aviation fuel,discovered,2414.215970,1033,0.520928
ability help,discovered,2414.124900,1233,0.442888
core capabilities,discovered,2414.014363,1475,0.380547
capacity meet,discovered,2413.841089,1672,0.344956
capacity expansion,discovered,2413.267265,4509,0.194605
project activity,discovered,2412.600358,1848,0.320333
united arab,discovered,2412.435670,914,0.585897
earth orbit,discovered,2412.364751,592,0.891566
mission systems,discovered,2412.205658,832,0.642968
china global,discovered,2411.944687,662,0.805353
actions mitigate,discovered,2411.834919,913,0.586384
countries outside,discovered,2411.649558,1123,0.481354
serve needs,discovered,2411.403222,1245,0.438689
need protect,discovered,2411.048646,888,0.602442
leading positions,discovered,2410.532316,1581,0.359727
support technology,discovered,2410.253234,766,0.697632
factors include,discovered,2409.840484,1219,0.446684
grid reliability,discovered,2409.811762,558,0.934673
prices partially,discovered,2408.051231,1005,0.533439
prices like,discovered,2407.953910,1181,0.459176
price risk,discovered,2407.859142,1423,0.391041
capitalize growth,discovered,2407.804165,1374,0.402578
diverse portfolio,discovered,2407.000195,1694,0.340845
cautiously optimistic,discovered,2406.999681,4720,0.190699
spread virus,discovered,2406.427142,846,0.630872
demand ai,discovered,2406.006401,753,0.708373
level supply,discovered,2405.277836,796,0.670034
term competitiveness,discovered,2404.982500,779,0.684534
got supply,discovered,2404.977118,823,0.648031
development production,discovered,2404.751186,1385,0.399481
steel mills,discovered,2404.481233,1278,0.427711
reduction supply,discovered,2404.454700,708,0.752391
economic fundamentals,discovered,2404.109075,747,0.713467
prices significant,discovered,2404.055787,816,0.653323
lithium carbonate,discovered,2404.051830,850,0.627306
china recently,discovered,2403.275945,715,0.744792
improving supply,discovered,2401.855493,1007,0.531118
katrina rita,discovered,2401.432594,1033,0.518314
strategic advantage,discovered,2401.330256,1473,0.379346
factory automation,discovered,2401.315772,1295,0.422374
increasing pressure,discovered,2401.181337,911,0.585100
internal combustion,discovered,2400.755757,1319,0.415695
business remain,discovered,2400.643127,2491,0.262404
modernization program,discovered,2400.152442,1029,0.519960
automobile industry,discovered,2400.085555,815,0.653045
global vehicle,discovered,2399.900005,716,0.742739
supply network,discovered,2399.737097,726,0.732593
term macro,discovered,2399.571517,758,0.701852
constraints continue,discovered,2399.227837,644,0.822478
including india,discovered,2398.756364,768,0.692516
opportunities including,discovered,2398.728189,1577,0.359062
construction activities,discovered,2397.533988,1508,0.371795
environmental management,discovered,2397.489613,648,0.817150
infrastructure upgrades,discovered,2397.405241,774,0.686779
solutions deliver,discovered,2396.949233,1016,0.525608
core infrastructure,discovered,2396.858837,986,0.540867
raise prices,discovered,2396.816174,2724,0.248790
winter heating,discovered,2395.849743,668,0.793349
states united,discovered,2394.865988,837,0.634572
increased inventory,discovered,2394.644034,1746,0.332002
created uncertainty,discovered,2394.355145,589,0.889728
hit hard,discovered,2394.187516,1454,0.382430
increases energy,discovered,2394.057648,717,0.739938
including oil,discovered,2392.644528,659,0.802680
contingency plans,discovered,2391.862076,1500,0.372671
prices steel,discovered,2391.565019,822,0.645212
critical information,discovered,2391.016593,721,0.734964
private public,discovered,2390.882029,1638,0.347845
supply lines,discovered,2390.665496,645,0.818528
gas shale,discovered,2390.509208,610,0.861582
china remains,discovered,2390.298118,934,0.568472
data cloud,discovered,2390.131274,1254,0.432563
market lower,discovered,2390.041099,1599,0.354231
products provide,discovered,2389.081340,1746,0.331435
value stakeholders,discovered,2388.641654,2612,0.254383
challenges current,discovered,2388.383404,825,0.642023
prices half,discovered,2388.312080,900,0.589005
global travel,discovered,2388.299204,929,0.570990
engineering capabilities,discovered,2387.647449,1013,0.525143
economic impacts,discovered,2387.109848,818,0.647152
technology believe,discovered,2386.885141,1091,0.489677
container shipping,discovered,2386.609082,860,0.615605
manufacturing logistics,discovered,2384.700547,963,0.550600
issue supply,discovered,2384.081697,717,0.736896
private sectors,discovered,2383.714985,630,0.834437
related uncertainty,discovered,2383.505175,636,0.827048
risk having,discovered,2383.117599,998,0.531700
integrated model,discovered,2382.910091,1249,0.432929
remains constrained,discovered,2382.831646,649,0.811250
circular economy,discovered,2382.688062,1442,0.383511
edge ai,discovered,2382.354584,858,0.615937
technology technology,discovered,2382.054698,1135,0.471346
gas availability,discovered,2382.021820,544,0.944444
palo alto,discovered,2381.955762,1180,0.455071
macro concerns,discovered,2381.599449,724,0.729104
manufacturing equipment,discovered,2381.528675,1189,0.451919
address needs,discovered,2381.247286,1449,0.381818
government budget,discovered,2381.147033,791,0.667511
inflection point,discovered,2380.737942,4813,0.188332
key technology,discovered,2380.607071,1083,0.491826
showed signs,discovered,2380.537152,892,0.592297
uncertainty think,discovered,2380.247201,810,0.651649
demand quarter,discovered,2379.929847,2182,0.283450
sour crude,discovered,2379.891406,701,0.752146
labor constraints,discovered,2379.877807,964,0.548975
order supply,discovered,2379.650301,671,0.784795
economic social,discovered,2379.370070,759,0.695055
build supply,discovered,2378.997308,694,0.759300
remain place,discovered,2378.636725,1551,0.361370
particularly north,discovered,2378.187009,1962,0.304092
presence china,discovered,2377.938524,949,0.556925
industrial growth,discovered,2377.427430,984,0.537705
impacted sales,discovered,2376.912671,1849,0.316827
pivotal role,discovered,2376.267598,918,0.574828
business united,discovered,2376.152808,1364,0.400587
tariff uncertainty,discovered,2375.507778,685,0.767937
national infrastructure,discovered,2375.303358,618,0.846575
east russia,discovered,2374.766239,657,0.799270
environment uncertainty,discovered,2374.202486,737,0.714147
recently awarded,discovered,2374.107790,1477,0.375063
production lines,discovered,2373.977675,2164,0.284512
battery supply,discovered,2372.949991,563,0.916938
markets impacted,discovered,2372.923555,1078,0.492462
firm transportation,discovered,2372.427391,986,0.535578
labor availability,discovered,2370.622531,1288,0.419681
looking technology,discovered,2370.505620,925,0.569231
grid infrastructure,discovered,2370.363550,581,0.892473
frac sand,discovered,2370.171185,1177,0.454090
integrated energy,discovered,2369.736165,732,0.717647
real gdp,discovered,2369.599708,815,0.644778
environment energy,discovered,2369.043795,648,0.807980
management operations,discovered,2368.906338,1266,0.425689
core competencies,discovered,2368.811868,2344,0.270108
signed agreement,discovered,2368.375108,2612,0.253125
unconventional gas,discovered,2368.101491,669,0.783372
global industry,discovered,2367.814305,1071,0.494460
manufacturing capability,discovered,2366.965273,1396,0.391695
digital technologies,discovered,2366.822147,1181,0.452144
enable new,discovered,2366.573100,898,0.585016
supply global,discovered,2365.968381,532,0.955117
chain able,discovered,2365.366846,723,0.725176
government just,discovered,2364.818173,878,0.597686
important given,discovered,2364.774722,1099,0.482229
closely government,discovered,2364.560168,610,0.853147
development effort,discovered,2364.245068,1206,0.443382
world supply,discovered,2363.053485,584,0.886191
potential trade,discovered,2362.424605,549,0.932088
additional funding,discovered,2360.699209,1741,0.329236
demand chinese,discovered,2360.253808,646,0.807500
especially related,discovered,2359.707270,1070,0.493315
continues robust,discovered,2359.416204,1557,0.358013
automotive customers,discovered,2359.336044,1202,0.443870
infrastructure provider,discovered,2359.071067,570,0.903328
recent developments,discovered,2358.875305,2374,0.267312
think uncertainty,discovered,2358.764813,1051,0.501431
technical services,discovered,2358.560727,1664,0.340217
changes government,discovered,2357.649482,689,0.757976
volatility financial,discovered,2356.925208,817,0.639781
higher value,discovered,2355.907302,4838,0.187142
projects particularly,discovered,2355.183179,992,0.528785
client needs,discovered,2355.182306,1392,0.391011
opportunities supply,discovered,2354.763195,615,0.843621
increased global,discovered,2354.691375,899,0.581501
higher inventories,discovered,2353.839992,1116,0.473483
tons annum,discovered,2353.609903,1046,0.502643
sector clients,discovered,2353.191166,712,0.732510
supply just,discovered,2351.851852,819,0.636858
services continue,discovered,2351.206941,1915,0.306793
opportunities increase,discovered,2351.078418,1950,0.302983
states think,discovered,2350.823513,1121,0.471008
impact inflation,discovered,2350.652714,1876,0.311163
pressure high,discovered,2350.552479,920,0.567551
world bank,discovered,2349.293926,938,0.556677
europe world,discovered,2349.216720,776,0.671280
demand globally,discovered,2349.065087,783,0.665251
impact commodity,discovered,2349.008824,930,0.561255
nickel cobalt,discovered,2348.850503,649,0.800247
western world,discovered,2347.367768,1279,0.418658
affordable reliable,discovered,2347.069527,575,0.892857
coal price,discovered,2346.007318,1481,0.370713
low consumer,discovered,2345.878869,685,0.758583
macro issues,discovered,2345.710967,1070,0.490601
supported long,discovered,2345.691388,755,0.688869
deep sea,discovered,2345.428066,791,0.657523
state government,discovered,2344.059197,1736,0.328228
automotive supply,discovered,2343.992299,593,0.868228
chain optimization,discovered,2343.930947,994,0.525370
developed world,discovered,2343.764640,1154,0.457573
pacific middle,discovered,2343.529108,815,0.637715
gasoline prices,discovered,2343.507926,1302,0.411765
believe demand,discovered,2343.361899,1698,0.333530
investments critical,discovered,2342.122368,681,0.761745
government markets,discovered,2342.063093,634,0.815959
recently signed,discovered,2341.537044,2250,0.275095
mining sector,discovered,2341.497653,1280,0.417482
winter storm,discovered,2340.728105,1259,0.423336
security strategy,discovered,2340.190624,559,0.911909
ready support,discovered,2340.178801,855,0.607244
affect demand,discovered,2340.081070,671,0.772152
rail transportation,discovered,2339.334213,723,0.717262
business expected,discovered,2339.109586,2270,0.273395
wins quarter,discovered,2338.512067,2259,0.274184
application development,discovered,2337.380365,1486,0.368643
lower supply,discovered,2337.290999,856,0.605803
certain parts,discovered,2336.854772,2203,0.278438
pipeline gas,discovered,2336.299858,593,0.865693
public infrastructure,discovered,2335.899210,793,0.653213
help protect,discovered,2335.895778,1044,0.500000
robust supply,discovered,2335.425998,648,0.797048
market outlook,discovered,2334.464231,3176,0.225729
given significant,discovered,2334.049187,2243,0.275080
supply growing,discovered,2333.335968,599,0.856938
world biggest,discovered,2333.328422,818,0.632637
term prices,discovered,2333.063894,780,0.663265
able mitigate,discovered,2332.417833,1596,0.348168
position help,discovered,2331.851161,958,0.541549
saint gobain,discovered,2331.669810,1017,0.511569
chain remains,discovered,2331.630334,526,0.952899
electric motors,discovered,2331.472679,669,0.771626
export oriented,discovered,2331.313268,638,0.807595
limited impact,discovered,2331.275422,1906,0.305988
edge computing,discovered,2330.754593,883,0.585932
infrastructure construction,discovered,2330.562015,978,0.530657
new regulations,discovered,2330.517283,1867,0.310339
growing areas,discovered,2330.403969,1270,0.418589
defense agency,discovered,2330.249588,533,0.943363
developed markets,discovered,2329.643251,2842,0.239145
market volatile,discovered,2329.294145,938,0.552089
feeling impact,discovered,2329.166537,863,0.598890
investments energy,discovered,2329.038866,654,0.787952
opportunities believe,discovered,2328.667914,1681,0.334461
gas producer,discovered,2328.335255,580,0.880121
rapidly expanding,discovered,2328.206038,1405,0.384405
demand year,discovered,2327.913278,1990,0.296838
use applications,discovered,2327.651016,703,0.733820
expansion plans,discovered,2327.639922,2845,0.238895
experienced supply,discovered,2327.578598,516,0.964486
forecast reflects,discovered,2327.051178,998,0.519792
comes supply,discovered,2326.740015,673,0.765643
china particularly,discovered,2326.493129,861,0.599582
position china,discovered,2326.492958,972,0.532895
increased capacity,discovered,2326.378990,2489,0.257660
security administration,discovered,2325.988836,575,0.885978
heat recovery,discovered,2325.918868,790,0.652893
technology platform,discovered,2325.331638,4281,0.195837
crude price,discovered,2324.634729,1128,0.463625
demand renewable,discovered,2324.070648,605,0.846154
gas area,discovered,2323.811308,841,0.612974
supply outlook,discovered,2323.349085,639,0.803774
china including,discovered,2323.116870,779,0.661290
political landscape,discovered,2321.252147,642,0.799502
utility industry,discovered,2321.098333,768,0.670157
security energy,discovered,2320.642228,498,0.984190
government focus,discovered,2319.540735,600,0.851064
given potential,discovered,2319.440075,1340,0.398454
recovery market,discovered,2319.364528,1476,0.368355
gas ngl,discovered,2318.009794,854,0.602257
space market,discovered,2317.086279,1231,0.427876
lot demand,discovered,2316.483440,2610,0.250024
conditions including,discovered,2316.348608,1226,0.429272
idiq contract,discovered,2316.339901,636,0.805063
discussions potential,discovered,2315.844953,1640,0.339264
cyber resilience,discovered,2315.621393,570,0.889236
japan australia,discovered,2315.557420,994,0.519331
projects support,discovered,2315.386590,845,0.607914
key partner,discovered,2315.278314,906,0.567669
growth world,discovered,2315.182871,1190,0.440415
growth forecast,discovered,2313.720022,1631,0.340430
supply right,discovered,2313.695384,757,0.677708
enhance security,discovered,2312.982503,547,0.919328
current high,discovered,2311.557631,1049,0.492951
feed tariff,discovered,2311.289965,1009,0.511145
essential role,discovered,2310.609201,602,0.845506
continues remain,discovered,2309.125109,2521,0.254621
played important,discovered,2308.223547,965,0.532561
price hikes,discovered,2307.527154,2111,0.283851
prices expect,discovered,2307.456632,1281,0.412030
russian oil,discovered,2307.156283,578,0.875758
coal generation,discovered,2307.044111,764,0.669588
support large,discovered,2305.573453,892,0.574003
customers want,discovered,2305.441831,4694,0.187790
user demand,discovered,2305.347236,1444,0.373030
increased costs,discovered,2305.311962,3274,0.220873
large small,discovered,2305.294167,1799,0.316113
positive developments,discovered,2305.269583,2137,0.281443
mitigate impacts,discovered,2305.101345,941,0.544876
strategic partner,discovered,2305.050228,2400,0.261866
term commitments,discovered,2304.836232,1281,0.411632
inventories supply,discovered,2304.398158,580,0.872180
weakness china,discovered,2304.285577,749,0.682149
local chinese,discovered,2303.784014,838,0.609898
volume demand,discovered,2303.536839,1141,0.455126
order address,discovered,2302.710463,1020,0.504202
tariffs announced,discovered,2301.524606,587,0.861968
economic issues,discovered,2301.351815,1004,0.511462
playing key,discovered,2300.964177,689,0.740064
domestic capacity,discovered,2299.512773,892,0.572529
unique opportunity,discovered,2298.853534,2328,0.266301
growth continues,discovered,2298.316910,3319,0.219047
energy strategy,discovered,2298.273850,660,0.771028
solution set,discovered,2298.225659,1359,0.390854
endpoint security,discovered,2297.564734,697,0.730608
customers continued,discovered,2297.404225,1797,0.315595
price price,discovered,2297.302989,1771,0.318869
low visibility,discovered,2297.066172,895,0.570064
water waste,discovered,2296.528694,815,0.625000
chain inflation,discovered,2296.251492,585,0.862832
significant energy,discovered,2296.016812,653,0.778308
effective solutions,discovered,2294.020515,924,0.551971
increased use,discovered,2293.979425,1584,0.345776
american automotive,discovered,2293.666041,717,0.709199
mobile broadband,discovered,2293.662433,2029,0.290147
technology group,discovered,2293.497076,1087,0.473638
19 impact,discovered,2293.284102,1779,0.317452
risk insurance,discovered,2293.238441,755,0.673506
sector particularly,discovered,2291.811272,851,0.597612
chain efficiency,discovered,2291.790679,868,0.586090
continue challenged,discovered,2291.666042,989,0.516719
lot discussion,discovered,2291.565478,2533,0.252794
carbon neutral,discovered,2291.344388,1412,0.377944
china markets,discovered,2291.223213,936,0.544503
remain mindful,discovered,2291.012578,740,0.686456
building industry,discovered,2290.901125,1012,0.505495
transmission lines,discovered,2290.378360,1236,0.422131
infrastructure providers,discovered,2289.253058,546,0.913043
domestic global,discovered,2288.924636,808,0.628305
provide safe,discovered,2288.439192,800,0.634417
quarter natural,discovered,2288.318877,781,0.649750
temporary supply,discovered,2287.974351,518,0.950459
continue assess,discovered,2286.887596,1885,0.304278
component strategy,discovered,2286.866567,1163,0.444572
growth government,discovered,2286.078500,890,0.570513
environment economic,discovered,2285.548318,727,0.697028
uk europe,discovered,2284.905025,1226,0.424221
low earth,discovered,2284.904552,552,0.903437
pipeline systems,discovered,2284.228365,849,0.597046
process technologies,discovered,2284.131952,924,0.549673
growing economies,discovered,2283.557225,671,0.753933
strategic value,discovered,2283.495021,1852,0.307692
domain expertise,discovered,2282.442081,1509,0.357498
continue drive,discovered,2282.015878,10825,0.143248
technology applications,discovered,2281.704563,813,0.622511
seen recent,discovered,2281.621753,2726,0.241903
power gen,discovered,2281.470626,1283,0.407560
risk ve,discovered,2280.629660,901,0.562422
support economic,discovered,2280.421039,573,0.873476
important energy,discovered,2280.413214,540,0.918367
potential negative,discovered,2277.590184,981,0.517678
markets expected,discovered,2277.325206,1192,0.433455
latin american,discovered,2277.133085,3297,0.218765
product portfolio,discovered,2275.344101,10000,0.146060
improve security,discovered,2275.300994,544,0.911223
american european,discovered,2274.986622,1117,0.458727
high pressure,discovered,2274.602781,1765,0.317389
broader economy,discovered,2274.358527,1217,0.425227
supply price,discovered,2274.179048,636,0.791045
low emission,discovered,2273.479893,745,0.676658
services meet,discovered,2273.427874,844,0.597734
focus markets,discovered,2273.301868,1282,0.406597
greater demand,discovered,2273.191508,1258,0.413136
services enable,discovered,2273.149110,765,0.658915
seeing prices,discovered,2272.936681,1018,0.499020
lot political,discovered,2272.853923,656,0.767251
oil storage,discovered,2272.140593,652,0.771598
meet global,discovered,2271.525614,564,0.882629
prices crude,discovered,2270.875688,620,0.809399
free energy,discovered,2270.665071,543,0.911074
russia invasion,discovered,2270.592248,504,0.963671
commodities like,discovered,2270.513483,694,0.725183
social security,discovered,2270.314632,1440,0.369325
china manufacturing,discovered,2268.917863,701,0.717503
economic risk,discovered,2268.537847,623,0.804910
power needs,discovered,2267.837504,651,0.771327
remains committed,discovered,2267.828145,1519,0.353914
issues impacting,discovered,2267.394853,893,0.564119
greenhouse gases,discovered,2267.139827,747,0.672973
demand weakness,discovered,2265.495671,882,0.570505
federal market,discovered,2265.464305,729,0.689036
market customers,discovered,2265.303854,2415,0.258206
core focus,discovered,2265.199201,1600,0.339919
aerospace industry,discovered,2264.441757,1073,0.473731
multi million,discovered,2264.278332,1372,0.383133
focused meeting,discovered,2263.492747,907,0.554740
contract extension,discovered,2263.374531,1138,0.449092
environment global,discovered,2262.991361,668,0.750562
settlement agreement,discovered,2261.684689,1751,0.317901
solutions data,discovered,2261.661655,697,0.719298
term drivers,discovered,2261.584548,910,0.552520
march early,discovered,2260.201562,1001,0.504282
gas think,discovered,2259.430221,814,0.615734
deliver long,discovered,2258.620859,2298,0.265542
technology critical,discovered,2258.294774,569,0.871363
market related,discovered,2258.287474,2032,0.286925
pass pricing,discovered,2257.881705,886,0.566134
mountain pass,discovered,2257.669229,568,0.872504
coming years,discovered,2257.522392,10528,0.143861
important market,discovered,2257.438214,3122,0.223847
hardware software,discovered,2257.288037,2804,0.236804
executive orders,discovered,2256.810038,590,0.842857
financial risk,discovered,2256.536065,1310,0.396849
electronic materials,discovered,2256.438083,1095,0.463590
producing regions,discovered,2255.749520,599,0.830791
alto networks,discovered,2255.269518,633,0.788294
power business,discovered,2254.759937,2576,0.248050
believe customers,discovered,2254.675571,1676,0.327344
improvement demand,discovered,2254.407820,1328,0.392087
environment demand,discovered,2254.072466,847,0.590656
food prices,discovered,2253.532166,882,0.567568
technology manufacturing,discovered,2252.742320,858,0.582880
increasing use,discovered,2252.327523,1071,0.472222
based raw,discovered,2251.992938,722,0.691571
brazilian market,discovered,2251.792923,1721,0.320843
reliable efficient,discovered,2251.366038,588,0.843615
project wins,discovered,2251.117497,1038,0.485728
gas turbine,discovered,2250.384947,1452,0.364366
deliver energy,discovered,2249.732057,526,0.927690
cell electric,discovered,2249.678795,618,0.804688
demand led,discovered,2249.266663,907,0.551368
continues negatively,discovered,2248.861687,747,0.667560
situation impact,discovered,2248.232911,706,0.706000
availability new,discovered,2247.930656,970,0.516782
does require,discovered,2246.894246,2174,0.273907
pricing supply,discovered,2246.666336,690,0.721757
impacted recent,discovered,2245.780670,801,0.621894
domestic oil,discovered,2245.761975,596,0.831241
volatile uncertain,discovered,2245.509141,640,0.776699
electrical infrastructure,discovered,2245.089508,724,0.687559
companies china,discovered,2244.081490,941,0.531038
uncertain macro,discovered,2243.821051,1026,0.489504
serve large,discovered,2243.088287,755,0.658813
steel producers,discovered,2242.765997,792,0.628073
industry large,discovered,2241.125525,1201,0.424682
impact lower,discovered,2241.107754,4367,0.191200
carbon fiber,discovered,2240.941052,1297,0.397853
highly experienced,discovered,2240.371486,1204,0.423645
energy usage,discovered,2240.175731,918,0.542874
supply increased,discovered,2240.144160,620,0.798969
spending patterns,discovered,2240.085332,1250,0.410240
eastern european,discovered,2239.392192,1853,0.303472
identity security,discovered,2239.185516,663,0.748307
tons day,discovered,2238.656018,1830,0.306020
wireless carriers,discovered,2238.417639,1271,0.404262
gas continues,discovered,2238.097575,592,0.833803
demand mainly,discovered,2238.032746,635,0.780098
additional infrastructure,discovered,2237.258500,882,0.563578
supply position,discovered,2237.128692,620,0.797941
demand increases,discovered,2237.006496,1136,0.445141
term agreement,discovered,2236.962851,1504,0.352886
remain intact,discovered,2236.923363,1530,0.348281
thermal generation,discovered,2236.718809,873,0.569100
management data,discovered,2236.645193,836,0.593750
reduction carbon,discovered,2236.303139,676,0.733189
markets energy,discovered,2235.702738,612,0.807388
demand segments,discovered,2235.597006,853,0.581855
current energy,discovered,2235.399794,586,0.840746
opportunities new,discovered,2235.352233,2576,0.246838
environment increased,discovered,2235.054674,864,0.574468
look oil,discovered,2234.203866,807,0.614155
strong strategic,discovered,2233.800998,1201,0.423484
public hearing,discovered,2232.933149,812,0.610068
china vietnam,discovered,2232.638167,765,0.647208
food production,discovered,2232.330636,763,0.648810
distribution services,discovered,2232.059170,1085,0.462884
opportunities region,discovered,2231.767721,830,0.596693
facing challenging,discovered,2230.708969,828,0.597834
faster growing,discovered,2230.234279,2057,0.282361
sustainable growth,discovered,2230.208059,5746,0.171799
contingency plan,discovered,2229.901396,988,0.504082
business continues,discovered,2229.232267,8491,0.151834
supply conditions,discovered,2228.760984,704,0.701894
east southeast,discovered,2228.346455,670,0.737074
affected economic,discovered,2228.266694,694,0.711795
improved supply,discovered,2228.093978,956,0.519565
federal reserve,discovered,2227.801726,2333,0.260962
thermal energy,discovered,2227.765565,648,0.761457
increasing capacity,discovered,2227.556651,2129,0.276027
prices price,discovered,2227.335619,1015,0.491050
levels demand,discovered,2227.205508,1398,0.372403
seeing potential,discovered,2225.636698,1191,0.425205
price pressures,discovered,2225.377397,1289,0.397594
highest priority,discovered,2225.118339,1724,0.317729
driver demand,discovered,2225.118228,750,0.657895
macro geopolitical,discovered,2224.685162,514,0.936248
manufacturing processes,discovered,2223.166171,1723,0.317662
critical strategic,discovered,2222.340593,675,0.729730
australia china,discovered,2221.666093,820,0.601173
existing gas,discovered,2221.432263,543,0.894563
clean tech,discovered,2221.061973,716,0.687800
looking make,discovered,2221.023198,1798,0.308088
marine corps,discovered,2220.600636,1039,0.479244
markets believe,discovered,2220.254606,1770,0.311400
non china,discovered,2220.195480,703,0.700199
development global,discovered,2219.296937,808,0.609351
given economic,discovered,2218.821126,1631,0.330028
europe canada,discovered,2218.725434,1218,0.415984
canadian economy,discovered,2218.410445,759,0.648164
prices commodity,discovered,2218.398278,709,0.693738
build inventory,discovered,2218.362784,2519,0.248913
likely persist,discovered,2218.059132,809,0.608271
elevated inflation,discovered,2217.503797,582,0.839827
customers communities,discovered,2217.351124,1740,0.314875
emissions 2050,discovered,2217.038491,574,0.850370
used cooking,discovered,2216.060735,539,0.898333
sustainability goals,discovered,2216.008342,1108,0.451324
demand mobile,discovered,2215.983165,904,0.545235
like mexico,discovered,2215.343901,948,0.520879
environment believe,discovered,2215.066334,1584,0.336806
sustainable infrastructure,discovered,2214.895669,562,0.865948
access critical,discovered,2214.372591,547,0.886548
contracts customers,discovered,2213.585523,1480,0.354406
providing essential,discovered,2213.518169,560,0.868217
costs customers,discovered,2213.293417,1283,0.397337
ensure safety,discovered,2213.204011,1052,0.472384
european region,discovered,2213.072493,1297,0.393746
states mexico,discovered,2212.796143,683,0.718191
particular focus,discovered,2212.565894,1746,0.313634
unique solutions,discovered,2211.802063,810,0.605834
government continues,discovered,2211.411408,711,0.689622
strong long,discovered,2211.009208,1676,0.322742
think oil,discovered,2210.968679,1076,0.462398
amp infrastructure,discovered,2210.649076,1185,0.424579
increased tariffs,discovered,2210.161429,588,0.829337
strong order,discovered,2209.873399,3078,0.223043
data platform,discovered,2209.425437,1573,0.337916
value money,discovered,2209.316234,2052,0.281096
gets resolved,discovered,2208.812625,732,0.669104
nonresidential construction,discovered,2207.175134,1370,0.375754
remain agile,discovered,2206.821134,774,0.632353
systems business,discovered,2206.708197,3078,0.222882
systems integration,discovered,2205.893879,1832,0.302710
infrastructure network,discovered,2205.366387,661,0.739374
winter weather,discovered,2204.983823,2223,0.267027
export growth,discovered,2204.764474,736,0.664260
just united,discovered,2204.764474,736,0.664260
balanced supply,discovered,2204.675606,624,0.781955
technology transition,discovered,2204.655757,756,0.646707
fuel cost,discovered,2203.512310,2608,0.243170
europe growing,discovered,2202.661251,1068,0.463944
gen ai,discovered,2202.563190,1666,0.323244
government terms,discovered,2201.838037,803,0.608333
security reliability,discovered,2201.085431,502,0.945386
industrial iot,discovered,2200.609634,874,0.559539
satellite communication,discovered,2200.314808,582,0.833811
impact chinese,discovered,2199.983297,697,0.699799
remains resilient,discovered,2199.609556,1017,0.484516
world demand,discovered,2199.360230,758,0.643463
ballistic missile,discovered,2199.151195,513,0.929348
support mission,discovered,2198.523484,667,0.730559
projects continue,discovered,2198.372862,1697,0.318566
company believe,discovered,2196.846132,1664,0.322919
19 global,discovered,2196.686623,601,0.807796
greater access,discovered,2196.412836,922,0.530495
cyber intelligence,discovered,2194.801614,580,0.834532
trends like,discovered,2194.561602,1111,0.446364
power companies,discovered,2194.387604,701,0.694059
geopolitical economic,discovered,2193.689287,514,0.926126
wide variety,discovered,2192.775198,2548,0.245685
delivering solutions,discovered,2192.717388,775,0.627530
industry does,discovered,2192.326861,1090,0.453600
global geopolitical,discovered,2192.104719,464,0.991453
production united,discovered,2192.032057,528,0.905660
create demand,discovered,2191.932693,1041,0.472752
economic volatility,discovered,2190.807735,725,0.670055
diversified supply,discovered,2190.251107,510,0.930657
providing safe,discovered,2190.189721,687,0.706790
clients navigate,discovered,2190.074364,655,0.740950
customers partners,discovered,2189.373650,3078,0.221998
technologies capabilities,discovered,2189.318003,717,0.677054
impact macro,discovered,2189.148467,775,0.626516
higher cost,discovered,2188.803614,6989,0.159990
outlook oil,discovered,2188.328261,570,0.845697
despite impact,discovered,2188.057219,1795,0.305272
chain china,discovered,2187.699352,556,0.864697
sector customers,discovered,2186.997093,720,0.673527
technologies support,discovered,2186.858927,679,0.713985
environment higher,discovered,2186.126402,1013,0.483532
chinese producers,discovered,2186.083530,637,0.760143
nord stream,discovered,2185.848909,613,0.788932
areas world,discovered,2185.722614,1441,0.358279
cost service,discovered,2184.829859,2115,0.273822
retail prices,discovered,2184.616176,1365,0.373768
including technology,discovered,2184.369633,765,0.633278
quantitative easing,discovered,2183.880029,692,0.699697
demand factors,discovered,2183.539801,701,0.690640
capacity constraints,discovered,2183.378485,2329,0.258118
situation russia,discovered,2183.260801,651,0.743151
art facility,discovered,2182.984112,854,0.567819
need address,discovered,2182.717289,1549,0.338727
local manufacturing,discovered,2182.524415,873,0.555697
parts country,discovered,2181.766756,2362,0.255877
uncertainty europe,discovered,2181.261224,570,0.843195
end products,discovered,2180.831193,2260,0.262607
affected global,discovered,2180.380481,535,0.891667
role energy,discovered,2180.287663,467,0.985232
play leading,discovered,2179.764327,590,0.816044
component shortage,discovered,2179.314270,782,0.618182
impact price,discovered,2178.598270,2342,0.256939
quarter gas,discovered,2178.457503,756,0.639053
solutions key,discovered,2178.406798,746,0.647569
applications like,discovered,2178.241420,1396,0.366308
supply standpoint,discovered,2178.212933,651,0.741458
strategy build,discovered,2178.147844,1527,0.341840
supply production,discovered,2177.982528,521,0.910839
announced contract,discovered,2177.831965,742,0.650877
force climate,discovered,2177.760183,476,0.973415
uncertainty future,discovered,2177.608187,830,0.582456
gas emission,discovered,2176.683894,687,0.702454
executing long,discovered,2176.432714,977,0.497961
risk really,discovered,2176.135626,835,0.578656
putting pressure,discovered,2175.702511,1989,0.283981
northern territory,discovered,2175.552568,684,0.705155
emission control,discovered,2174.599462,795,0.606870
materials including,discovered,2173.940417,696,0.692537
term results,discovered,2173.834089,1672,0.319389
companies including,discovered,2173.762096,1633,0.324846
china related,discovered,2173.373312,661,0.728776
conditions north,discovered,2172.968648,732,0.658273
expect market,discovered,2172.680685,3224,0.216144
limited visibility,discovered,2172.451121,1488,0.347907
supply picture,discovered,2172.228708,630,0.763636
services space,discovered,2172.044680,997,0.487769
increase domestic,discovered,2172.025722,1145,0.430775
american supply,discovered,2172.018805,505,0.931734
trends remain,discovered,2171.755052,1419,0.360793
dual sourcing,discovered,2171.695621,739,0.651675
europe lot,discovered,2169.963552,965,0.502343
continue affect,discovered,2169.825299,923,0.523837
electricity price,discovered,2169.058392,863,0.558576
world china,discovered,2168.687074,724,0.664220
american oil,discovered,2168.581760,537,0.884679
second topic,discovered,2168.570698,1077,0.454047
continue demand,discovered,2168.271327,1284,0.390392
products technologies,discovered,2166.892717,1524,0.341016
china like,discovered,2166.543480,899,0.536396
longer lead,discovered,2166.510139,1826,0.299688
demand support,discovered,2164.843984,776,0.618820
base price,discovered,2164.526883,1299,0.386147
solutions energy,discovered,2164.200099,521,0.906087
transportation storage,discovered,2163.820331,858,0.560418
zero 2050,discovered,2163.613655,549,0.865931
strong export,discovered,2163.523858,735,0.652753
conditions challenging,discovered,2163.284556,827,0.580758
services critical,discovered,2163.148168,534,0.887043
support additional,discovered,2162.907468,1134,0.432824
significant disruptions,discovered,2162.882853,584,0.817927
new regulatory,discovered,2162.074382,1493,0.345762
operations customers,discovered,2161.046089,710,0.674905
wind project,discovered,2160.838383,1221,0.405918
positioned company,discovered,2160.814145,1528,0.339631
market increasingly,discovered,2160.736488,881,0.545511
mean supply,discovered,2160.619362,671,0.713830
process development,discovered,2160.160201,1397,0.363707
lng terminal,discovered,2158.670921,721,0.663904
armed forces,discovered,2157.901525,848,0.565333
capacity million,discovered,2157.233659,1475,0.348370
demand air,discovered,2157.224733,664,0.720174
levels low,discovered,2157.146884,1266,0.393290
supply point,discovered,2157.012432,603,0.791339
mitigate effects,discovered,2156.990702,912,0.526863
investment tax,discovered,2156.797633,1214,0.407246
energy technologies,discovered,2155.984986,562,0.845113
order help,discovered,2155.770164,1379,0.366853
new coal,discovered,2155.319492,829,0.577298
position capitalize,discovered,2155.193470,1386,0.365314
critical raw,discovered,2154.391741,474,0.969325
china having,discovered,2153.995386,605,0.787760
government infrastructure,discovered,2153.809237,666,0.716900
investment china,discovered,2152.746398,873,0.548367
high security,discovered,2152.029792,637,0.748531
compliance regulatory,discovered,2151.928256,745,0.640585
nuclear reactors,discovered,2151.730701,536,0.880131
products address,discovered,2151.654069,1068,0.454275
need infrastructure,discovered,2150.978591,791,0.603356
kilowatt hour,discovered,2150.944881,1730,0.309481
growing opportunities,discovered,2150.694792,840,0.568720
consumer purchasing,discovered,2150.694132,720,0.662374
space exploration,discovered,2150.386493,511,0.915771
force base,discovered,2149.834843,699,0.681951
sub saharan,discovered,2149.204062,998,0.482592
support increasing,discovered,2148.659240,754,0.632020
china domestic,discovered,2147.712366,822,0.580099
technology key,discovered,2147.412354,875,0.545852
emissions reduction,discovered,2147.382152,917,0.521912
felt impact,discovered,2146.969036,997,0.482575
country country,discovered,2145.970870,2502,0.245222
significant increase,discovered,2145.242029,9635,0.145243
spanish government,discovered,2144.759474,720,0.660550
infrastructure companies,discovered,2143.977995,608,0.780488
supply problems,discovered,2143.651998,527,0.890203
security challenges,discovered,2143.452492,461,0.982942
countries china,discovered,2143.421538,770,0.617482
securing long,discovered,2142.959374,675,0.703858
oems tier,discovered,2142.693421,670,0.708995
american customers,discovered,2142.024817,946,0.505612
sales negatively,discovered,2142.023809,1053,0.458225
fast changing,discovered,2141.789879,850,0.559947
sanctions russia,discovered,2141.737602,487,0.947471
term contracted,discovered,2141.098231,826,0.575610
global light,discovered,2140.302763,733,0.647527
concerns global,discovered,2139.676645,465,0.976891
united nations,discovered,2139.587084,960,0.498184
course supply,discovered,2139.463374,643,0.737385
provide strong,discovered,2139.039935,1802,0.299784
asia including,discovered,2138.701452,762,0.622549
ev battery,discovered,2138.643330,779,0.609070
underpinned long,discovered,2137.592034,579,0.815493
products remain,discovered,2137.551152,1192,0.410468
rolled coil,discovered,2137.134932,723,0.655485
good supply,discovered,2137.063827,1029,0.466878
course china,discovered,2136.912927,771,0.614833
china world,discovered,2136.417804,785,0.603846
mitigation strategies,discovered,2135.098750,841,0.564051
customers globe,discovered,2135.008554,826,0.574010
provide clients,discovered,2134.951768,1253,0.393283
business gas,discovered,2134.516741,628,0.752998
house representatives,discovered,2134.428357,611,0.773418
customers seek,discovered,2133.994362,810,0.584838
industry operating,discovered,2133.079616,893,0.531864
prices markets,discovered,2132.998555,803,0.589574
investment energy,discovered,2132.323361,598,0.788918
issues going,discovered,2131.544603,1696,0.311822
world growth,discovered,2131.341283,756,0.625310
energy applications,discovered,2131.206953,593,0.794906
example recently,discovered,2130.917954,1451,0.349470
world events,discovered,2130.041242,617,0.764560
deliver products,discovered,2129.452998,1447,0.350024
world global,discovered,2129.182312,721,0.654859
energy renewable,discovered,2129.082265,556,0.843703
economic concerns,discovered,2128.867148,665,0.709712
mining projects,discovered,2128.590239,740,0.637931
rates increased,discovered,2128.408192,2358,0.252463
need meet,discovered,2127.614375,1179,0.412671
announced plans,discovered,2127.584221,2007,0.278325
macroeconomic volatility,discovered,2126.945395,527,0.884228
tariff rate,discovered,2126.806572,701,0.672745
reliability resiliency,discovered,2126.594781,534,0.873977
role future,discovered,2125.472194,776,0.607674
environment impact,discovered,2124.991437,1127,0.428517
climate goals,discovered,2124.782150,496,0.928839
impacting consumer,discovered,2124.087066,590,0.796221
expected persist,discovered,2124.040881,606,0.775928
projects expected,discovered,2123.703393,1387,0.360916
electrical grid,discovered,2123.535072,550,0.850077
gas related,discovered,2123.343392,942,0.503474
government going,discovered,2123.259692,1317,0.375963
environmental concerns,discovered,2123.057060,580,0.808926
critical technology,discovered,2123.017822,587,0.799728
supply domestic,discovered,2122.757403,490,0.936902
supply really,discovered,2122.609535,704,0.668566
rapidly rising,discovered,2122.536728,793,0.594007
satellite business,discovered,2122.116634,912,0.518771
heavy rare,discovered,2121.687273,440,1.000000
supply vessels,discovered,2121.378938,648,0.725644
emerging trends,discovered,2121.369012,846,0.557312
based company,discovered,2121.128655,1865,0.291315
commercial supply,discovered,2120.874480,936,0.505946
support contract,discovered,2120.666018,711,0.661395
incredibly important,discovered,2120.623180,1584,0.326194
industry specific,discovered,2120.258085,1385,0.360865
securing supply,discovered,2120.119169,554,0.843227
continue develop,discovered,2120.113113,4325,0.187644
economic pressures,discovered,2119.730655,970,0.489158
demand perspective,discovered,2119.307820,1391,0.359524
services markets,discovered,2119.158046,845,0.557388
solutions allow,discovered,2118.143832,771,0.609486
network operators,discovered,2117.936948,1269,0.386654
supply certain,discovered,2117.855040,594,0.788845
uncertainty going,discovered,2117.851950,994,0.477885
create long,discovered,2117.667986,2110,0.268961
automotive manufacturers,discovered,2117.543350,690,0.680473
asian market,discovered,2117.449070,1671,0.313626
supply years,discovered,2117.297214,585,0.800274
general market,discovered,2116.831937,2806,0.228781
europe energy,discovered,2116.351667,492,0.931818
industrial manufacturing,discovered,2116.217456,924,0.511062
metric tonnes,discovered,2115.576734,1452,0.347368
electricity sales,discovered,2115.479107,922,0.511938
contract department,discovered,2115.262485,540,0.861244
world going,discovered,2114.990857,1846,0.292737
demand premium,discovered,2114.573450,982,0.482555
demand positive,discovered,2114.176967,747,0.627731
regions including,discovered,2114.028335,940,0.502405
play increasingly,discovered,2113.881809,570,0.818966
oil exports,discovered,2113.156499,504,0.913043
hydrogen economy,discovered,2112.896920,606,0.771975
continued negatively,discovered,2112.173005,769,0.609350
growth chinese,discovered,2111.401980,689,0.679487
price high,discovered,2111.338217,1245,0.391756
opportunities growth,discovered,2111.331504,3291,0.211097
complex supply,discovered,2111.118995,573,0.813920
continues challenged,discovered,2110.841897,795,0.589325
chain risks,discovered,2110.821174,484,0.941634
gas commodity,discovered,2110.289189,533,0.869494
volatility energy,discovered,2109.982590,538,0.862179
position world,discovered,2109.887662,846,0.554391
uncertainty high,discovered,2109.649660,514,0.897033
offerings including,discovered,2109.585885,1099,0.435248
regional supply,discovered,2108.683560,487,0.936538
chain capacity,discovered,2108.303627,549,0.845917
asia region,discovered,2107.193949,1139,0.421540
lower global,discovered,2106.937818,692,0.675122
demand equation,discovered,2106.796288,948,0.496855
able use,discovered,2106.715868,3218,0.213141
customers increase,discovered,2105.554470,1726,0.305433
regarding tariffs,discovered,2105.166770,553,0.839150
residential market,discovered,2105.047125,1930,0.283448
federal civilian,discovered,2104.759545,549,0.844615
including limited,discovered,2104.629360,1151,0.417331
products enable,discovered,2104.490274,958,0.491534
opportunities energy,discovered,2104.363534,637,0.732184
question export,discovered,2104.189796,575,0.808720
expected impact,discovered,2104.084981,2177,0.262859
supply need,discovered,2103.999415,602,0.773779
help create,discovered,2103.608500,1285,0.380628
quality products,discovered,2102.497260,3139,0.215502
stimulus package,discovered,2102.393367,1516,0.334732
continued headwinds,discovered,2102.320056,875,0.534841
demand crude,discovered,2101.413854,491,0.928166
port congestion,discovered,2100.801563,809,0.576622
volatile markets,discovered,2100.596458,1131,0.422962
broader supply,discovered,2100.474264,523,0.880471
china situation,discovered,2099.938834,640,0.727273
big way,discovered,2099.283774,2377,0.249318
silicon metal,discovered,2099.271572,809,0.576211
attractive end,discovered,2098.581898,721,0.645479
provide access,discovered,2098.399131,1302,0.375866
software based,discovered,2098.382201,1024,0.461261
resilient supply,discovered,2098.319971,465,0.964730
gas resource,discovered,2097.759926,596,0.779085
demand innovative,discovered,2097.723921,636,0.731034
hyperscale data,discovered,2097.531602,714,0.651460
black sea,discovered,2097.527880,938,0.499734
industry business,discovered,2097.129024,1336,0.368044
based long,discovered,2096.730448,1205,0.400199
supply low,discovered,2096.681435,574,0.807314
invest new,discovered,2096.484234,2754,0.229864
global uncertainties,discovered,2095.962948,482,0.939571
area particularly,discovered,2095.588035,973,0.482639
remain concerned,discovered,2094.712355,675,0.688073
address customers,discovered,2093.612559,838,0.555335
data solutions,discovered,2093.325436,1158,0.413276
china rest,discovered,2093.076451,848,0.548867
liquid rich,discovered,2093.032149,686,0.676529
infrastructure industry,discovered,2092.800358,530,0.867430
multiple projects,discovered,2092.588226,1010,0.465867
effect april,discovered,2092.533729,949,0.493243
elevated demand,discovered,2092.283490,750,0.618812
impact semiconductor,discovered,2091.923819,474,0.949900
required support,discovered,2091.761136,1339,0.366648
management supply,discovered,2091.629725,802,0.579061
lot economic,discovered,2091.223128,756,0.613636
driven economic,discovered,2090.549323,693,0.668919
volatility raw,discovered,2090.185725,602,0.768838
unwavering commitment,discovered,2089.500769,1381,0.357587
innovative products,discovered,2089.124627,3279,0.210408
associated supply,discovered,2088.902006,590,0.783533
offset lower,discovered,2088.230413,9188,0.146017
seeing increasing,discovered,2087.249675,1764,0.299135
new application,discovered,2086.822077,1416,0.350408
china long,discovered,2086.531962,692,0.668599
economy continue,discovered,2086.474373,1075,0.439493
recent tariff,discovered,2085.875022,481,0.937622
including increased,discovered,2085.244953,1339,0.365747
investments supply,discovered,2085.013130,641,0.721035
ongoing war,discovered,2084.990110,452,0.978355
uncertainty economy,discovered,2084.757211,945,0.493473
device manufacturers,discovered,2084.333957,973,0.480257
infrastructure country,discovered,2083.502657,571,0.806497
development technology,discovered,2083.385397,1094,0.432240
coal iron,discovered,2082.104788,642,0.718925
efficient supply,discovered,2081.487583,734,0.628963
increased natural,discovered,2080.474506,523,0.873122
high inflationary,discovered,2080.445369,781,0.591219
rise raw,discovered,2080.203267,637,0.723864
growth renewable,discovered,2079.970801,573,0.802521
differentiated capabilities,discovered,2079.882999,740,0.623420
slowing economic,discovered,2079.819564,609,0.756522
level economic,discovered,2079.539240,739,0.624155
global capital,discovered,2078.849803,859,0.538558
local state,discovered,2078.749339,810,0.570021
especially middle,discovered,2078.675093,699,0.659434
major raw,discovered,2078.648252,572,0.803371
low rates,discovered,2078.621821,3273,0.210091
positive economic,discovered,2077.852811,1082,0.435412
china significant,discovered,2077.732709,760,0.606544
new covid,discovered,2077.593504,756,0.609677
states world,discovered,2077.444832,743,0.620200
technology high,discovered,2077.388692,871,0.531098
response covid,discovered,2077.388351,1338,0.364876
personally believe,discovered,2076.415436,1147,0.413781
opportunities expand,discovered,2076.152041,2634,0.234133
recent market,discovered,2076.130986,1624,0.315585
growth north,discovered,2075.723958,2892,0.223010
license agreements,discovered,2075.579699,1390,0.353960
reciprocal tariffs,discovered,2075.321012,562,0.815675
green ammonia,discovered,2074.573766,686,0.670577
general election,discovered,2074.573435,722,0.637246
new industrial,discovered,2074.113637,927,0.500000
growing economy,discovered,2073.827949,861,0.536115
impacting industry,discovered,2073.818524,673,0.683249
multiple countries,discovered,2073.234526,1029,0.454305
border trade,discovered,2072.873100,626,0.733880
term issues,discovered,2072.691068,1067,0.439819
trade negotiations,discovered,2072.287196,537,0.849684
technology providers,discovered,2072.232345,772,0.595679
world really,discovered,2071.835110,1299,0.372740
play crucial,discovered,2071.588865,514,0.883162
demand local,discovered,2071.486273,656,0.700107
world population,discovered,2071.308681,779,0.590152
chain teams,discovered,2070.728409,739,0.621531
vehicle supply,discovered,2070.717461,600,0.764331
gas deliveries,discovered,2070.523228,535,0.851911
increasing prices,discovered,2069.460027,1980,0.275843
economy china,discovered,2068.842123,588,0.778808
including europe,discovered,2068.778915,900,0.512821
infrastructure continues,discovered,2068.642983,584,0.783893
technology provider,discovered,2067.989441,928,0.498121
strong growing,discovered,2067.479145,1963,0.277182
current trade,discovered,2066.838620,549,0.830560
industry company,discovered,2065.835274,1265,0.379880
growth expected,discovered,2065.724334,3513,0.202782
supply risk,discovered,2065.622212,518,0.875000
industry challenges,discovered,2064.285047,903,0.510169
demand production,discovered,2064.043241,856,0.536677
focused high,discovered,2063.892633,1310,0.369118
ability manage,discovered,2063.374279,2563,0.236810
security offering,discovered,2063.228585,526,0.862295
enterprise grade,discovered,2062.769430,923,0.499459
benefits customers,discovered,2062.284062,1491,0.334080
choice customers,discovered,2061.600569,1007,0.460870
important project,discovered,2061.202073,1180,0.401497
disposable income,discovered,2060.785852,1698,0.304356
increase april,discovered,2060.411227,832,0.550629
year economic,discovered,2059.429506,930,0.495208
protection market,discovered,2058.815650,695,0.656900
seen negative,discovered,2058.548929,1156,0.408048
based oil,discovered,2058.465496,638,0.715247
expand capacity,discovered,2058.017467,2071,0.267329
chinese markets,discovered,2057.132580,624,0.730679
upward trajectory,discovered,2056.427082,1232,0.386692
gas realizations,discovered,2056.081768,587,0.775429
technology nodes,discovered,2055.732752,848,0.539440
customers manage,discovered,2055.693858,1179,0.400884
approval processes,discovered,2055.136812,852,0.536862
ore imports,discovered,2055.133536,520,0.868114
modular reactors,discovered,2054.699356,481,0.926782
production natural,discovered,2053.975056,540,0.838509
logistic costs,discovered,2053.367536,1036,0.447710
period uncertainty,discovered,2052.700082,1003,0.460726
communication solutions,discovered,2052.450847,681,0.668302
products particularly,discovered,2052.343812,1633,0.311820
grain prices,discovered,2051.020808,1006,0.459151
given geopolitical,discovered,2049.166173,456,0.962025
lower consumer,discovered,2048.702306,967,0.475418
related lockdowns,discovered,2048.644635,675,0.672981
term nature,discovered,2048.344533,1940,0.277619
help bring,discovered,2048.205756,1382,0.351923
china does,discovered,2047.840978,647,0.701735
mitigating actions,discovered,2047.658862,906,0.504735
end week,discovered,2045.655191,1601,0.315468
including high,discovered,2045.634209,1231,0.385290
lesser extent,discovered,2045.591226,4041,0.190120
ind enabling,discovered,2045.405983,1190,0.396138
based manufacturing,discovered,2044.811497,735,0.617128
growing middle,discovered,2043.864871,752,0.603047
capacity long,discovered,2043.842517,741,0.611891
develop solutions,discovered,2043.707863,755,0.600636
bullish long,discovered,2043.377769,917,0.498099
demand inventory,discovered,2041.998886,875,0.520214
places world,discovered,2041.946737,1196,0.393939
leading supplier,discovered,2041.730789,1084,0.428120
provide technology,discovered,2041.619724,769,0.589272
strategic supply,discovered,2041.518360,517,0.867450
gas switching,discovered,2041.495334,476,0.929688
ministry defense,discovered,2041.473897,784,0.578171
domestic natural,discovered,2041.097868,462,0.950617
security network,discovered,2039.791035,481,0.921456
solid foundation,discovered,2039.054281,3081,0.214256
economy growing,discovered,2039.018979,985,0.465501
russian ukraine,discovered,2039.014020,490,0.907407
automotive end,discovered,2038.745896,670,0.674723
solid state,discovered,2038.326186,1680,0.304293
customers impacted,discovered,2038.064187,934,0.488494
solutions world,discovered,2037.201252,614,0.735329
offer solutions,discovered,2037.193819,831,0.545276
international supply,discovered,2036.984190,611,0.738815
recent wins,discovered,2036.913277,1247,0.379951
focus government,discovered,2036.466684,592,0.761905
time global,discovered,2036.193806,792,0.571017
power generators,discovered,2036.060209,609,0.740876
events like,discovered,2035.753371,1459,0.336253
near long,discovered,2035.465807,1672,0.304998
shipments china,discovered,2035.415804,712,0.634016
seeing green,discovered,2034.435169,899,0.505340
telecom infrastructure,discovered,2034.300952,746,0.605028
remain favorable,discovered,2034.277014,1181,0.396841
future production,discovered,2034.146451,1060,0.435140
fired units,discovered,2033.917738,559,0.804317
automotive oem,discovered,2033.356983,967,0.472168
economic scenario,discovered,2032.410310,1047,0.439547
coal markets,discovered,2032.190647,912,0.498088
logistical challenges,discovered,2032.053222,816,0.553596
support production,discovered,2030.011180,798,0.565156
capacity market,discovered,2028.861169,2135,0.260207
global clients,discovered,2028.844308,964,0.472549
edge products,discovered,2028.348830,778,0.578869
certainly impact,discovered,2028.247108,1691,0.301910
managing risk,discovered,2028.200206,1280,0.370800
remains positioned,discovered,2027.520825,1359,0.353722
growing segment,discovered,2026.737308,1841,0.285161
development energy,discovered,2026.648978,530,0.842607
efficiency supply,discovered,2026.153298,695,0.646512
given fact,discovered,2026.123227,5743,0.166261
customers areas,discovered,2025.793769,774,0.581081
public administration,discovered,2025.614335,832,0.541667
different supply,discovered,2025.035985,601,0.746584
sentiment remains,discovered,2024.647348,509,0.873070
coming united,discovered,2024.565682,652,0.688490
facing industry,discovered,2024.490034,810,0.555556
security program,discovered,2024.290773,469,0.934263
structural demand,discovered,2023.973776,575,0.779133
greater supply,discovered,2023.890752,546,0.818591
new areas,discovered,2023.766106,3069,0.213883
social unrest,discovered,2023.585621,725,0.619129
countries asia,discovered,2022.911119,943,0.480877
infrastructure sectors,discovered,2022.891925,497,0.890681
recent days,discovered,2022.781503,822,0.547270
develop deliver,discovered,2022.228908,726,0.617872
encouraged recent,discovered,2021.973159,1309,0.363409
industry new,discovered,2021.159339,1064,0.431293
data storage,discovered,2020.917701,1781,0.290870
support increased,discovered,2020.606073,1308,0.363434
regulated industries,discovered,2019.526520,593,0.754453
currency depreciation,discovered,2018.689080,957,0.473528
supply product,discovered,2018.147691,1021,0.446632
modeling simulation,discovered,2017.564743,618,0.723653
prices stabilized,discovered,2017.301455,908,0.496718
creating uncertainty,discovered,2016.084293,487,0.903525
effects global,discovered,2015.735239,513,0.863636
prices past,discovered,2015.721527,689,0.648776
course covid,discovered,2015.559007,825,0.543478
contracts including,discovered,2015.522100,862,0.521161
impacting customers,discovered,2015.163553,607,0.735758
facility china,discovered,2015.129778,937,0.481996
increasing awareness,discovered,2014.806605,909,0.495638
subject tariffs,discovered,2014.597042,538,0.826421
new regulation,discovered,2014.279565,1551,0.319136
relationships clients,discovered,2014.214503,1130,0.408385
existing potential,discovered,2013.863731,899,0.500557
investment cycle,discovered,2013.223500,1562,0.317415
change administration,discovered,2013.165913,799,0.559916
electricity production,discovered,2013.159258,733,0.609310
new geographic,discovered,2012.601049,976,0.463878
related raw,discovered,2012.570079,663,0.673096
supply sales,discovered,2012.478058,701,0.636694
technologies business,discovered,2012.175563,1109,0.414579
oil fields,discovered,2012.004024,861,0.520871
states department,discovered,2011.366985,517,0.855960
generation products,discovered,2010.996377,1934,0.274950
new renewable,discovered,2010.888252,792,0.564103
chain things,discovered,2010.868642,570,0.780822
important development,discovered,2010.321339,1291,0.365722
remain critical,discovered,2008.271297,648,0.687169
growing demands,discovered,2008.055938,551,0.805556
added products,discovered,2007.901365,2777,0.223843
impact ability,discovered,2007.593364,1941,0.274036
baseload power,discovered,2007.442950,462,0.939024
uncertainty covid,discovered,2007.145541,828,0.539414
security protection,discovered,2006.702616,477,0.915547
upside risk,discovered,2005.594164,837,0.533461
demand likely,discovered,2005.341222,771,0.577528
certain segments,discovered,2005.266588,1644,0.305406
economic policy,discovered,2004.533531,493,0.889892
customer need,discovered,2004.080819,1203,0.386072
conditions china,discovered,2004.033636,602,0.737745
industry impacted,discovered,2003.639427,633,0.701774
chain crisis,discovered,2003.348629,470,0.925197
asia india,discovered,2003.034427,799,0.557183
exposure oil,discovered,2002.862126,785,0.566787
remain soft,discovered,2002.188456,997,0.452976
areas high,discovered,2002.042710,1110,0.412486
urban development,discovered,2001.897594,775,0.573649
strategy develop,discovered,2001.640112,893,0.500841
constrained environment,discovered,2000.266052,914,0.489818
quarter secured,discovered,2000.083467,977,0.460849
transfer technology,discovered,1999.920880,512,0.859060
production capabilities,discovered,1999.666036,1419,0.338744
key management,discovered,1998.778534,975,0.461429
demand need,discovered,1998.367436,891,0.501125
term long,discovered,1998.255910,3717,0.194975
economic environmental,discovered,1997.965628,497,0.881206
mining operations,discovered,1997.359163,1495,0.325708
come supply,discovered,1996.865494,617,0.717442
view subject,discovered,1996.597899,602,0.735043
demand real,discovered,1996.521089,807,0.550102
china terms,discovered,1996.442343,871,0.511450
utility companies,discovered,1996.400671,817,0.543580
transmission business,discovered,1996.067819,1211,0.382743
critical capabilities,discovered,1995.891678,516,0.851485
caused significant,discovered,1995.417651,853,0.521394
climate action,discovered,1994.725099,696,0.635616
global supplier,discovered,1994.638860,673,0.657227
fish oil,discovered,1994.430374,856,0.519417
continue pursue,discovered,1994.393317,4084,0.187357
commercial market,discovered,1994.334424,2185,0.254099
terms security,discovered,1994.322667,643,0.687701
sector continue,discovered,1994.117078,1007,0.447357
like south,discovered,1994.022819,943,0.474585
co2 reduction,discovered,1993.938997,711,0.622047
customers united,discovered,1993.269399,730,0.605809
export control,discovered,1993.035497,472,0.918288
largest gas,discovered,1992.767555,474,0.915058
seeing opportunities,discovered,1992.736411,2610,0.230220
business interruption,discovered,1992.718812,1941,0.272766
working suppliers,discovered,1992.256982,1086,0.418497
increasingly challenging,discovered,1992.133633,879,0.506045
tariff issues,discovered,1991.988798,493,0.885099
infrastructure growth,discovered,1991.782484,845,0.525171
policy makers,discovered,1991.162960,593,0.744040
plant china,discovered,1991.144915,951,0.470326
signed mou,discovered,1991.134297,809,0.547361
industrial facilities,discovered,1990.131847,627,0.703704
impacted customer,discovered,1989.926842,730,0.604805
largely related,discovered,1989.892811,1643,0.303922
worldwide demand,discovered,1989.536357,745,0.592681
complete solution,discovered,1989.251515,1253,0.371369
course energy,discovered,1989.110027,533,0.823802
skilled labor,discovered,1988.201731,955,0.467908
demand caused,discovered,1988.103645,552,0.796537
navigate complex,discovered,1987.964420,532,0.824806
19 lockdowns,discovered,1987.882819,554,0.793696
trade routes,discovered,1987.863200,493,0.883513
organizations world,discovered,1986.957024,674,0.653734
commitment customers,discovered,1986.802611,1186,0.387835
clean air,discovered,1986.561897,1145,0.399233
weak market,discovered,1986.484987,1764,0.289418
gas ve,discovered,1986.335448,683,0.644948
believe near,discovered,1986.294203,872,0.508455
industrial solutions,discovered,1985.586789,1285,0.363508
need secure,discovered,1985.176440,785,0.561918
impacts tariffs,discovered,1984.797001,605,0.727163
recent economic,discovered,1984.674504,792,0.556962
automotive markets,discovered,1984.404885,1008,0.445033
energy electricity,discovered,1983.736956,551,0.796243
discussions various,discovered,1983.473375,836,0.528445
term need,discovered,1983.267422,1067,0.423245
growing recognition,discovered,1982.574618,613,0.716959
critical national,discovered,1982.448626,414,0.997590
particularly south,discovered,1982.301845,839,0.526349
year demand,discovered,1981.556555,1694,0.296828
pig iron,discovered,1980.094264,1089,0.415332
infrastructure work,discovered,1979.442913,918,0.483158
geopolitical instability,discovered,1979.071914,425,0.983796
operate challenging,discovered,1979.040012,646,0.679285
treatment plants,discovered,1978.634799,763,0.575849
benefited strong,discovered,1978.591830,1807,0.284164
near real,discovered,1978.093494,679,0.646051
time market,discovered,1977.799549,3805,0.192220
created lot,discovered,1977.761578,1112,0.407625
certain end,discovered,1977.586742,801,0.549006
america north,discovered,1977.501912,1128,0.402713
develop innovative,discovered,1977.346691,868,0.508494
trade case,discovered,1977.211460,644,0.680761
technologies customers,discovered,1977.085329,626,0.700224
risk like,discovered,1977.080954,708,0.619423
semiconductor companies,discovered,1976.884893,1062,0.423783
markets oil,discovered,1976.820746,586,0.747449
geopolitical landscape,discovered,1976.565841,438,0.964758
wins including,discovered,1975.817470,864,0.510337
steel imports,discovered,1975.660335,483,0.894444
extensive experience,discovered,1975.076131,1616,0.305829
decline natural,discovered,1974.581783,526,0.828346
infrastructure power,discovered,1974.467116,516,0.843137
korea china,discovered,1974.426601,1029,0.435095
lng terminals,discovered,1974.264038,476,0.904943
rate hikes,discovered,1972.982093,1969,0.268695
low supply,discovered,1972.705335,667,0.655851
saw increased,discovered,1972.647380,1735,0.291254
market increasing,discovered,1972.452873,1245,0.370756
gas year,discovered,1972.248594,767,0.571109
government contracts,discovered,1971.153911,1289,0.360559
changes global,discovered,1971.088181,624,0.700337
customers moving,discovered,1970.276259,1672,0.298305
steel sector,discovered,1970.261720,658,0.663976
given political,discovered,1970.180339,536,0.812121
chain transformation,discovered,1969.991538,703,0.621574
purchase power,discovered,1969.722299,1237,0.372254
products selling,discovered,1969.446084,1562,0.312525
market disruption,discovered,1969.390222,1003,0.444002
material suppliers,discovered,1968.640963,665,0.656466
like data,discovered,1968.494192,1323,0.352988
blue chip,discovered,1968.195942,1884,0.275761
despite significant,discovered,1968.095740,2430,0.237583
reduce overall,discovered,1968.054838,1993,0.266301
government solutions,discovered,1967.904890,756,0.577982
security important,discovered,1967.828778,444,0.952790
remains cautious,discovered,1967.635444,560,0.777778
fact supply,discovered,1967.528217,606,0.719715
large new,discovered,1967.322436,1457,0.328227
term stability,discovered,1967.285260,818,0.535340
cost inventory,discovered,1967.175711,1728,0.291498
key industries,discovered,1966.610060,664,0.656775
think impact,discovered,1966.266278,4488,0.179577
durable goods,discovered,1966.162331,863,0.508544
programs including,discovered,1965.517605,1575,0.310284
headwinds remain,discovered,1965.481658,628,0.693923
chain work,discovered,1965.401324,571,0.762350
markets significant,discovered,1965.377653,1202,0.380259
chain planning,discovered,1965.243704,532,0.815951
terms tariff,discovered,1965.168121,537,0.808735
transport infrastructure,discovered,1964.131011,608,0.716137
ship products,discovered,1964.026719,988,0.448887
technology areas,discovered,1963.855397,946,0.466700
expected supply,discovered,1963.824975,543,0.799705
impact climate,discovered,1962.326595,497,0.867365
transition energy,discovered,1962.304554,439,0.958515
addition recent,discovered,1962.166212,854,0.512605
continue increase,discovered,1962.028936,7616,0.151030
design construction,discovered,1961.804816,1025,0.434138
risk higher,discovered,1961.468345,915,0.480567
growing population,discovered,1961.228153,784,0.556028
higher fuel,discovered,1961.187568,2093,0.258045
successfully navigated,discovered,1959.799941,864,0.506448
government organizations,discovered,1959.529184,569,0.762735
increase need,discovered,1959.287253,787,0.553446
carbon solutions,discovered,1958.568274,661,0.657058
environment increasing,discovered,1958.446762,720,0.603521
gas areas,discovered,1958.153140,606,0.716312
cost power,discovered,1957.391875,931,0.472110
power electronics,discovered,1956.997027,1274,0.361829
technology create,discovered,1955.775901,769,0.565026
ahead potential,discovered,1955.648979,786,0.553132
iraq afghanistan,discovered,1954.996928,638,0.679446
general uncertainty,discovered,1954.775229,582,0.744246
knowledge expertise,discovered,1954.740096,797,0.545517
government new,discovered,1954.696681,712,0.609068
gas used,discovered,1954.680848,557,0.776848
outside control,discovered,1954.653680,1618,0.303394
large data,discovered,1954.198559,1012,0.437527
multinational companies,discovered,1953.673510,832,0.523270
increasing cost,discovered,1953.153955,1452,0.327322
macroeconomic scenario,discovered,1953.040248,931,0.471154
markets increasing,discovered,1952.595672,907,0.482447
especially true,discovered,1952.491837,1109,0.404155
view long,discovered,1952.131720,1417,0.333098
meet market,discovered,1951.986474,1275,0.360883
customer spending,discovered,1951.897212,1196,0.379683
price development,discovered,1951.246806,1529,0.315193
reduce supply,discovered,1951.229926,562,0.768810
21st century,discovered,1950.800213,1141,0.394400
drive innovation,discovered,1950.624030,1554,0.311548
government segment,discovered,1950.229165,969,0.453864
providing innovative,discovered,1949.668678,700,0.617829
remained high,discovered,1949.368659,1713,0.291426
reduction energy,discovered,1949.346212,683,0.632994
continued market,discovered,1949.186210,1868,0.275557
providing access,discovered,1949.169946,911,0.479726
critical support,discovered,1949.042378,518,0.830128
night vision,discovered,1948.868613,879,0.495770
gathering processing,discovered,1948.670303,1698,0.293062
access low,discovered,1948.575088,658,0.656687
truly global,discovered,1948.447131,1182,0.382772
solutions company,discovered,1948.432019,897,0.486443
lot uncertainties,discovered,1948.380396,898,0.485931
particular europe,discovered,1948.375844,784,0.552502
major north,discovered,1948.343761,619,0.697858
changes demand,discovered,1948.240098,1046,0.423997
impact north,discovered,1947.724428,772,0.560639
gas businesses,discovered,1947.537766,741,0.583465
shortage situation,discovered,1947.361730,492,0.869258
lot talk,discovered,1947.312995,2672,0.224746
production continue,discovered,1947.287094,975,0.450763
gas producing,discovered,1947.114784,548,0.786227
power natural,discovered,1946.676306,471,0.902299
important contributor,discovered,1946.532912,1258,0.363899
energy group,discovered,1945.869443,905,0.481896
demand economic,discovered,1945.742837,500,0.856164
catalyst business,discovered,1945.661412,759,0.569392
monitor impact,discovered,1945.512468,591,0.729630
video surveillance,discovered,1945.261087,706,0.611255
tariff adjustment,discovered,1944.838220,610,0.706837
global defense,discovered,1944.669816,452,0.931959
development supply,discovered,1944.241706,618,0.697517
concerns supply,discovered,1943.979751,424,0.974713
includes things,discovered,1943.926750,881,0.493557
monitoring situation,discovered,1943.637570,1240,0.367625
america continued,discovered,1943.573763,1005,0.438099
producing countries,discovered,1943.214248,572,0.752632
market sectors,discovered,1943.068963,1194,0.378807
trade patterns,discovered,1942.230206,471,0.900574
materials use,discovered,1941.541684,602,0.714964
nuclear plants,discovered,1941.229044,866,0.500868
capital goods,discovered,1940.677377,1064,0.416438
products continue,discovered,1940.315752,2932,0.214249
continued strong,discovered,1939.874243,10820,0.137827
industry trends,discovered,1939.816615,2145,0.252739
oil sales,discovered,1938.879563,885,0.490305
bit demand,discovered,1938.261441,1228,0.369657
demand relatively,discovered,1938.094634,780,0.552408
technology projects,discovered,1937.862789,852,0.507747
protection agency,discovered,1937.097015,631,0.680690
infrastructure supply,discovered,1936.622023,480,0.883978
brazil russia,discovered,1936.065309,861,0.502334
uncertainty supply,discovered,1935.308246,450,0.931677
pricing environment,discovered,1934.576331,6161,0.160122
strong driven,discovered,1934.539584,1062,0.415981
capture value,discovered,1934.323852,1422,0.330007
million btu,discovered,1934.179780,852,0.506841
materials continue,discovered,1933.853553,625,0.686059
changing world,discovered,1933.739554,795,0.541184
year government,discovered,1933.370959,1082,0.409228
new cars,discovered,1933.252356,1707,0.290504
decrease demand,discovered,1933.168177,884,0.489480
remains quite,discovered,1932.907433,1483,0.319957
continued production,discovered,1932.756200,655,0.654346
cost electricity,discovered,1932.271861,765,0.561262
multiple years,discovered,1931.540412,2160,0.251104
higher input,discovered,1931.423410,1713,0.289652
products currently,discovered,1930.754142,1355,0.341568
china actually,discovered,1930.605278,1102,0.402484
positioned leverage,discovered,1930.398290,876,0.492966
steady stream,discovered,1930.201976,1189,0.378060
including continued,discovered,1930.098681,1181,0.380109
term significant,discovered,1929.964624,826,0.520807
growth economic,discovered,1929.668588,872,0.494892
strategic position,discovered,1929.273498,1390,0.334940
generate electricity,discovered,1929.128957,565,0.756359
direct investment,discovered,1929.008975,1076,0.410374
advanced security,discovered,1928.609741,558,0.765432
american production,discovered,1928.162033,771,0.555876
chain resilience,discovered,1927.968114,425,0.968109
bring gas,discovered,1927.912214,514,0.827697
member states,discovered,1927.637869,739,0.579154
technology investment,discovered,1927.206722,1237,0.365868
cycle power,discovered,1927.021041,477,0.884972
helping clients,discovered,1926.890195,1338,0.344313
challenges particularly,discovered,1926.134408,671,0.636622
look world,discovered,1925.900105,1289,0.354121
infrastructure key,discovered,1925.640480,537,0.793205
having supply,discovered,1924.709298,630,0.677419
technology use,discovered,1924.396656,1017,0.429839
australian market,discovered,1924.059273,1415,0.329914
security privacy,discovered,1923.581562,516,0.822967
defense homeland,discovered,1923.210990,424,0.968037
work continue,discovered,1922.531122,1733,0.286588
prices stay,discovered,1922.435565,1424,0.328186
support data,discovered,1922.423377,648,0.657868
cost manufacturing,discovered,1922.222847,1430,0.327156
manufacturing locations,discovered,1922.208544,815,0.525467
support project,discovered,1921.865044,797,0.536700
energy marketing,discovered,1921.289539,904,0.476793
government doing,discovered,1921.027305,684,0.622951
prices et,discovered,1920.086953,604,0.704784
environmental standards,discovered,1919.598570,579,0.734772
demand point,discovered,1919.136840,949,0.455812
products including,discovered,1918.770003,3270,0.202590
prices terms,discovered,1918.731221,744,0.572748
critical issues,discovered,1918.134158,593,0.717050
financial stability,discovered,1918.082977,1509,0.314310
growth innovation,discovered,1917.968528,1440,0.324983
like industrial,discovered,1917.849591,873,0.491554
main markets,discovered,1917.235140,1483,0.318104
critical path,discovered,1916.014057,1258,0.359429
south east,discovered,1915.455608,1731,0.286116
supply partners,discovered,1915.433011,788,0.540837
center market,discovered,1915.402214,1182,0.377515
security issue,discovered,1915.349531,449,0.925773
related shutdowns,discovered,1915.280670,612,0.693878
fully operational,discovered,1915.001988,2650,0.223780
uncertainty potential,discovered,1914.688144,529,0.800303
million standard,discovered,1913.916211,707,0.600680
market based,discovered,1913.114411,2371,0.237100
term relationships,discovered,1912.661752,1739,0.284989
integrated global,discovered,1912.393696,693,0.612191
enterprise wide,discovered,1911.231725,1721,0.286786
gas chemical,discovered,1911.133166,543,0.779053
tariff revision,discovered,1910.954624,539,0.784571
government industry,discovered,1910.872928,589,0.719170
caused pandemic,discovered,1910.158334,820,0.519316
higher supply,discovered,1909.379872,932,0.461158
importance having,discovered,1909.209685,779,0.545136
related government,discovered,1908.085760,856,0.498254
manufacture products,discovered,1907.849309,895,0.478098
companies facing,discovered,1907.453501,704,0.601196
continuing explore,discovered,1906.486844,859,0.496245
proven technology,discovered,1906.466126,851,0.500588
led lighting,discovered,1906.013553,1409,0.328668
current inflationary,discovered,1905.348449,718,0.589007
recognized industry,discovered,1905.278242,828,0.513329
strategic decision,discovered,1905.127035,2557,0.227309
saharan africa,discovered,1905.106975,852,0.499707
pandemic situation,discovered,1905.037372,977,0.441283
maintain position,discovered,1904.814389,1219,0.366727
terms macro,discovered,1904.567030,935,0.458783
global recovery,discovered,1904.462901,643,0.656793
particularly impacted,discovered,1904.249504,858,0.496241
growth trends,discovered,1903.928962,2538,0.228114
tariffs chinese,discovered,1903.696873,424,0.961451
expect china,discovered,1903.527591,935,0.458558
east countries,discovered,1902.867957,469,0.888258
growth near,discovered,1902.586468,1414,0.327391
financial institution,discovered,1902.432137,2255,0.242970
waste streams,discovered,1901.733894,761,0.555474
domestic energy,discovered,1901.695887,430,0.951327
changing consumer,discovered,1901.322894,1050,0.413875
truck market,discovered,1901.253606,1765,0.281185
economy global,discovered,1900.533319,461,0.900391
deliver innovative,discovered,1900.440307,874,0.486908
global car,discovered,1900.162068,545,0.771955
steep decline,discovered,1899.897634,1087,0.401700
political uncertainties,discovered,1899.885345,497,0.842373
demand current,discovered,1899.618721,799,0.529490
kind trade,discovered,1899.568923,660,0.638298
amp customers,discovered,1899.356213,988,0.435818
obviously energy,discovered,1899.128539,553,0.760660
cycle gas,discovered,1898.665417,556,0.756463
order minimize,discovered,1898.104832,774,0.545455
uniquely positions,discovered,1897.962059,683,0.616426
remain open,discovered,1897.957021,1441,0.322371
china started,discovered,1897.443437,615,0.684093
ukraine crisis,discovered,1897.434649,481,0.866667
macro situation,discovered,1896.367524,1031,0.419447
taiwan china,discovered,1895.806831,826,0.512089
chinese domestic,discovered,1895.702784,697,0.603463
cloud strategy,discovered,1895.665841,799,0.528439
requirements customers,discovered,1895.569760,890,0.477724
air missile,discovered,1895.457443,437,0.937768
deliver gas,discovered,1895.368910,514,0.814580
military bases,discovered,1895.004507,692,0.607550
critical market,discovered,1894.990001,645,0.651515
ability secure,discovered,1894.817323,830,0.509515
europe india,discovered,1894.637108,897,0.474101
globally including,discovered,1894.094481,690,0.609003
term capacity,discovered,1893.345011,882,0.481178
continues create,discovered,1893.314970,826,0.511455
pandemic global,discovered,1893.006742,474,0.876155
new work,discovered,1892.633858,2045,0.256169
benefit long,discovered,1892.446104,1174,0.375921
additional potential,discovered,1891.578651,1138,0.385371
increasing gas,discovered,1891.309851,459,0.900000
coronavirus outbreak,discovered,1891.267782,728,0.576862
seen price,discovered,1890.940381,1495,0.313220
medium longer,discovered,1890.929131,1488,0.314256
systems used,discovered,1890.703670,809,0.520927
deliver greater,discovered,1890.438026,1045,0.413534
market domestic,discovered,1890.416073,799,0.527045
new innovative,discovered,1889.958303,2338,0.237336
good technology,discovered,1889.946727,1048,0.412436
sort macro,discovered,1889.436601,902,0.470527
europe including,discovered,1889.233026,976,0.438455
trading environment,discovered,1889.218203,1471,0.316616
security risk,discovered,1889.144194,485,0.856890
security situation,discovered,1889.144194,485,0.856890
fully resolved,discovered,1888.950648,717,0.584829
develop commercialize,discovered,1888.863830,881,0.480633
demand european,discovered,1888.137109,625,0.669882
key focus,discovered,1888.114636,4005,0.184741
change energy,discovered,1887.920470,502,0.829752
role global,discovered,1887.785276,513,0.812995
highly differentiated,discovered,1887.704524,1891,0.268075
production coming,discovered,1887.649665,1689,0.287980
mining activity,discovered,1887.123615,724,0.578737
disruption global,discovered,1886.788562,445,0.921325
europe europe,discovered,1886.585591,1222,0.363258
initial production,discovered,1886.506527,1748,0.281527
china saw,discovered,1886.216127,734,0.570762
direct access,discovered,1885.867483,1196,0.369364
spending environment,discovered,1885.177445,1427,0.323070
national economy,discovered,1884.863839,666,0.627710
fired plant,discovered,1884.679628,499,0.833055
address global,discovered,1884.139991,464,0.888889
ground based,discovered,1884.058585,700,0.597270
production issues,discovered,1883.766436,1115,0.390543
especially important,discovered,1883.766214,1236,0.359616
volumes lower,discovered,1883.548554,2074,0.253359
tech manufacturing,discovered,1882.542940,506,0.821429
address current,discovered,1882.184762,924,0.458788
high uncertainty,discovered,1882.092643,624,0.668810
provider customers,discovered,1881.855437,1026,0.418434
money laundering,discovered,1881.822767,752,0.556213
gas hydrogen,discovered,1881.728843,427,0.948889
supply deficit,discovered,1881.446284,452,0.907631
sea crisis,discovered,1880.722771,428,0.946903
prices international,discovered,1880.465392,580,0.718711
facilities located,discovered,1880.438544,708,0.589509
regulatory environments,discovered,1880.072692,624,0.668094
emerging technology,discovered,1879.833216,807,0.519305
prices recover,discovered,1879.334716,773,0.540938
potential disruptions,discovered,1879.150260,531,0.783186
expansion projects,discovered,1879.086364,2350,0.235944
large european,discovered,1878.864790,873,0.482320
meet strong,discovered,1878.404080,821,0.510572
premier provider,discovered,1877.768908,559,0.744341
vehicle demand,discovered,1877.456307,541,0.768466
outlook china,discovered,1876.514648,615,0.676568
specific needs,discovered,1876.480086,1260,0.353238
benefit rising,discovered,1876.144351,714,0.583333
supply north,discovered,1876.009993,427,0.946785
gas situation,discovered,1875.607469,482,0.856128
average tariff,discovered,1875.318829,562,0.739474
232 tariffs,discovered,1874.960521,436,0.931624
europe impact,discovered,1874.666238,662,0.628083
prices gone,discovered,1874.480264,1531,0.306200
hot water,discovered,1874.201251,630,0.659686
fraud prevention,discovered,1874.055732,626,0.663839
tariff changes,discovered,1874.046695,507,0.816425
demand refined,discovered,1873.915775,459,0.892996
especially energy,discovered,1873.559031,678,0.613020
changing landscape,discovered,1873.187494,932,0.453307
challenging external,discovered,1872.808375,611,0.679644
multiple sources,discovered,1872.803841,1108,0.390691
risks business,discovered,1872.549473,687,0.604754
mainly china,discovered,1872.225870,799,0.522222
macroeconomic pressures,discovered,1872.132351,628,0.661053
business process,discovered,1872.049637,2465,0.229580
despite uncertain,discovered,1871.751093,704,0.590109
global capacity,discovered,1871.000184,782,0.532698
diverse range,discovered,1870.611210,929,0.454057
care industry,discovered,1870.605736,1093,0.394727
key long,discovered,1870.459786,1083,0.397723
global provider,discovered,1870.439023,769,0.541168
government public,discovered,1870.326722,615,0.674342
prices long,discovered,1870.304414,724,0.573693
growing customer,discovered,1870.292422,1976,0.259590
geopolitical conflicts,discovered,1870.072506,407,0.976019
prices think,discovered,1869.511728,1523,0.306747
allow customers,discovered,1869.498737,1521,0.307025
packaging solutions,discovered,1869.474756,939,0.449497
affected market,discovered,1869.325907,747,0.556217
gas value,discovered,1869.015667,457,0.894325
facilities china,discovered,1868.988128,710,0.584362
efficient solutions,discovered,1868.107147,618,0.670282
environment consumer,discovered,1867.846004,761,0.545911
prices moving,discovered,1867.828050,1136,0.381977
uncertainty trade,discovered,1867.662696,408,0.973747
chain global,discovered,1867.563577,449,0.907071
think tariff,discovered,1867.013641,509,0.810510
current crisis,discovered,1866.680874,883,0.474476
world important,discovered,1866.675201,610,0.678532
capacity new,discovered,1865.646151,1636,0.291830
russia india,discovered,1865.116772,695,0.595544
light recent,discovered,1864.736904,1163,0.374316
china given,discovered,1864.595849,610,0.677778
international gas,discovered,1864.534943,466,0.877589
protect data,discovered,1864.503743,507,0.812500
strong activity,discovered,1864.341101,1408,0.323604
security environment,discovered,1864.013466,428,0.940659
impacts related,discovered,1863.511758,811,0.512642
manufacturing activity,discovered,1863.476623,885,0.472756
creating demand,discovered,1863.164053,733,0.564715
canadian sedimentary,discovered,1863.112258,404,0.978208
storage solution,discovered,1863.067244,700,0.590717
sector including,discovered,1862.995729,659,0.627022
continues accelerate,discovered,1862.613661,1274,0.348278
issues addressed,discovered,1862.525817,810,0.512983
help navigate,discovered,1862.134927,981,0.431019
demand storage,discovered,1862.029997,622,0.663821
demand greater,discovered,1861.882524,666,0.620112
risks remain,discovered,1861.573087,512,0.803768
customers serve,discovered,1861.375761,1250,0.353207
software development,discovered,1860.381037,2612,0.222147
industries like,discovered,1860.055704,968,0.435644
customers government,discovered,1860.034617,599,0.688506
like global,discovered,1859.984222,880,0.474394
focus near,discovered,1858.715553,866,0.481111
energy climate,discovered,1858.586953,428,0.938596
national government,discovered,1858.558238,650,0.634146
outstripping supply,discovered,1858.330207,483,0.847368
risk risk,discovered,1858.192885,1035,0.410877
technology product,discovered,1857.781571,1789,0.274724
type stuff,discovered,1857.733079,1171,0.371157
impacting demand,discovered,1857.055976,679,0.606792
highly efficient,discovered,1856.588949,1559,0.300443
electric generation,discovered,1856.326455,681,0.604796
term lng,discovered,1856.241573,432,0.931034
services government,discovered,1856.188976,707,0.582852
methanol plant,discovered,1855.632134,480,0.851064
ensure security,discovered,1855.617209,419,0.952273
energy goals,discovered,1855.221813,454,0.893701
markets middle,discovered,1855.106710,728,0.566096
customer requirements,discovered,1854.969410,1538,0.303054
critical work,discovered,1854.727910,594,0.692308
just oil,discovered,1854.599846,780,0.529532
chain organization,discovered,1854.339121,626,0.656873
demand management,discovered,1854.254295,746,0.552593
gas end,discovered,1854.056263,621,0.662047
come place,discovered,1853.157887,1021,0.414703
situation world,discovered,1853.048803,585,0.702281
cares act,discovered,1852.641788,1616,0.292860
ensure business,discovered,1852.487726,939,0.445869
oil shale,discovered,1852.398763,550,0.746269
prices volumes,discovered,1851.932534,1057,0.402513
home markets,discovered,1851.197263,1225,0.357247
development infrastructure,discovered,1850.764846,762,0.540426
lockdown china,discovered,1850.138816,492,0.829680
safety business,discovered,1850.080404,992,0.424476
poor weather,discovered,1849.909995,1013,0.416872
supply related,discovered,1849.758723,532,0.769899
northern africa,discovered,1849.449947,537,0.762784
remain challenged,discovered,1849.333395,924,0.451613
variety industries,discovered,1849.220764,726,0.565861
monitor market,discovered,1849.027026,1243,0.352924
vertical markets,discovered,1848.731031,2089,0.249612
markets australia,discovered,1848.171575,783,0.525856
affected business,discovered,1848.160671,933,0.447482
global sourcing,discovered,1847.998410,1409,0.321396
terms near,discovered,1847.597669,805,0.512087
including recently,discovered,1847.139640,1155,0.373545
steel markets,discovered,1847.123791,654,0.626437
intelligence data,discovered,1847.071882,590,0.694118
trade deal,discovered,1847.053705,583,0.702410
rising gas,discovered,1846.794868,492,0.828283
china emerging,discovered,1846.765960,685,0.598253
think chinese,discovered,1846.716073,787,0.522924
strong commodity,discovered,1846.370129,745,0.551036
value markets,discovered,1846.044768,772,0.532414
energy landscape,discovered,1845.949987,497,0.820132
supply source,discovered,1845.731959,451,0.894841
continue present,discovered,1845.388527,957,0.436986
energy solution,discovered,1845.132423,630,0.649485
continues present,discovered,1844.456492,739,0.554805
risk area,discovered,1843.973783,614,0.665944
remained resilient,discovered,1843.859549,1026,0.411222
potential near,discovered,1843.142006,713,0.574074
provide secure,discovered,1843.031136,478,0.849023
intelligence business,discovered,1842.597157,651,0.627772
chinese exports,discovered,1842.272176,568,0.718987
social inflation,discovered,1842.031797,869,0.475643
gas needs,discovered,1841.737216,461,0.876426
energy materials,discovered,1841.623501,515,0.791091
vehicle charging,discovered,1841.393743,647,0.631220
leadership positions,discovered,1841.188842,1748,0.277196
power lines,discovered,1841.160570,639,0.639000
tonne mile,discovered,1841.014227,432,0.925054
policy decisions,discovered,1840.642243,552,0.738956
term stable,discovered,1839.996602,759,0.539446
recently passed,discovered,1838.872965,848,0.485682
china example,discovered,1838.521052,884,0.467478
soviet union,discovered,1838.154655,583,0.699041
getting supply,discovered,1837.548170,683,0.597028
education health,discovered,1837.439208,726,0.562355
affecting business,discovered,1837.244669,1188,0.363748
produce oil,discovered,1837.150073,547,0.744218
include things,discovered,1837.066012,1054,0.400760
critical parts,discovered,1836.943339,580,0.702179
weakness oil,discovered,1836.819144,500,0.811688
particularly oil,discovered,1836.699274,725,0.562888
supply time,discovered,1835.761132,540,0.753138
industry verticals,discovered,1835.505761,1552,0.299037
drug product,discovered,1835.076901,1126,0.379252
cloud public,discovered,1834.824239,484,0.835924
meet rising,discovered,1834.748981,569,0.714824
weaker consumer,discovered,1834.501600,648,0.627907
infrastructure program,discovered,1834.433398,601,0.676802
customers getting,discovered,1834.024274,1892,0.263326
transportation sector,discovered,1833.970912,825,0.496988
looking energy,discovered,1833.825425,562,0.723295
critical factor,discovered,1833.732676,806,0.507876
cloud cloud,discovered,1833.690513,758,0.538352
provide new,discovered,1833.441406,1721,0.279202
areas supply,discovered,1833.344664,572,0.710559
investment support,discovered,1833.023538,1129,0.378098
based gas,discovered,1832.682217,564,0.720307
acceptance new,discovered,1831.956689,963,0.431839
terms natural,discovered,1831.687887,576,0.705018
bandwidth memory,discovered,1831.531354,592,0.685979
impact natural,discovered,1830.149520,603,0.672991
booz allen,discovered,1829.569810,777,0.524646
market fact,discovered,1829.510072,1100,0.385559
term longer,discovered,1829.503664,1475,0.308965
upcoming winter,discovered,1829.289066,554,0.731836
duty vehicles,discovered,1829.066700,594,0.682759
china today,discovered,1828.543371,858,0.477994
question trade,discovered,1828.500586,514,0.787136
demand leading,discovered,1828.392398,651,0.622967
europe time,discovered,1828.321891,815,0.501230
president bush,discovered,1828.220213,537,0.754213
country energy,discovered,1827.826388,408,0.960000
market sector,discovered,1827.150204,1090,0.388038
purchasing decisions,discovered,1827.147628,928,0.445084
federal agency,discovered,1826.582885,536,0.754930
certain supply,discovered,1826.240536,494,0.816529
aluminum production,discovered,1826.170450,542,0.746556
residential sector,discovered,1825.992540,986,0.421908
increasingly critical,discovered,1825.887010,491,0.821070
technology work,discovered,1825.159340,830,0.491998
aligned customers,discovered,1824.937612,646,0.626576
demand customer,discovered,1824.508702,1175,0.364907
ability quickly,discovered,1824.507563,1130,0.376416
leading software,discovered,1823.963079,610,0.663043
paper prices,discovered,1823.496696,1248,0.348117
china sea,discovered,1823.495765,425,0.929978
enterprise software,discovered,1823.371330,1629,0.288268
focus global,discovered,1823.222763,749,0.541576
chief information,discovered,1823.067178,845,0.483410
renewable electricity,discovered,1822.890480,764,0.531293
moving supply,discovered,1822.888027,518,0.778947
bulk trade,discovered,1822.686632,427,0.926247
cautious given,discovered,1822.151085,776,0.523264
preliminary view,discovered,1822.100084,914,0.450025
environment driven,discovered,1822.013723,611,0.661255
help develop,discovered,1821.960671,1106,0.382567
power capacity,discovered,1821.496939,806,0.504696
enriched uranium,discovered,1821.451627,413,0.949425
commerce department,discovered,1821.391892,509,0.791602
capabilities customers,discovered,1821.107331,939,0.439196
new materials,discovered,1820.743508,1069,0.393159
efficiency energy,discovered,1820.565669,473,0.847670
provide customer,discovered,1820.129787,1003,0.414634
defense contractors,discovered,1819.945687,647,0.623915
potential headwinds,discovered,1819.874506,802,0.506633
impacted slowdown,discovered,1819.705199,634,0.636546
intelligence capabilities,discovered,1819.104236,503,0.799682
pressures seeing,discovered,1818.653523,1111,0.380610
energy natural,discovered,1818.576454,539,0.747573
providing reliable,discovered,1818.158236,500,0.803859
oil transportation,discovered,1818.028854,481,0.833622
impact export,discovered,1817.349303,442,0.898374
price fluctuations,discovered,1817.042669,740,0.546125
government contract,discovered,1816.962340,1130,0.375166
demand outside,discovered,1816.532809,555,0.725490
cut production,discovered,1816.078344,891,0.459042
developing solutions,discovered,1815.974460,655,0.615023
signs stabilization,discovered,1815.497196,1277,0.340988
level inflation,discovered,1814.746076,1011,0.410809
management infrastructure,discovered,1814.706895,830,0.489387
terms export,discovered,1814.357372,663,0.607143
scope greenhouse,discovered,1814.263551,470,0.849910
related trade,discovered,1814.139327,611,0.658405
think companies,discovered,1814.123603,2029,0.251083
demand coupled,discovered,1814.029986,625,0.643666
key components,discovered,1813.792191,2235,0.237842
energy plan,discovered,1813.615944,644,0.624636
specifically china,discovered,1813.238234,963,0.428000
geopolitical developments,discovered,1813.108658,410,0.951276
african countries,discovered,1812.943908,702,0.573529
production output,discovered,1812.847371,1026,0.405373
plants built,discovered,1812.268331,701,0.574120
resource development,discovered,1811.717896,653,0.615457
critical energy,discovered,1811.494194,390,0.982368
global data,discovered,1811.435725,748,0.538905
prices business,discovered,1811.247160,656,0.612512
services security,discovered,1811.170192,508,0.788820
electricity costs,discovered,1810.916144,1018,0.407689
floating storage,discovered,1810.491144,723,0.556582
investing new,discovered,1810.241201,2247,0.236900
federal funding,discovered,1810.220413,905,0.451372
supply perspective,discovered,1809.427958,676,0.594025
serve markets,discovered,1809.292915,879,0.463119
solar storage,discovered,1809.190208,651,0.616477
volume production,discovered,1809.119975,2123,0.244332
complex challenges,discovered,1808.253903,508,0.787597
new measures,discovered,1807.910549,734,0.547761
production sites,discovered,1807.850528,1075,0.389070
understand supply,discovered,1806.939234,513,0.779635
providing solutions,discovered,1806.871486,966,0.425551
economic data,discovered,1806.676713,1083,0.386510
bring technology,discovered,1806.582060,831,0.486819
customers end,discovered,1806.459370,2023,0.250899
growth area,discovered,1806.446637,3587,0.189718
pandemic economic,discovered,1806.091529,518,0.771982
enabling customers,discovered,1806.054957,1079,0.387572
market large,discovered,1805.999128,1965,0.255129
closely watching,discovered,1805.838491,825,0.489905
continuity plans,discovered,1805.245583,521,0.767305
increased higher,discovered,1805.171158,1548,0.296211
related global,discovered,1804.629284,757,0.530856
leading increased,discovered,1804.270112,817,0.493954
plastic waste,discovered,1804.222175,637,0.628205
industry europe,discovered,1803.474367,725,0.553013
award contract,discovered,1803.375459,618,0.647120
management risk,discovered,1803.224023,775,0.518742
term markets,discovered,1803.158367,735,0.545657
enables customers,discovered,1803.052155,1096,0.382148
regulatory uncertainty,discovered,1802.913318,772,0.520566
infrastructure systems,discovered,1802.898939,709,0.564940
shortage issue,discovered,1802.740698,429,0.914712
continue prioritize,discovered,1802.736879,1690,0.279431
view supply,discovered,1802.216503,592,0.675029
government needs,discovered,1801.506976,515,0.774436
strategic acquisition,discovered,1800.995960,1628,0.286066
software capabilities,discovered,1800.676633,732,0.547085
potential gas,discovered,1800.573571,419,0.931111
generation assets,discovered,1800.427854,1008,0.409091
edge data,discovered,1800.145011,621,0.642857
deliver critical,discovered,1800.089083,442,0.891129
key suppliers,discovered,1799.638188,1120,0.374958
remains weak,discovered,1799.273758,1088,0.383774
disruptions global,discovered,1798.943379,407,0.950935
significant near,discovered,1798.598656,806,0.498762
revenue impacted,discovered,1797.856005,1274,0.339100
related economic,discovered,1797.728880,740,0.540541
solutions enhance,discovered,1796.207229,620,0.642487
significant inflationary,discovered,1795.891435,596,0.668161
north west,discovered,1795.718776,1237,0.346402
decline global,discovered,1795.708814,685,0.581988
seeing demand,discovered,1795.633827,2493,0.223407
drivers business,discovered,1795.305504,1840,0.264368
disruption customers,discovered,1795.140400,528,0.753210
social economic,discovered,1795.041856,661,0.602552
address climate,discovered,1793.974071,394,0.970443
china specifically,discovered,1793.150583,876,0.460810
american region,discovered,1792.897058,955,0.426911
impacted high,discovered,1792.815595,835,0.481268
long duration,discovered,1792.666839,1472,0.305078
various economic,discovered,1792.578425,609,0.652733
realized gas,discovered,1791.954979,712,0.559309
challenging conditions,discovered,1791.941734,1454,0.307595
economic backdrop,discovered,1791.545844,1314,0.330566
affected demand,discovered,1791.365004,512,0.774584
markets operate,discovered,1791.336373,2447,0.225260
new security,discovered,1791.160837,703,0.566023
cotton prices,discovered,1791.016396,1028,0.400624
industry faces,discovered,1790.757583,628,0.632427
nanometer technology,discovered,1790.715275,847,0.474510
china know,discovered,1790.653388,845,0.475521
rapid response,discovered,1790.444257,710,0.560379
anti money,discovered,1790.430247,607,0.654095
going oil,discovered,1790.402091,728,0.546957
world seeing,discovered,1789.980058,793,0.504132
infrastructure software,discovered,1789.786690,683,0.581772
gas reduction,discovered,1789.702004,485,0.815126
navigating challenging,discovered,1789.525927,630,0.630000
gas suppliers,discovered,1789.501064,405,0.950704
price declines,discovered,1789.418953,2013,0.250249
imported china,discovered,1789.289893,579,0.685207
integral role,discovered,1789.241282,570,0.695971
keystone xl,discovered,1788.958715,571,0.694647
trade uncertainty,discovered,1788.910344,425,0.915948
impact having,discovered,1788.625432,1646,0.282769
carbon steel,discovered,1788.430384,968,0.421053
addition continue,discovered,1787.943993,2579,0.219172
recent contract,discovered,1787.331202,938,0.432457
prices positive,discovered,1787.125413,734,0.541697
uncertainties regarding,discovered,1786.376705,532,0.744056
infrastructure improvements,discovered,1785.982062,783,0.509103
organizations like,discovered,1785.312510,822,0.486391
awarded contracts,discovered,1785.140507,725,0.547583
continued focus,discovered,1785.079762,6104,0.156674
art technology,discovered,1784.975316,837,0.478286
resulted lower,discovered,1784.781698,2242,0.235381
uncertainties continue,discovered,1784.704531,472,0.833922
large energy,discovered,1784.579453,558,0.709022
believe necessary,discovered,1784.410760,1003,0.407724
impacts global,discovered,1783.779864,450,0.870406
platform provide,discovered,1783.234739,1053,0.391304
increase january,discovered,1782.681209,915,0.440964
opportunities near,discovered,1782.643400,911,0.442663
business providing,discovered,1782.402085,1235,0.344876
view impact,discovered,1782.393963,814,0.490066
meet regulatory,discovered,1782.070009,690,0.573566
ai cloud,discovered,1781.883838,822,0.485529
19 impacts,discovered,1781.632588,786,0.506117
oil differentials,discovered,1781.532909,575,0.686977
ongoing market,discovered,1781.376518,940,0.430403
chain customer,discovered,1781.160164,577,0.684460
water consumption,discovered,1780.968939,744,0.532951
commercial vehicle,discovered,1780.556617,2908,0.206549
consulting services,discovered,1780.505040,1969,0.252728
eastern canada,discovered,1780.338637,1140,0.366559
building supply,discovered,1780.260653,615,0.641962
generation gas,discovered,1780.259152,444,0.879208
believe longer,discovered,1779.732946,949,0.426517
development gas,discovered,1779.527065,424,0.913793
ensure high,discovered,1779.389934,699,0.565534
manufacturing industrial,discovered,1778.863598,568,0.694377
quality life,discovered,1778.594136,2304,0.231558
come play,discovered,1778.413058,2662,0.215233
continue rely,discovered,1777.911727,699,0.565077
key infrastructure,discovered,1777.850447,564,0.698885
significantly reduce,discovered,1777.673049,2098,0.243557
course uncertainty,discovered,1777.216122,541,0.728129
certain components,discovered,1776.519425,993,0.409653
impact seeing,discovered,1776.338618,1464,0.304303
support domestic,discovered,1776.102869,467,0.838420
opportunities technology,discovered,1775.946231,649,0.607109
evolving regulatory,discovered,1775.361987,544,0.723404
fight climate,discovered,1775.320843,371,0.997312
given increased,discovered,1775.095398,1362,0.319944
wholesale electricity,discovered,1775.041649,497,0.790143
customer commitments,discovered,1774.938109,1051,0.390416
key risks,discovered,1774.826434,577,0.682033
infrastructure industrial,discovered,1774.780728,545,0.721854
reduce costs,discovered,1774.718388,5540,0.161131
impacted weak,discovered,1774.316160,744,0.531049
saw demand,discovered,1773.988360,981,0.413401
new wave,discovered,1773.933003,1058,0.388114
particular china,discovered,1773.802033,772,0.512616
emissions intensity,discovered,1773.759494,664,0.592857
chain impacts,discovered,1773.295200,482,0.812816
services high,discovered,1773.185536,932,0.431881
support strong,discovered,1773.160353,1453,0.305509
north sea,discovered,1772.962576,4331,0.175110
term health,discovered,1772.844449,1339,0.323586
ve supply,discovered,1772.412953,545,0.720899
challenges market,discovered,1772.350139,966,0.418544
diesel fuel,discovered,1772.135625,1507,0.297885
anticipate demand,discovered,1771.708081,674,0.583550
pandemic continued,discovered,1771.704102,654,0.601103
protecting health,discovered,1771.679394,488,0.802632
just given,discovered,1771.624002,9915,0.137722
incremental supply,discovered,1771.202338,646,0.608286
tariffs come,discovered,1770.923431,518,0.757310
development key,discovered,1770.883419,950,0.424297
obviously oil,discovered,1770.709320,691,0.569193
domestic producers,discovered,1770.611080,544,0.721485
markets globally,discovered,1770.416510,961,0.420017
europe remain,discovered,1770.008401,690,0.569777
related industries,discovered,1769.148173,622,0.630832
higher volatility,discovered,1768.393392,837,0.474221
operational technology,discovered,1768.295641,490,0.798046
investment technology,discovered,1767.195619,1715,0.273394
generation power,discovered,1767.139116,706,0.556344
market facing,discovered,1767.043026,911,0.439248
inside china,discovered,1766.873576,603,0.649784
current potential,discovered,1766.759521,858,0.463283
demand clean,discovered,1766.686462,415,0.924276
funding support,discovered,1766.624602,776,0.508186
energy vehicles,discovered,1766.399026,501,0.780374
impact war,discovered,1766.126672,523,0.748212
significant wins,discovered,1765.829092,1007,0.402800
provide advanced,discovered,1765.818939,540,0.724832
important supply,discovered,1765.753660,456,0.852336
especially markets,discovered,1765.706463,847,0.468473
tight oil,discovered,1765.054034,502,0.778295
safety standards,discovered,1764.889957,822,0.481265
ongoing inflationary,discovered,1764.767449,551,0.710052
tax revenues,discovered,1764.496086,739,0.531655
public utilities,discovered,1764.438484,1031,0.394717
economy remain,discovered,1764.171844,566,0.691087
market leadership,discovered,1764.136389,3282,0.194963
various parts,discovered,1764.055760,1387,0.314441
growth end,discovered,1764.050958,2103,0.242197
hurricanes katrina,discovered,1763.868813,616,0.635052
unprecedented demand,discovered,1763.574873,663,0.590383
european based,discovered,1763.501828,979,0.412037
support need,discovered,1763.330584,915,0.436754
iot devices,discovered,1763.201535,722,0.543266
focused supply,discovered,1762.765006,476,0.817869
investments technology,discovered,1762.318255,2120,0.240991
systems products,discovered,1761.978166,809,0.487643
year china,discovered,1761.823115,1380,0.315284
trade partners,discovered,1761.718650,814,0.484812
ability support,discovered,1761.383910,1197,0.350000
states european,discovered,1761.309034,472,0.823735
contract opportunities,discovered,1760.979140,721,0.543331
specific solutions,discovered,1760.764407,707,0.553641
pse amp,discovered,1760.215408,882,0.450460
demand capacity,discovered,1760.041432,987,0.408526
drive energy,discovered,1760.025953,436,0.884381
believe economic,discovered,1759.587589,732,0.535088
19 virus,discovered,1759.224918,634,0.615534
laws regulations,discovered,1759.019477,685,0.570358
contract vehicles,discovered,1758.330688,636,0.613308
crude tanker,discovered,1758.157815,577,0.675644
obviously china,discovered,1758.038867,724,0.540299
transportation market,discovered,1757.132159,788,0.498419
believe government,discovered,1757.038447,726,0.538576
lockdown measures,discovered,1757.025592,886,0.447927
customers challenging,discovered,1756.867197,617,0.631525
support continued,discovered,1756.513745,1891,0.256720
strong energy,discovered,1756.495732,532,0.731774
amp global,discovered,1755.907538,1061,0.384003
products capabilities,discovered,1755.734707,905,0.439320
imports europe,discovered,1755.084488,521,0.746418
demand cloud,discovered,1755.033143,662,0.588444
economy consumer,discovered,1754.901410,672,0.579810
provide security,discovered,1754.897183,553,0.703562
facing supply,discovered,1754.786145,407,0.933486
issues customers,discovered,1754.780195,759,0.515625
continued slow,discovered,1754.378891,776,0.504880
including significant,discovered,1753.549729,1258,0.336004
rising global,discovered,1752.694520,412,0.923767
signed letter,discovered,1752.259532,759,0.514925
demand middle,discovered,1751.938529,497,0.780220
metal price,discovered,1751.878683,1087,0.375864
china say,discovered,1751.751734,667,0.583042
impact positive,discovered,1751.337350,1729,0.270494
awarded year,discovered,1751.192379,895,0.442631
slow recovery,discovered,1750.619057,1123,0.366037
utility sector,discovered,1749.849603,676,0.574830
energy pricing,discovered,1749.437692,556,0.697616
believe business,discovered,1748.797289,2643,0.214234
health products,discovered,1748.727778,971,0.411964
soybean oil,discovered,1748.205707,825,0.475504
growth projections,discovered,1748.173710,1050,0.385888
fuel power,discovered,1748.085165,623,0.622378
quality reliability,discovered,1747.924519,983,0.407546
driving need,discovered,1747.857286,673,0.576692
pandemic impact,discovered,1747.480866,1103,0.370756
developed economies,discovered,1747.355514,713,0.545107
truck production,discovered,1746.998623,859,0.458133
disruption business,discovered,1746.713261,786,0.496839
inventories remain,discovered,1746.222650,726,0.535398
air defense,discovered,1746.157992,560,0.691358
general trade,discovered,1745.876101,818,0.478642
macroeconomic concerns,discovered,1745.400252,482,0.800664
cloud technology,discovered,1745.092475,653,0.593097
capture growing,discovered,1745.041031,556,0.695870
french government,discovered,1744.871076,824,0.475202
ai technologies,discovered,1744.808695,750,0.518672
services company,discovered,1744.518698,1860,0.258190
projected grow,discovered,1744.209022,1037,0.389118
export facilities,discovered,1743.722913,483,0.798347
tons year,discovered,1743.626481,2238,0.232689
year natural,discovered,1743.448149,682,0.567860
differentiated technology,discovered,1743.413883,924,0.428770
investment jobs,discovered,1742.792830,422,0.901709
needed meet,discovered,1742.761160,734,0.528818
energy environmental,discovered,1742.320008,558,0.692308
states air,discovered,1742.304287,395,0.949519
environment rising,discovered,1741.757996,581,0.664760
global regional,discovered,1740.880551,667,0.579496
related impacts,discovered,1740.643659,1152,0.357209
potential additional,discovered,1740.375379,1714,0.270902
ministry environment,discovered,1740.316821,468,0.821053
year energy,discovered,1740.296734,868,0.452319
remain difficult,discovered,1740.138301,890,0.442346
slower demand,discovered,1739.722994,750,0.517241
center solutions,discovered,1739.707510,624,0.618434
network services,discovered,1739.281190,1697,0.272479
larger role,discovered,1738.949123,638,0.604739
life saving,discovered,1738.366983,961,0.413511
manufacturing china,discovered,1738.195623,723,0.535159
area growing,discovered,1738.180849,848,0.461371
slowing economy,discovered,1737.950181,1016,0.394563
industry particularly,discovered,1737.435613,988,0.403760
market robust,discovered,1737.004075,861,0.454834
transition sustainable,discovered,1736.571063,513,0.750000
need supply,discovered,1736.364654,674,0.572156
impact performance,discovered,1736.165960,1476,0.297941
supply lower,discovered,1734.738038,483,0.794408
faced year,discovered,1734.613705,859,0.455220
total addressable,discovered,1734.524029,2122,0.238776
energy new,discovered,1734.069431,666,0.578125
supply support,discovered,1734.010035,505,0.760542
commercial satellite,discovered,1733.936710,538,0.714475
smartphone market,discovered,1733.807565,1174,0.350972
macroeconomic issues,discovered,1733.151154,629,0.611273
pace recovery,discovered,1732.884877,1200,0.345026
increased drilling,discovered,1732.858781,720,0.535714
ensure adequate,discovered,1732.832541,768,0.503937
service company,discovered,1732.636234,1641,0.277618
quarter announced,discovered,1732.588206,3455,0.189388
continues key,discovered,1732.544714,1326,0.320522
half 2022,discovered,1732.544536,3690,0.184445
government grants,discovered,1732.527491,887,0.441953
impacted tariffs,discovered,1732.361730,588,0.653333
headwinds related,discovered,1732.301455,754,0.512576
healthcare industry,discovered,1731.893101,1057,0.380901
automotive companies,discovered,1731.688675,699,0.550827
carbon fuels,discovered,1731.683944,428,0.886128
environment impacted,discovered,1731.548370,646,0.594843
energy continues,discovered,1731.149953,560,0.685435
business leaders,discovered,1730.924779,1282,0.328213
transportation security,discovered,1730.910770,395,0.944976
industrial automotive,discovered,1730.566605,1122,0.362989
renewable projects,discovered,1729.815078,884,0.442664
provide supply,discovered,1729.530086,432,0.878049
providing services,discovered,1729.523931,1450,0.300767
advanced threat,discovered,1729.259329,472,0.809605
business activities,discovered,1728.322613,2018,0.245022
chinese products,discovered,1728.224718,466,0.818981
prices stabilize,discovered,1728.094669,751,0.513329
government imposed,discovered,1728.015288,583,0.657272
underground storage,discovered,1727.284637,484,0.789560
states brazil,discovered,1726.747201,522,0.733146
industry needs,discovered,1726.433824,1042,0.384360
unique product,discovered,1726.285719,1350,0.315642
main raw,discovered,1726.048079,500,0.764526
continue significant,discovered,1725.920410,2283,0.229033
infrastructure going,discovered,1725.783142,901,0.434426
key supplier,discovered,1725.657153,742,0.518519
economy expected,discovered,1725.619838,619,0.618382
infrastructure businesses,discovered,1725.553253,667,0.574505
china announced,discovered,1725.462789,503,0.759819
world believe,discovered,1725.347560,743,0.517770
speed rail,discovered,1725.091357,844,0.460196
integrated security,discovered,1725.034444,506,0.755224
adverse effects,discovered,1724.534095,865,0.450052
inflation impact,discovered,1724.289366,1136,0.358473
important note,discovered,1724.173334,8994,0.139984
light sweet,discovered,1723.779298,662,0.578166
global prices,discovered,1723.759448,577,0.662457
customers solutions,discovered,1723.163582,712,0.538578
decade long,discovered,1723.095062,724,0.530015
hard brexit,discovered,1722.939713,511,0.747076
coming supply,discovered,1722.906298,625,0.611546
confidence remains,discovered,1722.868807,537,0.711258
companies operating,discovered,1722.395529,995,0.398478
solutions based,discovered,1721.992032,947,0.415351
monitor manage,discovered,1721.883045,646,0.591575
korea taiwan,discovered,1721.722813,861,0.451258
security management,discovered,1721.318994,645,0.592287
asia africa,discovered,1721.070909,994,0.398557
energy supplies,discovered,1720.969450,388,0.953317
environment europe,discovered,1720.779341,1079,0.372712
shipping lines,discovered,1720.475567,962,0.409536
force majeure,discovered,1719.969880,1340,0.316486
pressure gas,discovered,1719.936385,472,0.805461
market uncertainties,discovered,1719.811943,729,0.525595
comes energy,discovered,1719.763795,496,0.767802
hardest hit,discovered,1719.752183,970,0.406538
vertical integration,discovered,1719.321032,2512,0.217791
enabling studies,discovered,1718.875986,897,0.434593
oil wells,discovered,1718.810236,825,0.468218
financial support,discovered,1718.779148,1167,0.350240
based infrastructure,discovered,1718.711342,627,0.608147
key projects,discovered,1718.190916,1432,0.301982
mitigate negative,discovered,1717.994361,696,0.548896
lingering effects,discovered,1717.829070,764,0.502301
demand currently,discovered,1717.657697,699,0.546521
component availability,discovered,1717.491363,707,0.540520
supply gap,discovered,1717.361812,489,0.777424
achieve net,discovered,1716.100887,1043,0.382191
cyber defense,discovered,1715.931766,393,0.942446
exports europe,discovered,1715.920470,578,0.658314
industrial power,discovered,1715.098310,665,0.572782
health employees,discovered,1714.769722,768,0.499025
chain standpoint,discovered,1714.572152,522,0.728033
computing power,discovered,1714.470258,895,0.434466
secure additional,discovered,1714.008378,1009,0.392302
expected come,discovered,1713.961765,2427,0.221199
increasing complexity,discovered,1712.606344,659,0.577058
say gas,discovered,1712.397298,518,0.732673
manufacturing costs,discovered,1712.069960,2882,0.203718
positioned play,discovered,1712.021008,491,0.772013
service delivery,discovered,1710.942847,2154,0.235102
range solutions,discovered,1710.561752,716,0.531947
spot gas,discovered,1710.540442,462,0.817699
customs border,discovered,1710.493769,450,0.837989
solar cells,discovered,1710.353827,849,0.454254
secure communications,discovered,1710.334485,540,0.702211
creates opportunities,discovered,1710.134450,916,0.424861
market factors,discovered,1710.022627,1231,0.335148
security intelligence,discovered,1709.734368,394,0.938095
demand dynamic,discovered,1709.711165,709,0.536715
china outside,discovered,1709.436917,506,0.748521
think export,discovered,1709.370262,509,0.744152
manufacturing infrastructure,discovered,1709.055148,734,0.519095
regions like,discovered,1708.802247,1080,0.370370
rising input,discovered,1708.416037,756,0.504673
systems like,discovered,1708.304342,954,0.409970
strategic national,discovered,1708.189839,444,0.847328
expanding capacity,discovered,1707.664719,1513,0.289847
offset negative,discovered,1707.300513,2312,0.226267
gives customers,discovered,1707.214798,965,0.405803
detection systems,discovered,1707.163438,515,0.734665
key risk,discovered,1707.138362,616,0.614770
position growing,discovered,1707.106747,786,0.486386
including ai,discovered,1707.001619,662,0.572664
risk time,discovered,1706.887978,701,0.541731
budget cuts,discovered,1706.603374,777,0.491461
dual source,discovered,1706.298177,546,0.692893
advanced data,discovered,1706.132937,762,0.500328
market economic,discovered,1706.086321,879,0.439500
volatile commodity,discovered,1705.792229,643,0.588828
industry dynamics,discovered,1705.725565,1298,0.321845
threat protection,discovered,1705.596879,483,0.781553
positions markets,discovered,1705.285184,689,0.550319
dod budget,discovered,1705.139764,508,0.743777
create significant,discovered,1704.758372,1678,0.270995
indirect impacts,discovered,1704.587335,430,0.870445
power customers,discovered,1704.383288,725,0.523844
markets provide,discovered,1703.916313,999,0.393617
critical industries,discovered,1703.896401,574,0.658257
operations maintenance,discovered,1703.786027,1195,0.341721
high crude,discovered,1703.779830,421,0.886316
transfer agreement,discovered,1703.728534,459,0.819643
sector government,discovered,1703.504194,510,0.740203
business near,discovered,1703.503598,1131,0.356333
strong continue,discovered,1703.407782,1705,0.268208
obviously global,discovered,1702.976804,583,0.647778
expand manufacturing,discovered,1702.932580,671,0.563866
customers business,discovered,1702.347740,2220,0.230745
customers confidence,discovered,1702.323281,799,0.477871
space really,discovered,1702.013197,1285,0.323678
carbon black,discovered,1701.648076,1259,0.328463
interruption insurance,discovered,1701.454791,907,0.426623
concerns potential,discovered,1701.393586,520,0.725244
challenges persist,discovered,1700.911038,525,0.718194
transportation fuels,discovered,1700.774103,530,0.711409
continue optimistic,discovered,1700.518429,1630,0.275524
critical assets,discovered,1700.355020,494,0.762346
strengthen supply,discovered,1700.117754,453,0.828154
pressure consumer,discovered,1699.801667,731,0.518440
provides competitive,discovered,1699.721089,638,0.591288
given happened,discovered,1699.656340,1242,0.331465
infrastructure cloud,discovered,1699.567093,610,0.618034
car business,discovered,1699.546478,1261,0.327788
recent covid,discovered,1699.304680,458,0.819320
funding environment,discovered,1699.268036,975,0.400740
india brazil,discovered,1699.086767,900,0.428980
investing infrastructure,discovered,1699.076642,843,0.454447
chain ve,discovered,1698.622023,723,0.523534
leading high,discovered,1698.321715,736,0.514685
prices global,discovered,1697.922115,454,0.825455
year ongoing,discovered,1697.850923,1163,0.347891
customers develop,discovered,1697.343954,911,0.424115
projects infrastructure,discovered,1697.223581,533,0.705960
domestically produced,discovered,1697.214587,519,0.724860
increasing demands,discovered,1696.744893,541,0.695373
make strategic,discovered,1696.731017,1779,0.260774
steel price,discovered,1696.482460,1284,0.323100
went effect,discovered,1696.443803,1666,0.271380
like turkey,discovered,1696.169937,555,0.677656
price hike,discovered,1696.132758,1869,0.253252
war europe,discovered,1696.043866,406,0.910314
sweet crude,discovered,1696.005938,573,0.656357
demographic trends,discovered,1695.874404,890,0.432459
expected recovery,discovered,1695.815651,955,0.407076
talking supply,discovered,1695.359102,532,0.706507
investment critical,discovered,1694.471326,432,0.862275
privately held,discovered,1694.325948,1172,0.345315
oil plays,discovered,1694.125513,702,0.537108
gas usage,discovered,1693.398354,493,0.760802
energy waste,discovered,1693.377619,791,0.479976
additional inventory,discovered,1693.363936,1207,0.337622
services services,discovered,1693.363601,888,0.432749
japan earthquake,discovered,1693.179528,581,0.646274
import parity,discovered,1692.947407,589,0.637446
especially oil,discovered,1692.712162,588,0.638436
comes china,discovered,1692.190610,685,0.549318
deep water,discovered,1691.983592,1969,0.245481
position business,discovered,1691.921512,1835,0.255607
incremental demand,discovered,1691.550266,1421,0.300359
google cloud,discovered,1691.287889,995,0.392505
capabilities key,discovered,1691.172497,667,0.563345
reliable cost,discovered,1690.847715,507,0.739067
prices key,discovered,1690.615414,674,0.557486
europe impacted,discovered,1690.287885,574,0.653015
average realized,discovered,1689.914451,1768,0.261114
prices products,discovered,1689.909912,1115,0.358060
southeastern united,discovered,1689.773457,535,0.700262
prices relatively,discovered,1689.671990,810,0.468750
production meet,discovered,1689.335965,720,0.522876
additional opportunities,discovered,1689.101957,3352,0.189764
able secure,discovered,1688.966651,1925,0.248387
oil refined,discovered,1688.966056,485,0.771065
term visibility,discovered,1688.935472,1103,0.360929
including power,discovered,1688.788222,587,0.638043
providing energy,discovered,1688.777243,394,0.929245
strategic priority,discovered,1688.766433,1770,0.260831
supply equation,discovered,1688.442695,550,0.680693
certain areas,discovered,1688.047095,3473,0.187002
leading companies,discovered,1687.951203,1175,0.343668
capacity gas,discovered,1687.770895,428,0.866397
solutions need,discovered,1687.677640,658,0.569697
spending infrastructure,discovered,1687.619681,596,0.628030
focused supporting,discovered,1687.298252,834,0.455987
lot infrastructure,discovered,1687.222046,1095,0.362703
energy coal,discovered,1687.216541,512,0.730385
demand commodities,discovered,1686.963871,470,0.793919
rapid growth,discovered,1686.553704,3252,0.192040
coal oil,discovered,1686.496324,458,0.813499
production cut,discovered,1686.467047,603,0.620370
lot risk,discovered,1686.384861,1086,0.364919
positioned key,discovered,1686.102552,522,0.716049
american countries,discovered,1685.850943,891,0.429812
areas united,discovered,1685.759619,452,0.823315
infrastructure help,discovered,1685.034856,536,0.697009
term plans,discovered,1684.947254,1688,0.268064
texas gulf,discovered,1684.499495,628,0.595261
substantial investments,discovered,1684.486813,1093,0.362761
opportunity company,discovered,1684.485845,1867,0.252400
conditions key,discovered,1684.262834,550,0.679012
innovative approach,discovered,1684.212158,743,0.506131
banking sector,discovered,1684.080815,1789,0.258750
support communities,discovered,1683.812306,704,0.532526
ongoing demand,discovered,1683.720498,927,0.414951
technology enabled,discovered,1683.547121,1233,0.330918
products world,discovered,1682.835962,960,0.402685
tariffs potential,discovered,1682.390872,376,0.959184
low inventories,discovered,1682.204509,845,0.449468
trade tension,discovered,1681.783533,369,0.971053
inventory destocking,discovered,1681.711471,1159,0.346280
demand food,discovered,1681.620737,664,0.562712
aluminum industry,discovered,1681.517335,527,0.707383
gas renewables,discovered,1681.463946,466,0.797945
look ahead,discovered,1681.208891,5131,0.162291
risk financial,discovered,1680.696369,574,0.649321
difficult conditions,discovered,1680.550258,996,0.390129
current pricing,discovered,1680.072928,1661,0.270257
heightened awareness,discovered,1679.667123,532,0.700000
outside north,discovered,1678.888929,2281,0.225886
critical area,discovered,1678.526524,682,0.547352
automotive space,discovered,1678.246368,749,0.500668
rapidly increasing,discovered,1678.110222,872,0.436218
ai ml,discovered,1677.628449,825,0.458079
longer accurate,discovered,1677.368806,488,0.761310
global expansion,discovered,1677.248982,1619,0.274314
demand enterprise,discovered,1676.837985,605,0.614837
business faced,discovered,1676.755014,705,0.529677
companies global,discovered,1676.615893,600,0.619835
talk china,discovered,1676.532711,716,0.521866
trade friction,discovered,1676.066355,372,0.963731
focused key,discovered,1676.002069,1593,0.276995
states continue,discovered,1675.569421,837,0.451700
coming market,discovered,1675.440893,4441,0.170101
industry analysts,discovered,1675.439293,1451,0.294261
consumer markets,discovered,1675.419450,1254,0.325714
customers navigate,discovered,1675.366043,696,0.535797
petroleum based,discovered,1674.486864,695,0.536265
oil product,discovered,1674.316324,664,0.560338
infrastructure area,discovered,1672.921658,589,0.629947
president biden,discovered,1672.867006,526,0.705094
changes customer,discovered,1672.574594,1125,0.352775
activity continues,discovered,1672.345047,1431,0.296642
coal assets,discovered,1672.178308,602,0.616172
automotive oems,discovered,1672.073487,760,0.492228
overall gas,discovered,1672.030202,454,0.813620
largest oil,discovered,1671.817607,518,0.715470
export duty,discovered,1671.617291,555,0.667870
power delivery,discovered,1671.565686,819,0.459596
competitive position,discovered,1671.554991,4911,0.164302
challenges caused,discovered,1671.115373,507,0.730548
exploration activity,discovered,1670.958562,822,0.457939
reliable operations,discovered,1670.610534,661,0.561597
prices rise,discovered,1670.391275,1020,0.380739
industry support,discovered,1670.215801,567,0.653226
face economic,discovered,1669.960386,522,0.709239
demand copper,discovered,1669.727684,464,0.795883
business supporting,discovered,1669.254771,704,0.528132
retail energy,discovered,1669.155886,701,0.530257
hydro power,discovered,1669.105746,698,0.532418
pulp market,discovered,1668.293541,836,0.450431
effect supply,discovered,1668.257939,456,0.808511
experience supply,discovered,1668.250691,422,0.868313
distribution companies,discovered,1668.224634,1164,0.343059
levelized cost,discovered,1668.014212,527,0.701731
position supply,discovered,1667.533558,599,0.617526
government projects,discovered,1667.434888,730,0.509777
voice ip,discovered,1667.409796,2065,0.237193
heavily affected,discovered,1666.925784,700,0.530303
areas expect,discovered,1666.578696,1099,0.358214
national laboratory,discovered,1666.218736,497,0.742900
worldwide economic,discovered,1665.916275,547,0.675309
north texas,discovered,1665.905210,1148,0.346305
demand expectations,discovered,1665.666199,594,0.621990
sabine pass,discovered,1665.647479,558,0.661922
winter months,discovered,1665.353553,1766,0.259020
region including,discovered,1665.254338,748,0.497671
environmental social,discovered,1665.023309,1388,0.301936
strategic fit,discovered,1665.008313,1796,0.256425
government level,discovered,1664.828816,586,0.630108
infrastructure world,discovered,1664.728318,480,0.768000
important critical,discovered,1664.578407,568,0.649886
geopolitical concerns,discovered,1664.158223,393,0.920375
believe economy,discovered,1664.100093,719,0.516152
coast gas,discovered,1664.009430,403,0.901566
projects north,discovered,1663.966837,724,0.512748
peak levels,discovered,1663.658116,1387,0.301916
cautious spending,discovered,1663.279943,732,0.507277
like security,discovered,1663.199952,592,0.623158
today world,discovered,1662.485729,1242,0.326155
focus infrastructure,discovered,1662.165386,564,0.653534
year challenging,discovered,1662.084473,1282,0.318747
challenges business,discovered,1659.824885,1033,0.374955
products systems,discovered,1659.661458,808,0.462243
energy solar,discovered,1659.535862,473,0.776683
mass transit,discovered,1659.534676,796,0.468511
kind risk,discovered,1659.500293,1111,0.354047
availability supply,discovered,1659.270276,579,0.635565
markets support,discovered,1659.238454,761,0.488133
challenging uncertain,discovered,1659.209483,503,0.731105
oil inventories,discovered,1659.060959,395,0.914352
reduction gas,discovered,1658.834548,433,0.844055
benefited higher,discovered,1658.745834,1589,0.275629
uncertainty believe,discovered,1658.664627,483,0.760630
development renewable,discovered,1658.502559,419,0.869295
tighter supply,discovered,1658.155237,501,0.733529
user markets,discovered,1657.769144,532,0.690909
market requirements,discovered,1657.735745,724,0.510939
lot technology,discovered,1657.293982,1294,0.315995
critical mission,discovered,1657.222467,417,0.872385
infrastructure order,discovered,1656.968292,568,0.646925
address supply,discovered,1656.914410,452,0.810036
driven government,discovered,1656.774292,598,0.614594
lower spot,discovered,1656.105562,645,0.570292
comprehensive solutions,discovered,1655.775612,695,0.530534
unprecedented global,discovered,1655.327809,420,0.865979
center cloud,discovered,1655.301809,669,0.550164
represents important,discovered,1654.997458,990,0.387172
trade zone,discovered,1654.941570,464,0.789116
demand today,discovered,1654.907551,757,0.489334
source gas,discovered,1654.823954,374,0.951654
analytics solutions,discovered,1654.720406,643,0.571556
using natural,discovered,1654.636724,537,0.683206
financial capacity,discovered,1654.569031,1146,0.344973
industry sectors,discovered,1654.494131,968,0.394297
space launch,discovered,1654.366985,493,0.743590
clear signs,discovered,1654.311315,907,0.416437
significant volumes,discovered,1654.197598,969,0.393902
role driving,discovered,1654.041015,696,0.529278
uncertainty exists,discovered,1653.811082,544,0.674102
gas higher,discovered,1653.662277,461,0.793460
supply particularly,discovered,1653.472162,467,0.783557
china asian,discovered,1653.122356,509,0.719943
visibility supply,discovered,1652.905604,514,0.712899
europe continue,discovered,1652.286507,1374,0.302443
infrastructure end,discovered,1652.208013,499,0.733824
navigate challenging,discovered,1651.697731,1005,0.381839
state energy,discovered,1651.444035,405,0.892070
lot oil,discovered,1651.406514,696,0.528474
growing awareness,discovered,1651.167966,700,0.525526
post pandemic,discovered,1651.109930,2096,0.234059
given china,discovered,1650.605377,467,0.782245
difficult macro,discovered,1649.072659,745,0.495017
increase defense,discovered,1649.006951,440,0.827068
services global,discovered,1648.837475,731,0.503790
services public,discovered,1648.796551,534,0.684615
supply customer,discovered,1648.387201,572,0.639106
institute health,discovered,1648.342712,433,0.839147
china national,discovered,1648.197782,538,0.679293
particularly given,discovered,1648.148506,2662,0.207612
additive manufacturing,discovered,1647.888252,1094,0.356352
contract vehicle,discovered,1647.796511,521,0.701211
view global,discovered,1647.772201,583,0.626882
getting gas,discovered,1647.611459,492,0.742081
energy situation,discovered,1647.559732,476,0.766506
today global,discovered,1647.505586,661,0.554065
trillion cubic,discovered,1647.361071,567,0.644318
production network,discovered,1646.949163,595,0.614035
domestic suppliers,discovered,1646.398077,468,0.778702
commitment support,discovered,1645.937352,639,0.572068
business country,discovered,1645.641096,859,0.434497
reduce dependence,discovered,1645.629168,664,0.551037
government private,discovered,1645.629168,664,0.551037
sector remains,discovered,1645.442000,763,0.483217
term natural,discovered,1645.388569,398,0.902494
uncertainty brexit,discovered,1644.879759,416,0.868476
significant gas,discovered,1644.338534,447,0.812727
euro zone,discovered,1644.080008,801,0.461938
oil export,discovered,1644.046926,380,0.935961
supply especially,discovered,1643.951148,420,0.860656
situation demand,discovered,1643.618221,575,0.633958
south central,discovered,1643.162114,1029,0.373096
food energy,discovered,1642.986706,405,0.888158
diesel prices,discovered,1642.936186,955,0.396430
downstream customers,discovered,1642.932323,502,0.725434
social issues,discovered,1642.170647,656,0.556404
global partners,discovered,1642.021509,772,0.477132
certain markets,discovered,1640.919735,3436,0.185690
improving quality,discovered,1640.306278,1953,0.242368
new used,discovered,1639.804759,1454,0.289699
marine energy,discovered,1639.747193,598,0.608342
increased power,discovered,1639.708382,574,0.633554
like companies,discovered,1639.704368,1767,0.256570
companies trying,discovered,1639.618492,1091,0.355722
opportunities include,discovered,1638.831684,742,0.494008
tariff exposure,discovered,1638.455764,576,0.630887
business demand,discovered,1638.350930,1343,0.305436
world markets,discovered,1638.015886,1171,0.336881
new expanded,discovered,1637.988137,1143,0.343037
corporate governance,discovered,1637.929055,2425,0.216383
china clearly,discovered,1637.831877,538,0.675031
self sufficient,discovered,1637.326960,1041,0.368626
home energy,discovered,1637.320901,513,0.707586
lng gas,discovered,1637.154156,425,0.848303
chain market,discovered,1636.795308,509,0.712885
scheduled maintenance,discovered,1636.784662,1272,0.317049
consumer price,discovered,1636.583172,930,0.403997
government national,discovered,1636.329654,397,0.900227
materials products,discovered,1636.194168,556,0.652582
general industrial,discovered,1636.173001,1484,0.285440
competitive prices,discovered,1636.123406,1046,0.367018
market sales,discovered,1635.910965,2639,0.207730
production curtailments,discovered,1635.799861,621,0.584746
leader providing,discovered,1635.762350,677,0.537728
customer relationships,discovered,1635.629843,4346,0.169958
capitalize long,discovered,1635.226805,527,0.687990
major customers,discovered,1635.204274,2748,0.203873
strong risk,discovered,1634.961822,957,0.394152
heating oil,discovered,1634.489781,1027,0.372101
issues things,discovered,1634.221770,732,0.498978
longer distances,discovered,1634.001737,451,0.801066
resulting covid,discovered,1633.979829,600,0.604230
tariff announcements,discovered,1633.645516,446,0.809437
slowdown chinese,discovered,1633.640786,421,0.853955
capture sequestration,discovered,1633.437048,465,0.777592
focused critical,discovered,1633.289498,463,0.780776
segment impacted,discovered,1632.385156,901,0.414062
away china,discovered,1631.701267,481,0.751563
believe portfolio,discovered,1631.502989,1016,0.374769
chain working,discovered,1631.222363,561,0.644828
like japan,discovered,1631.196942,984,0.384525
gas products,discovered,1630.739925,593,0.610082
drive growth,discovered,1630.683815,7652,0.143637
expected increase,discovered,1630.615207,5034,0.161699
continued low,discovered,1630.465576,1251,0.319949
residential customers,discovered,1629.757643,1198,0.330028
help deliver,discovered,1628.948658,1377,0.299088
caused global,discovered,1628.890496,379,0.931204
better support,discovered,1628.890173,1157,0.338502
chain especially,discovered,1628.867133,415,0.862786
awarded contract,discovered,1628.721909,1048,0.365157
market perspective,discovered,1628.707051,2010,0.237645
increase investment,discovered,1628.549867,2363,0.218533
demand despite,discovered,1628.425318,491,0.735030
resource management,discovered,1628.287034,983,0.384285
tariff structure,discovered,1628.080837,532,0.678571
prices obviously,discovered,1627.995787,915,0.407754
chain needs,discovered,1627.976845,444,0.810219
materials come,discovered,1627.927012,514,0.702186
distribution infrastructure,discovered,1627.472853,864,0.428147
ngl prices,discovered,1627.371776,958,0.392301
stimulus packages,discovered,1627.231231,800,0.458190
gas activities,discovered,1627.009067,493,0.731454
chinese export,discovered,1626.922798,385,0.918854
supply prices,discovered,1626.724893,412,0.867368
work customers,discovered,1626.257477,2531,0.211251
geographic markets,discovered,1626.142344,1363,0.300817
eagle ford,discovered,1626.081559,4479,0.167872
robust performance,discovered,1625.887963,1447,0.288995
difficult challenging,discovered,1625.760934,745,0.488525
gas come,discovered,1625.635458,499,0.722142
solutions solve,discovered,1625.512438,540,0.667491
chinese manufacturers,discovered,1625.490469,665,0.543745
international defense,discovered,1625.464577,442,0.812500
industry environment,discovered,1625.215393,1204,0.328155
utility infrastructure,discovered,1624.823401,717,0.505999
major concern,discovered,1624.723202,877,0.422040
power transmission,discovered,1624.668183,1208,0.327283
advanced economies,discovered,1624.666547,436,0.822642
transfer process,discovered,1624.222511,441,0.813653
living crisis,discovered,1623.511560,435,0.823864
years covid,discovered,1623.379102,845,0.435567
agricultural products,discovered,1623.285296,748,0.486030
support federal,discovered,1623.244259,397,0.894144
solar generation,discovered,1621.765074,616,0.584440
security agency,discovered,1621.708984,347,0.985795
versus demand,discovered,1620.660799,699,0.517012
asia market,discovered,1620.160138,856,0.429935
prices coming,discovered,1620.050600,1743,0.256814
policy issues,discovered,1619.003022,431,0.828846
prices power,discovered,1618.979983,461,0.777403
multi national,discovered,1618.337818,796,0.457998
demand met,discovered,1617.916129,530,0.676884
continuity plan,discovered,1617.871854,496,0.723032
heightened uncertainty,discovered,1617.682040,462,0.775168
improving energy,discovered,1617.352382,438,0.815642
countries regions,discovered,1616.639397,942,0.395632
opportunities global,discovered,1616.492010,716,0.504225
growing concern,discovered,1616.237355,583,0.614979
significant additional,discovered,1616.012953,1629,0.267049
seen significant,discovered,1615.780369,4875,0.162891
driven growing,discovered,1615.757651,845,0.433778
future gas,discovered,1615.631350,421,0.845382
growing supply,discovered,1615.499386,519,0.690160
successfully completed,discovered,1615.437153,3146,0.191246
american companies,discovered,1615.424558,608,0.589719
materials need,discovered,1614.634280,514,0.696477
services continues,discovered,1614.499845,1061,0.359174
supply world,discovered,1614.446185,405,0.874730
gas facilities,discovered,1614.401181,454,0.786828
sectors economy,discovered,1614.357386,767,0.472582
pricing demand,discovered,1614.074062,757,0.478206
demand demand,discovered,1613.763142,1211,0.325101
reliable supplier,discovered,1613.582369,533,0.671285
non ferrous,discovered,1613.349203,822,0.443844
demand decline,discovered,1613.296521,694,0.518297
market seeing,discovered,1613.147508,2375,0.216974
restrictions lifted,discovered,1612.705836,1053,0.360987
higher electricity,discovered,1612.477666,685,0.524502
power water,discovered,1611.716785,557,0.641705
demand return,discovered,1611.520550,598,0.598000
brazil argentina,discovered,1611.358106,1235,0.320197
areas energy,discovered,1611.254598,465,0.767327
offset continued,discovered,1610.628718,2187,0.225953
tensions china,discovered,1610.553232,334,1.000000
technology market,discovered,1610.124102,1480,0.282983
defense electronics,discovered,1609.910579,820,0.443963
prices today,discovered,1609.702452,1179,0.330901
matter expertise,discovered,1609.657453,503,0.709450
sales agreement,discovered,1609.364445,888,0.414179
continues area,discovered,1609.027307,807,0.450084
areas business,discovered,1608.587865,3991,0.174127
related risks,discovered,1608.311339,548,0.650831
government market,discovered,1608.221834,783,0.462220
business sentiment,discovered,1608.185857,547,0.651967
subdued demand,discovered,1608.130115,580,0.615058
letter intent,discovered,1607.971091,1610,0.268155
designed help,discovered,1607.432709,1199,0.326525
term benefits,discovered,1607.141367,1351,0.300222
offers significant,discovered,1607.072396,790,0.458237
superior products,discovered,1606.971798,661,0.540917
came effect,discovered,1606.931686,873,0.419712
quarter saw,discovered,1606.724243,7523,0.143717
golden dome,discovered,1606.572640,405,0.870968
chain raw,discovered,1606.540618,372,0.934673
advanced solutions,discovered,1606.248524,751,0.479566
weakness demand,discovered,1606.045355,655,0.545379
help organizations,discovered,1606.029948,545,0.653477
coal trade,discovered,1605.989457,373,0.932500
need reliable,discovered,1605.666876,428,0.827853
core systems,discovered,1605.614041,881,0.416155
demand years,discovered,1605.150222,754,0.477517
expected service,discovered,1605.130944,751,0.479260
disrupted supply,discovered,1605.062930,375,0.928218
believe energy,discovered,1604.958124,486,0.731928
technology bring,discovered,1604.930269,713,0.502821
supply higher,discovered,1604.367791,455,0.780446
continue operations,discovered,1604.122759,683,0.523372
war iraq,discovered,1603.894448,659,0.541495
leverage expertise,discovered,1603.838940,881,0.415762
continues positive,discovered,1603.793914,1565,0.272458
security programs,discovered,1603.622174,354,0.967213
mobile security,discovered,1603.593142,671,0.532117
supply increasing,discovered,1603.374786,444,0.798561
critical growth,discovered,1603.210236,716,0.500349
amp manufacturing,discovered,1603.006993,865,0.422157
backward integration,discovered,1602.782409,1193,0.327029
economic forum,discovered,1602.770918,479,0.741486
capitalize emerging,discovered,1602.175770,545,0.651914
battery technology,discovered,1602.048590,797,0.453356
property rights,discovered,1601.871522,756,0.475472
gas condensate,discovered,1601.844280,744,0.482490
demand solar,discovered,1601.692935,540,0.657734
products critical,discovered,1601.680163,527,0.673913
disruption market,discovered,1601.513750,633,0.562167
impacted increased,discovered,1601.401648,1001,0.373647
warm winter,discovered,1600.862983,790,0.456647
business federal,discovered,1600.304772,473,0.749604
prices just,discovered,1599.882772,1329,0.302665
changes economic,discovered,1599.669918,693,0.514859
support significant,discovered,1599.615120,772,0.465902
provide power,discovered,1599.448861,532,0.666667
sector market,discovered,1599.227929,867,0.420466
technology industry,discovered,1598.958257,992,0.375900
chinese production,discovered,1598.796216,488,0.726190
projects china,discovered,1598.596514,697,0.511747
address market,discovered,1598.558055,1306,0.306142
activity middle,discovered,1598.478448,546,0.649227
imported coal,discovered,1598.412091,693,0.514477
unseasonably warm,discovered,1598.163551,640,0.555074
trade trade,discovered,1597.102486,698,0.510607
leverage unique,discovered,1596.742827,790,0.455594
surge demand,discovered,1596.438726,1027,0.365220
china seen,discovered,1596.327161,572,0.619048
lot trade,discovered,1596.210784,554,0.638985
infrastructure activity,discovered,1595.997287,443,0.796763
flexible supply,discovered,1595.898478,411,0.854470
technologies deliver,discovered,1595.893231,485,0.729323
time demand,discovered,1595.471739,965,0.383698
services products,discovered,1595.433194,1557,0.272441
focused developing,discovered,1595.360678,1321,0.303330
expand portfolio,discovered,1595.304017,1306,0.305712
headwinds supply,discovered,1595.152872,418,0.841046
treatment facilities,discovered,1594.973552,573,0.617457
focused expanding,discovered,1594.839738,1454,0.284484
address potential,discovered,1594.806878,688,0.516905
stimulus programs,discovered,1594.745398,776,0.462455
enterprise cloud,discovered,1594.713382,876,0.415757
sides aisle,discovered,1594.555602,463,0.762768
addition supply,discovered,1594.233516,452,0.780656
budget constraints,discovered,1594.088570,722,0.493844
countries region,discovered,1594.083838,823,0.438699
impacted continued,discovered,1594.081284,833,0.434080
new national,discovered,1594.042736,887,0.411219
platform technology,discovered,1593.692780,1276,0.310462
improving demand,discovered,1593.652888,1075,0.351997
china increasing,discovered,1593.486198,472,0.748019
transportation fuel,discovered,1593.380314,608,0.581818
work environment,discovered,1593.376957,1368,0.295976
generation projects,discovered,1592.810190,723,0.492843
including automotive,discovered,1592.689764,599,0.590148
products believe,discovered,1592.518319,1300,0.306315
energy value,discovered,1592.028709,480,0.735069
markets despite,discovered,1591.889597,578,0.610994
lower electricity,discovered,1591.697656,537,0.657283
growth security,discovered,1591.686118,671,0.528346
government working,discovered,1591.591937,588,0.600613
african markets,discovered,1591.567612,535,0.659679
seeing oil,discovered,1591.451467,528,0.668354
critical mineral,discovered,1591.421805,344,0.980057
performance security,discovered,1591.416123,563,0.626949
outlook natural,discovered,1590.577585,364,0.943005
renewable portfolio,discovered,1590.269713,668,0.530159
completion activity,discovered,1589.576707,1094,0.346641
countries especially,discovered,1589.430468,677,0.523184
energy intensity,discovered,1589.284450,484,0.727820
secular tailwinds,discovered,1589.089443,707,0.502131
assess potential,discovered,1589.004093,772,0.463107
impacted macroeconomic,discovered,1588.642002,442,0.794964
reduction greenhouse,discovered,1588.559945,478,0.736518
systems software,discovered,1588.241625,705,0.503212
renewable diesel,discovered,1587.790976,1362,0.296151
increased domestic,discovered,1587.554172,624,0.565217
face supply,discovered,1587.387774,405,0.861702
strong fundamentals,discovered,1587.105008,1440,0.285375
operations north,discovered,1586.894363,772,0.462552
domestic economic,discovered,1586.874542,420,0.833333
deliver reliable,discovered,1585.889878,519,0.677546
supplier choice,discovered,1585.793164,649,0.543551
key competitive,discovered,1585.637497,1181,0.326875
passed customers,discovered,1585.538252,1046,0.358097
course significant,discovered,1585.536842,1143,0.334798
capabilities supply,discovered,1585.526972,444,0.790036
government regarding,discovered,1585.361570,479,0.733538
energy project,discovered,1584.927465,802,0.446548
customers power,discovered,1584.712144,543,0.647199
focused leveraging,discovered,1584.200665,894,0.406364
production particularly,discovered,1583.642297,561,0.626116
ability capture,discovered,1583.157465,1280,0.308359
china slowing,discovered,1582.945769,452,0.775300
continued macroeconomic,discovered,1582.908748,479,0.732416
prices declining,discovered,1582.747772,696,0.507659
north korea,discovered,1582.731175,416,0.838710
foreign military,discovered,1582.724127,655,0.537767
remains key,discovered,1582.680859,2227,0.221901
forms energy,discovered,1582.601447,390,0.888383
uncertainty china,discovered,1582.582787,368,0.931646
china don,discovered,1582.364364,683,0.516641
large opportunities,discovered,1582.354508,1199,0.322833
vehicle industry,discovered,1582.348523,653,0.539224
supply impact,discovered,1581.882333,465,0.753647
security companies,discovered,1581.718981,460,0.761589
ample supply,discovered,1581.496077,581,0.603950
global events,discovered,1581.438620,529,0.662907
sales gas,discovered,1580.285156,602,0.582769
support economy,discovered,1580.153705,452,0.773973
global trend,discovered,1579.629043,653,0.538335
higher selling,discovered,1579.570537,1877,0.242632
restrictions place,discovered,1579.358224,778,0.457378
coal mines,discovered,1579.014868,824,0.434599
china big,discovered,1578.416977,837,0.428571
supply short,discovered,1578.340487,403,0.861111
trade dynamics,discovered,1578.340487,403,0.861111
risk point,discovered,1578.321180,716,0.493113
mining equipment,discovered,1578.043983,1204,0.321238
demand specialty,discovered,1577.998615,565,0.619518
prices impacting,discovered,1577.672345,476,0.734568
growth objectives,discovered,1577.547244,1883,0.242031
explore options,discovered,1577.435142,763,0.464960
businesses positioned,discovered,1577.226322,741,0.477448
important contribution,discovered,1577.078236,827,0.432758
recently released,discovered,1576.855202,1275,0.308343
higher tariff,discovered,1576.843468,550,0.635838
strengthen long,discovered,1576.356437,548,0.637951
supply remain,discovered,1576.192543,383,0.899061
gas use,discovered,1575.844624,451,0.773585
critical supply,discovered,1575.768374,374,0.916667
replacement demand,discovered,1575.582434,968,0.378865
reliability customers,discovered,1575.553765,530,0.659204
debt crisis,discovered,1575.228998,784,0.453179
processing plants,discovered,1575.055468,986,0.373202
continues significant,discovered,1574.962157,1217,0.318336
solar battery,discovered,1574.909212,556,0.628249
tariffs going,discovered,1574.754088,664,0.528242
customers patients,discovered,1574.689985,866,0.415348
solutions believe,discovered,1574.396449,642,0.545455
minimize risk,discovered,1574.254429,830,0.430721
security security,discovered,1574.018333,471,0.740566
chinese supply,discovered,1573.741012,365,0.933504
environment ongoing,discovered,1573.739395,491,0.710564
risk course,discovered,1573.729550,552,0.632302
looking invest,discovered,1573.410611,923,0.393436
decision makers,discovered,1573.359142,1415,0.287018
government incentives,discovered,1573.283159,655,0.534694
industry fundamentals,discovered,1573.104166,1041,0.357241
measures ensure,discovered,1573.077986,637,0.549138
starting april,discovered,1573.014207,1047,0.355639
risk aversion,discovered,1572.680276,569,0.613147
inventory management,discovered,1572.645892,3815,0.175556
far gas,discovered,1572.611831,447,0.778746
uncertain world,discovered,1572.199783,546,0.638596
pipeline opportunities,discovered,1572.133378,2584,0.205946
global impact,discovered,1571.918543,552,0.631579
chain distribution,discovered,1571.637622,551,0.632606
significant competitive,discovered,1571.502434,1437,0.283936
curtiss wright,discovered,1571.385268,605,0.576740
help supply,discovered,1571.342983,482,0.722639
space force,discovered,1571.091698,379,0.904535
current prices,discovered,1570.898861,1664,0.259190
production customers,discovered,1570.837377,675,0.518832
trade related,discovered,1569.922194,581,0.599587
know energy,discovered,1569.894709,562,0.619625
capabilities critical,discovered,1569.736330,406,0.851153
continuing supply,discovered,1569.726004,515,0.675853
ensure safe,discovered,1568.938786,591,0.589232
generation supply,discovered,1568.802967,559,0.622494
europe continues,discovered,1568.266090,1125,0.336022
east australia,discovered,1567.841679,458,0.758278
dc dc,discovered,1567.755022,912,0.396177
accurate time,discovered,1567.216538,540,0.643623
operational readiness,discovered,1567.193612,564,0.616393
peak periods,discovered,1566.834086,853,0.418959
tariffs business,discovered,1566.614665,391,0.878652
term investment,discovered,1566.605906,2672,0.202516
given uncertainties,discovered,1566.528767,916,0.394488
current natural,discovered,1566.473276,372,0.916256
chain resiliency,discovered,1566.236468,354,0.951613
comprehensive solution,discovered,1566.043810,860,0.415861
storage tanks,discovered,1565.246070,629,0.553210
multiple factors,discovered,1565.242388,1071,0.348179
continuing impact,discovered,1565.228415,794,0.445567
tariffs implemented,discovered,1565.194939,458,0.757025
gold copper,discovered,1565.111626,789,0.448041
mining energy,discovered,1565.054510,496,0.699577
infrastructure capabilities,discovered,1564.929663,558,0.622074
strengthen leadership,discovered,1564.819027,896,0.401434
effective supply,discovered,1564.806231,451,0.768313
better demand,discovered,1564.654832,1000,0.367107
performance reliability,discovered,1564.397500,760,0.463132
new awards,discovered,1564.347807,1493,0.276277
security standards,discovered,1564.126904,356,0.946809
northwest europe,discovered,1564.066514,487,0.711988
ongoing macro,discovered,1564.047464,471,0.735938
propulsion systems,discovered,1563.759969,605,0.574004
singapore hong,discovered,1563.669594,627,0.554377
market power,discovered,1563.627397,873,0.410052
border protection,discovered,1563.577020,420,0.821918
balance demand,discovered,1563.390444,611,0.568372
expected reach,discovered,1563.043550,1284,0.304988
immediate effect,discovered,1562.854483,740,0.474055
volatile business,discovered,1562.834141,723,0.484260
water power,discovered,1562.766912,490,0.707071
floating production,discovered,1562.758404,545,0.635939
new transmission,discovered,1562.611534,612,0.567192
oil industry,discovered,1562.482950,882,0.406264
net importer,discovered,1562.464575,556,0.623318
coated products,discovered,1562.387521,507,0.683288
global domestic,discovered,1561.988585,492,0.703863
certain degree,discovered,1561.615253,1474,0.278218
services energy,discovered,1561.216427,580,0.597322
remains attractive,discovered,1561.027966,964,0.377299
global focus,discovered,1560.893127,441,0.783304
sufficient capacity,discovered,1560.396211,943,0.383958
provides unique,discovered,1560.275995,798,0.442350
demand united,discovered,1560.168138,473,0.731066
rates supply,discovered,1560.103740,386,0.885321
remains unclear,discovered,1560.011394,554,0.624577
mitigating risk,discovered,1559.955134,655,0.530364
global shortage,discovered,1559.839495,393,0.871397
think areas,discovered,1559.703604,1674,0.257182
rate risk,discovered,1559.133349,2101,0.226841
macro outlook,discovered,1558.848692,868,0.410985
demand able,discovered,1558.811115,772,0.455189
lead customers,discovered,1558.736018,643,0.539430
broad array,discovered,1558.367268,1131,0.333137
capacity place,discovered,1557.764624,1179,0.323102
delivery services,discovered,1557.509357,1108,0.338114
impacted macro,discovered,1557.387499,521,0.662850
continue critical,discovered,1557.366356,520,0.664112
supply concerns,discovered,1557.298301,395,0.866228
materials technologies,discovered,1557.085747,446,0.772964
prices negative,discovered,1556.890970,606,0.570621
fertilizer prices,discovered,1556.554229,627,0.551937
projects related,discovered,1556.547165,929,0.387891
services healthcare,discovered,1556.511066,642,0.539496
favorable long,discovered,1556.365467,637,0.543515
offset potential,discovered,1556.344477,815,0.433280
spot pricing,discovered,1555.879640,1033,0.356330
pace economic,discovered,1555.141633,550,0.627138
actually supply,discovered,1555.012348,571,0.604233
remain constrained,discovered,1554.998490,501,0.688187
provider high,discovered,1554.893396,482,0.715134
taking necessary,discovered,1554.599347,1071,0.346378
increase arpu,discovered,1554.519146,1011,0.362106
uncertainty particularly,discovered,1554.496654,401,0.853191
solve problem,discovered,1553.848277,1323,0.297638
lng markets,discovered,1553.551770,417,0.822485
key development,discovered,1552.357277,891,0.400629
access additional,discovered,1552.148054,1003,0.363933
group continues,discovered,1552.108134,1419,0.283970
communities live,discovered,1551.889448,649,0.532404
stimulus measures,discovered,1551.343537,517,0.665380
energy resource,discovered,1551.206725,485,0.709064
prices set,discovered,1551.130206,585,0.588531
growth trade,discovered,1550.799851,610,0.564815
macroeconomic climate,discovered,1550.624913,547,0.628736
defined data,discovered,1550.440166,396,0.860870
company strategic,discovered,1550.332453,1168,0.324174
solve complex,discovered,1550.264835,529,0.649877
market pulp,discovered,1549.631663,826,0.426653
uncertainty seeing,discovered,1549.527810,458,0.749591
including new,discovered,1549.411106,3736,0.175944
ability respond,discovered,1549.299653,1017,0.359491
situation country,discovered,1548.409755,674,0.512548
supply driven,discovered,1548.389916,651,0.529699
production activity,discovered,1548.262646,835,0.422357
critical workloads,discovered,1548.193253,366,0.919598
market countries,discovered,1548.119535,637,0.540747
mentioned energy,discovered,1547.931940,544,0.631090
risk control,discovered,1547.590470,1038,0.353542
significant global,discovered,1547.220390,700,0.494350
course aware,discovered,1547.161445,674,0.512158
secure data,discovered,1547.161011,455,0.753311
national guard,discovered,1546.949143,532,0.644848
sustainable supply,discovered,1546.857175,391,0.868889
america australia,discovered,1546.609753,782,0.446857
industry ability,discovered,1546.601510,667,0.517054
past month,discovered,1546.108563,1580,0.264834
recycled material,discovered,1545.809400,558,0.614537
supplier customers,discovered,1545.726272,569,0.602754
urgent need,discovered,1545.708545,761,0.457607
markets today,discovered,1545.104187,1447,0.279614
upside downside,discovered,1544.907656,1313,0.298003
critical communications,discovered,1544.417724,393,0.863736
lng infrastructure,discovered,1544.370554,387,0.875566
markets customers,discovered,1544.283073,1284,0.302473
cycle plant,discovered,1544.169427,443,0.771777
uncertainty continued,discovered,1544.026209,363,0.923664
debt ceiling,discovered,1543.683077,684,0.504053
spillover effect,discovered,1543.671381,635,0.540886
innovative technology,discovered,1543.634687,1208,0.315487
issues resolved,discovered,1543.561908,1235,0.310614
foundation long,discovered,1543.432668,951,0.377981
effective july,discovered,1542.852163,1351,0.292108
market automotive,discovered,1542.832683,573,0.597497
strength oil,discovered,1542.383163,440,0.776014
drivers remain,discovered,1542.318815,618,0.554758
related natural,discovered,1542.313405,467,0.731975
focus ensuring,discovered,1542.308399,877,0.403775
provide innovative,discovered,1541.442054,672,0.511805
gas sectors,discovered,1541.438748,415,0.820158
software solution,discovered,1541.306905,1057,0.347583
solutions high,discovered,1541.167382,702,0.491253
want supply,discovered,1541.038873,456,0.748768
demand international,discovered,1540.897426,686,0.501829
macroeconomic indicators,discovered,1540.844491,625,0.548246
production low,discovered,1540.570155,797,0.437912
industry expertise,discovered,1539.924160,916,0.388960
export products,discovered,1539.319130,512,0.666667
supply second,discovered,1539.280148,458,0.744715
ensure health,discovered,1539.015387,538,0.634434
issue china,discovered,1538.814997,465,0.733438
customers technology,discovered,1538.482327,815,0.428947
growing consumer,discovered,1538.449639,922,0.386583
demand government,discovered,1538.048094,501,0.680707
outlook north,discovered,1537.917510,589,0.579724
gulf region,discovered,1537.642556,639,0.535624
government efforts,discovered,1537.428462,417,0.814453
local local,discovered,1537.392952,820,0.426417
maintain supply,discovered,1537.114223,388,0.869955
improve ability,discovered,1537.095633,1167,0.322376
conventional energy,discovered,1537.071049,464,0.734177
reliable partner,discovered,1536.928379,537,0.634752
challenges believe,discovered,1536.752809,644,0.531353
key technologies,discovered,1536.512803,667,0.513867
products demand,discovered,1536.487197,844,0.415764
country think,discovered,1536.225303,805,0.433029
quarter despite,discovered,1535.989067,3584,0.178096
steel exports,discovered,1535.855027,386,0.873303
federal sector,discovered,1535.690945,562,0.606257
new advanced,discovered,1535.626096,812,0.429630
china growing,discovered,1535.584092,889,0.397763
weak economy,discovered,1535.552518,1159,0.323743
provide global,discovered,1535.434541,516,0.659847
operate high,discovered,1535.403869,761,0.454871
conditions especially,discovered,1535.118171,582,0.585513
demand improvement,discovered,1534.781078,715,0.481157
materials especially,discovered,1534.732017,449,0.757167
economy including,discovered,1534.665365,412,0.822355
prime contract,discovered,1534.427069,422,0.803810
gas renewable,discovered,1533.924770,389,0.866370
force protection,discovered,1533.919701,465,0.731132
characterized high,discovered,1533.854068,554,0.614191
used oil,discovered,1533.803672,648,0.527258
production base,discovered,1533.759459,1052,0.347539
areas operations,discovered,1533.536897,687,0.498911
flexibility supply,discovered,1533.434480,434,0.781982
impact automotive,discovered,1533.388203,432,0.785455
china point,discovered,1533.344556,508,0.669302
brent price,discovered,1532.545479,720,0.477454
gas exposure,discovered,1532.494184,648,0.526829
terawatt hour,discovered,1532.008994,835,0.418546
crude supply,discovered,1532.001467,429,0.790055
supply quarter,discovered,1531.870529,561,0.605832
50 megawatt,discovered,1531.819849,758,0.455529
benefit continued,discovered,1531.804801,839,0.416791
chain think,discovered,1531.773058,704,0.487197
mild winter,discovered,1531.680149,1113,0.332835
transition lower,discovered,1531.380066,529,0.641990
data warehouse,discovered,1531.297656,968,0.370314
global situation,discovered,1531.286789,556,0.610989
power density,discovered,1530.873991,689,0.496756
customers impact,discovered,1530.742823,682,0.501471
20 years,discovered,1530.319315,7454,0.142314
mainly supply,discovered,1530.101780,389,0.864444
green shoots,discovered,1529.886800,2172,0.220911
risk portfolio,discovered,1529.640697,1258,0.304748
brent prices,discovered,1529.588234,556,0.610318
systems provide,discovered,1529.574395,729,0.471235
demand critical,discovered,1529.520268,370,0.902439
recent trade,discovered,1529.363029,413,0.817822
market natural,discovered,1528.842278,534,0.634958
uncertainty business,discovered,1528.750912,540,0.627907
asia north,discovered,1528.714476,989,0.363603
seen gas,discovered,1527.776547,443,0.763793
build new,discovered,1527.732240,3349,0.182378
investor sentiment,discovered,1527.403886,729,0.470626
elevated rates,discovered,1527.336924,598,0.567362
customer facing,discovered,1527.323027,2283,0.215377
recent price,discovered,1527.282426,1040,0.349462
safety systems,discovered,1527.252997,627,0.541919
weaker market,discovered,1526.923652,1060,0.344379
big demand,discovered,1526.921047,873,0.401934
infrastructure particularly,discovered,1526.030714,480,0.704846
received order,discovered,1525.906915,1039,0.349479
critical projects,discovered,1525.286596,508,0.665793
investment opportunities,discovered,1525.268547,4175,0.168231
complex situation,discovered,1525.216844,576,0.587755
industrial segments,discovered,1525.116159,964,0.370342
european economic,discovered,1525.084027,443,0.762478
infrastructure building,discovered,1525.039186,739,0.464196
broadband network,discovered,1524.805657,828,0.419878
industry expect,discovered,1524.525257,851,0.410120
customers deliver,discovered,1524.369337,1061,0.343699
leading higher,discovered,1524.264581,1025,0.352840
logistics network,discovered,1523.932663,910,0.387729
fixed prices,discovered,1523.913990,725,0.472005
believe markets,discovered,1523.868508,928,0.381579
remain subdued,discovered,1523.741253,647,0.524736
nuclear regulatory,discovered,1523.614451,435,0.775401
affected lower,discovered,1523.589980,1013,0.355938
recovery pandemic,discovered,1523.096703,617,0.548932
demand coal,discovered,1522.744910,552,0.611973
energy complex,discovered,1522.604544,420,0.801527
remaining strong,discovered,1522.354543,884,0.396768
presence key,discovered,1522.176010,877,0.399362
year uncertainty,discovered,1521.474864,615,0.550089
demand primarily,discovered,1521.189482,566,0.596417
facilities united,discovered,1520.312478,445,0.756803
tariffs coming,discovered,1520.312478,445,0.756803
reduced supply,discovered,1520.197443,541,0.623272
mentioned global,discovered,1520.123655,578,0.583838
inflation continued,discovered,1519.865252,613,0.551259
prices near,discovered,1519.853587,540,0.624277
suite solutions,discovered,1519.804132,829,0.418264
domestic export,discovered,1519.755775,998,0.359381
greater focus,discovered,1519.646486,1491,0.271535
prices ve,discovered,1519.232453,1345,0.289996
technology leading,discovered,1519.188458,599,0.563500
largest economy,discovered,1519.125044,571,0.590486
needs global,discovered,1518.912491,462,0.728707
business positioned,discovered,1518.797537,1614,0.258695
growth cycle,discovered,1518.732347,1139,0.325243
geographic footprint,discovered,1518.573802,2036,0.227435
just trade,discovered,1518.556810,546,0.616949
including ongoing,discovered,1518.308114,796,0.432844
place world,discovered,1518.106995,717,0.475149
risk coming,discovered,1517.942233,566,0.595163
technology core,discovered,1517.838587,624,0.541197
major challenges,discovered,1517.776598,730,0.467350
product solution,discovered,1517.573562,847,0.410169
china overall,discovered,1516.543634,607,0.555352
india southeast,discovered,1516.334624,593,0.568008
affected covid,discovered,1516.298886,1171,0.318466
science based,discovered,1515.801244,1321,0.293035
technology offerings,discovered,1515.463987,728,0.467866
anticipate supply,discovered,1515.349273,364,0.907731
higher material,discovered,1515.226216,1287,0.298124
stability supply,discovered,1514.838501,377,0.880841
continue meet,discovered,1514.724359,1516,0.268224
including canada,discovered,1514.717981,655,0.515748
entire global,discovered,1514.245244,623,0.540799
learning artificial,discovered,1513.905285,452,0.742200
continue accelerate,discovered,1513.838294,2303,0.213557
compete win,discovered,1513.803007,854,0.406473
political turmoil,discovered,1513.668863,477,0.703540
customers reduced,discovered,1513.589801,713,0.476286
global portfolio,discovered,1513.478791,950,0.372403
prospects remain,discovered,1513.349785,572,0.587269
presented covid,discovered,1513.267133,505,0.664474
infrastructure equipment,discovered,1513.198742,530,0.633214
steel association,discovered,1513.170824,428,0.782450
cost locations,discovered,1513.000635,692,0.489392
including russia,discovered,1512.331118,481,0.697101
chain make,discovered,1512.303536,517,0.648683
tariff trade,discovered,1512.288442,329,0.976261
energy mining,discovered,1512.121022,551,0.608840
projected demand,discovered,1511.867765,458,0.731629
couple days,discovered,1511.346992,3198,0.184920
provides critical,discovered,1511.186694,416,0.803089
remains important,discovered,1511.142507,1627,0.256706
supply region,discovered,1510.908103,365,0.903465
clean coal,discovered,1510.795447,573,0.585291
need high,discovered,1510.698032,1091,0.334355
europe southeast,discovered,1510.572787,447,0.748744
important global,discovered,1510.369737,595,0.563981
improving global,discovered,1510.251741,516,0.649057
duke energy,discovered,1510.142456,791,0.433187
growth middle,discovered,1510.103033,905,0.386587
stable long,discovered,1509.864813,799,0.429339
capital flows,discovered,1509.446459,775,0.440842
digital solutions,discovered,1509.389409,1863,0.237628
time effect,discovered,1509.165282,1142,0.323147
working relationships,discovered,1509.153463,634,0.530100
compliance requirements,discovered,1508.888676,790,0.433352
risk premiums,discovered,1508.749363,551,0.607497
bid pipeline,discovered,1508.735162,776,0.440159
canada china,discovered,1508.672702,487,0.686883
changes trade,discovered,1508.535850,441,0.757732
heightened focus,discovered,1508.212074,774,0.441026
heavily impacted,discovered,1508.093364,1503,0.268921
gas revenues,discovered,1508.019181,711,0.475904
fiber laser,discovered,1507.930187,793,0.431682
businesses remain,discovered,1507.899793,901,0.387527
supply electricity,discovered,1507.727316,370,0.891566
company united,discovered,1507.062987,621,0.540000
minerals business,discovered,1506.707447,596,0.561734
production constraints,discovered,1506.670410,557,0.600216
safety customers,discovered,1505.543339,558,0.598712
customers industrial,discovered,1505.438232,539,0.619540
east far,discovered,1504.800247,418,0.796190
semiconductor chips,discovered,1504.780131,437,0.762653
spot lng,discovered,1504.661271,445,0.749158
china time,discovered,1504.436889,613,0.545859
increase volumes,discovered,1504.281243,2073,0.224254
demand supported,discovered,1503.863872,522,0.638923
cloud hybrid,discovered,1503.507487,494,0.674863
pressure global,discovered,1503.471096,399,0.831250
trade conflict,discovered,1502.915157,330,0.970588
remains highly,discovered,1502.877580,1221,0.307324
american centrifuge,discovered,1502.501590,524,0.635922
focus building,discovered,1502.495469,1983,0.229302
price expectations,discovered,1502.284247,787,0.433132
solution meet,discovered,1502.050332,448,0.742952
job growth,discovered,1502.019056,2213,0.216897
continue position,discovered,1501.947228,1362,0.285475
positive effect,discovered,1501.880404,4926,0.158668
growth defense,discovered,1501.521186,627,0.533163
programs continue,discovered,1501.264519,1467,0.272221
states federal,discovered,1501.168156,482,0.690544
demand outstripping,discovered,1500.440125,405,0.818182
uncertainty associated,discovered,1500.340577,640,0.522449
cloud environment,discovered,1500.265559,818,0.418414
supply area,discovered,1500.167299,402,0.823770
uncertainty marketplace,discovered,1500.049520,616,0.541777
demand recover,discovered,1499.767171,490,0.678670
lack investment,discovered,1499.573734,507,0.655886
responsible way,discovered,1499.551840,804,0.424498
europe largest,discovered,1499.369948,818,0.418200
strong gas,discovered,1499.002659,440,0.754717
pandemic continue,discovered,1498.949128,779,0.436170
midstream downstream,discovered,1498.938218,569,0.584789
focus security,discovered,1498.909151,435,0.763158
risk customers,discovered,1498.890463,760,0.445748
live broadcast,discovered,1498.664858,730,0.462025
prices having,discovered,1497.957763,626,0.532766
customers able,discovered,1497.597272,2299,0.212634
portfolio long,discovered,1497.536113,993,0.356681
trade china,discovered,1497.053545,362,0.902743
rare metals,discovered,1496.948144,380,0.865604
certainly supply,discovered,1496.771221,459,0.722835
increase coal,discovered,1496.713534,543,0.611486
sharp focus,discovered,1496.644307,1026,0.347679
largest natural,discovered,1496.570540,373,0.879717
kind increase,discovered,1496.198519,1311,0.291982
gas customer,discovered,1496.174711,443,0.748311
china lockdown,discovered,1496.069831,416,0.795411
developing innovative,discovered,1495.940471,751,0.449701
products manufactured,discovered,1495.909150,913,0.380893
given gas,discovered,1495.853528,424,0.780847
environment uncertain,discovered,1495.675293,591,0.562322
gas lower,discovered,1495.288454,444,0.746218
company china,discovered,1495.166259,761,0.444250
scale commercial,discovered,1494.545234,642,0.518998
megahertz band,discovered,1493.778311,440,0.752137
lng facility,discovered,1493.671935,573,0.578788
believe world,discovered,1493.419048,730,0.460568
strength resilience,discovered,1493.343133,841,0.407067
rural areas,discovered,1492.287291,1473,0.270523
demand tight,discovered,1492.131528,475,0.696481
transportation services,discovered,1492.067086,868,0.396166
ability successfully,discovered,1491.940264,1025,0.347105
significant technology,discovered,1491.938477,631,0.526711
aerospace business,discovered,1490.855445,1258,0.299453
significant decline,discovered,1490.773893,2538,0.202683
blue hydrogen,discovered,1490.575333,584,0.566990
markets long,discovered,1490.525130,913,0.379784
concerns economic,discovered,1490.130380,368,0.886747
employees work,discovered,1490.105759,1086,0.332110
markets significantly,discovered,1490.102978,694,0.481276
renewables energy,discovered,1490.017254,418,0.788679
states going,discovered,1489.758025,913,0.379626
price electricity,discovered,1489.722887,607,0.545863
transition renewable,discovered,1489.549723,330,0.964912
opec plus,discovered,1489.549723,330,0.964912
continue strengthen,discovered,1489.508040,3121,0.185641
activity customers,discovered,1489.438464,929,0.374295
purchasing patterns,discovered,1489.361685,710,0.471135
various supply,discovered,1489.354274,380,0.861678
east latin,discovered,1488.953426,632,0.524917
pipeline storage,discovered,1488.688315,577,0.572989
market slowdown,discovered,1488.671001,794,0.426423
term infrastructure,discovered,1488.334681,482,0.684659
months supply,discovered,1488.141409,685,0.486506
power technology,discovered,1487.933932,690,0.483193
global crude,discovered,1487.882838,378,0.864989
current volatility,discovered,1487.868712,534,0.618056
multimillion dollar,discovered,1487.527864,1205,0.307948
sort near,discovered,1487.401217,793,0.426573
favorable demand,discovered,1487.293109,633,0.523573
did supply,discovered,1487.172100,431,0.764184
demand potential,discovered,1487.024143,544,0.606466
customers large,discovered,1486.995013,1373,0.282162
security teams,discovered,1486.933380,439,0.750427
brazil mexico,discovered,1486.884879,1233,0.303023
security surveillance,discovered,1486.783477,479,0.688218
production mix,discovered,1486.744039,1027,0.345675
industry energy,discovered,1486.630968,456,0.722662
gas export,discovered,1486.246650,411,0.799611
past decades,discovered,1485.972205,786,0.429508
facing today,discovered,1485.657478,642,0.516077
demand limited,discovered,1484.911953,594,0.555659
downstream demand,discovered,1483.960788,434,0.757417
primary aluminum,discovered,1483.676678,544,0.605117
disruption covid,discovered,1483.342459,513,0.641250
tariff regime,discovered,1482.521127,385,0.848018
kind near,discovered,1482.452018,1021,0.346454
customer data,discovered,1482.309892,1392,0.279126
given increasing,discovered,1482.305418,811,0.417181
ahead continue,discovered,1482.166509,1682,0.249001
term horizon,discovered,1481.953012,1024,0.345596
supply pricing,discovered,1481.876956,452,0.726688
supply able,discovered,1481.831222,466,0.704992
growth sectors,discovered,1481.632934,965,0.361694
supply lng,discovered,1481.569729,331,0.959420
service support,discovered,1480.575709,1608,0.255400
cycle plants,discovered,1480.360440,390,0.836910
environment covid,discovered,1479.914928,566,0.580513
newly formed,discovered,1479.885349,973,0.359041
projects require,discovered,1479.848208,650,0.508210
demand construction,discovered,1479.729733,750,0.445898
dual fuel,discovered,1479.686444,981,0.356727
opportunities support,discovered,1479.433459,817,0.413880
remain highly,discovered,1479.420959,1675,0.249330
growth space,discovered,1479.174354,862,0.395594
chain business,discovered,1479.143163,1021,0.345867
live work,discovered,1478.977173,982,0.356313
demand defense,discovered,1478.418656,416,0.786389
supply service,discovered,1478.418361,443,0.739566
producer customers,discovered,1478.281006,637,0.517465
network connectivity,discovered,1478.048354,585,0.561420
recent geopolitical,discovered,1477.945913,317,0.984472
gas compression,discovered,1477.944064,596,0.551341
home abroad,discovered,1477.931565,552,0.594187
defense strategy,discovered,1477.880378,394,0.827731
coal industry,discovered,1477.730132,565,0.580678
chain solution,discovered,1477.720714,435,0.752595
delivery model,discovered,1477.428486,1357,0.283121
need security,discovered,1477.228674,421,0.776753
missile systems,discovered,1477.188201,491,0.667120
volatile global,discovered,1477.138560,399,0.817623
market despite,discovered,1476.918283,784,0.428181
logistics costs,discovered,1476.890902,1663,0.250113
wafer fab,discovered,1476.783395,1133,0.319966
customers mission,discovered,1476.747731,373,0.869464
strong consumer,discovered,1476.676117,1639,0.252193
offer new,discovered,1476.538937,1262,0.296871
migration cloud,discovered,1476.317428,552,0.593548
utility market,discovered,1475.992729,677,0.488104
suppliers able,discovered,1475.847846,562,0.582988
green low,discovered,1475.553331,336,0.946479
legislative regulatory,discovered,1475.400714,537,0.609535
customers maintain,discovered,1475.167204,639,0.514907
clearly demand,discovered,1475.151647,649,0.507428
aluminum products,discovered,1475.119243,517,0.632803
like cloud,discovered,1474.981480,656,0.502297
memory market,discovered,1474.964826,806,0.417617
growth infrastructure,discovered,1474.809697,855,0.397305
customers starting,discovered,1474.614926,1248,0.298851
government focused,discovered,1474.077757,415,0.785985
increasing oil,discovered,1473.855770,458,0.713396
portfolio innovative,discovered,1473.799526,556,0.588360
security perspective,discovered,1473.643315,354,0.907692
caused supply,discovered,1473.624536,352,0.911917
infrastructure modernization,discovered,1473.577470,396,0.821577
chain capability,discovered,1473.478748,424,0.769510
material science,discovered,1473.458422,790,0.424503
solutions market,discovered,1473.418060,1402,0.276802
production infrastructure,discovered,1473.289307,495,0.660000
emissions reductions,discovered,1473.208779,493,0.662634
water gas,discovered,1473.186037,492,0.663968
term near,discovered,1473.137484,647,0.508248
verticals including,discovered,1472.778819,724,0.458228
necessary infrastructure,discovered,1472.437547,559,0.584728
conflict middle,discovered,1471.909404,314,0.987421
demand vehicles,discovered,1471.819650,433,0.753043
particularly western,discovered,1471.307336,627,0.522936
key european,discovered,1470.639960,705,0.468750
supply terms,discovered,1470.400805,504,0.646983
recent global,discovered,1470.244130,461,0.707055
offshore projects,discovered,1470.015252,692,0.476584
make possible,discovered,1469.985137,1154,0.314785
intelligence agencies,discovered,1469.934907,336,0.943820
clients increasingly,discovered,1469.845623,658,0.499241
technology security,discovered,1469.743148,368,0.876190
prices affected,discovered,1469.197184,487,0.668956
continue partner,discovered,1469.192708,833,0.404762
uncertainty consumer,discovered,1469.181276,423,0.769091
current uncertainty,discovered,1468.595357,617,0.530069
challenges pandemic,discovered,1468.440629,646,0.507463
technology global,discovered,1468.206317,549,0.593514
chain getting,discovered,1467.882465,478,0.680912
security going,discovered,1467.323462,420,0.773481
materials finished,discovered,1467.123422,558,0.583682
export quotas,discovered,1467.089809,307,0.996753
current circumstances,discovered,1467.012276,947,0.364231
represents largest,discovered,1467.009780,891,0.382403
technology ability,discovered,1466.681871,664,0.494048
changing global,discovered,1466.333637,398,0.813906
production remains,discovered,1466.307402,575,0.566502
macro volatility,discovered,1466.138475,501,0.648964
market headwinds,discovered,1466.089049,1044,0.337864
positioned supply,discovered,1465.936105,386,0.837310
homes businesses,discovered,1465.777295,647,0.505864
regional economic,discovered,1465.460198,481,0.675562
gas systems,discovered,1465.329380,507,0.640961
affected production,discovered,1465.156978,488,0.665757
strong tailwinds,discovered,1465.151071,639,0.511609
cost country,discovered,1464.938633,659,0.496983
china able,discovered,1464.879244,573,0.567889
experiencing supply,discovered,1464.814385,346,0.920213
communication services,discovered,1464.789638,829,0.405379
chain improvements,discovered,1464.569611,632,0.516762
risk trade,discovered,1464.347964,351,0.909326
billion investment,discovered,1464.179296,1493,0.265187
european asian,discovered,1463.979971,784,0.424932
thought leadership,discovered,1463.944366,1009,0.346259
energy going,discovered,1463.940578,767,0.433089
higher domestic,discovered,1463.523990,709,0.464309
el paso,discovered,1463.436383,1430,0.272225
fundamentals business,discovered,1463.355821,2029,0.223557
related risk,discovered,1463.185610,642,0.508716
free market,discovered,1462.705477,1211,0.303357
market experienced,discovered,1462.515925,1007,0.346524
network operations,discovered,1462.417207,833,0.403195
midstream infrastructure,discovered,1462.330386,510,0.635910
time replay,discovered,1462.034038,427,0.758437
regarding recent,discovered,1461.890668,778,0.427238
geo political,discovered,1461.887496,340,0.931507
seen global,discovered,1461.781876,549,0.590958
enter long,discovered,1461.716694,529,0.612978
integrated value,discovered,1461.670202,638,0.511218
definitely impact,discovered,1461.642669,1038,0.338552
larger impact,discovered,1461.615468,1002,0.347675
basis differentials,discovered,1461.490059,670,0.488338
project delays,discovered,1461.469354,1266,0.294213
customers customers,discovered,1461.392424,2617,0.198198
semiconductor space,discovered,1461.280495,482,0.672245
question tariff,discovered,1461.236916,388,0.830835
energy wind,discovered,1461.061266,412,0.784762
minimize potential,discovered,1461.053281,518,0.625604
development generation,discovered,1460.768083,850,0.396086
say technology,discovered,1460.494732,633,0.514634
dominican republic,discovered,1460.424566,1161,0.312013
potential downside,discovered,1460.401201,629,0.517695
reliable low,discovered,1460.393009,344,0.922252
step forward,discovered,1459.773652,2853,0.190964
clients remain,discovered,1459.509653,563,0.575665
china tariff,discovered,1459.445782,383,0.839912
closely suppliers,discovered,1459.336741,602,0.539427
materials particularly,discovered,1459.264855,450,0.718850
power price,discovered,1459.261848,1119,0.320080
national gas,discovered,1459.016181,363,0.881068
currently supply,discovered,1458.990349,389,0.827660
seeing raw,discovered,1458.869439,534,0.606129
businesses world,discovered,1458.741418,841,0.399146
east continue,discovered,1458.383050,428,0.754850
europe particularly,discovered,1457.818930,1112,0.321294
term offtake,discovered,1457.353596,377,0.851016
expand global,discovered,1457.318226,1094,0.325015
capabilities help,discovered,1457.191179,903,0.376250
vaccine rollout,discovered,1456.892489,670,0.486919
australia middle,discovered,1456.888133,398,0.808943
mentioned obviously,discovered,1456.480494,1381,0.277421
metals business,discovered,1456.365872,818,0.407980
important new,discovered,1456.110826,2158,0.216276
impact european,discovered,1456.085027,665,0.490052
leverage core,discovered,1455.847527,1006,0.345586
risk don,discovered,1455.684818,691,0.472964
quite clear,discovered,1455.237822,2311,0.209254
using gas,discovered,1455.141332,421,0.765455
risk global,discovered,1455.134240,350,0.906736
political risks,discovered,1455.134240,350,0.906736
key supply,discovered,1454.655722,378,0.847534
high availability,discovered,1454.523081,761,0.433618
need technology,discovered,1454.435695,687,0.475104
international government,discovered,1453.532996,476,0.677098
strong bipartisan,discovered,1453.344453,321,0.966867
clean technology,discovered,1453.225875,444,0.725490
risk uncertainty,discovered,1452.895009,467,0.689808
pronged strategy,discovered,1452.729800,707,0.462394
far supply,discovered,1452.686992,535,0.602477
government federal,discovered,1452.660711,460,0.700152
capacity expansions,discovered,1452.647120,1295,0.288676
market applications,discovered,1452.574153,790,0.419321
highly dynamic,discovered,1451.409924,560,0.575540
natural extension,discovered,1450.728594,906,0.373917
northern europe,discovered,1450.681806,1905,0.229906
american light,discovered,1450.650637,523,0.615294
impact slowdown,discovered,1450.628818,527,0.610660
application technology,discovered,1450.625564,707,0.461790
wi fi,discovered,1450.323013,3308,0.179626
evolving global,discovered,1450.263780,390,0.821053
fuel sources,discovered,1450.104702,387,0.826923
industry global,discovered,1450.062708,548,0.587353
states postal,discovered,1449.506886,367,0.867612
infrastructure enable,discovered,1449.192932,486,0.661224
software engineering,discovered,1449.163144,645,0.501946
flow sheet,discovered,1448.713097,518,0.620359
customers operating,discovered,1448.273613,719,0.454201
concerns related,discovered,1448.100581,449,0.714968
customers prospects,discovered,1447.981842,1334,0.282567
component business,discovered,1447.727567,1852,0.233103
term basis,discovered,1447.672843,3359,0.178471
demand sustainable,discovered,1447.522918,561,0.573034
china steel,discovered,1447.057644,421,0.761302
partially compensated,discovered,1446.511505,944,0.361132
technologies provide,discovered,1446.355342,598,0.538254
energy density,discovered,1446.235639,749,0.437500
currency markets,discovered,1446.147106,588,0.546977
operations china,discovered,1445.975863,825,0.402635
perimeter security,discovered,1445.795489,415,0.771375
continues grow,discovered,1445.645727,9187,0.133937
lithium hydroxide,discovered,1445.549381,628,0.513491
going gas,discovered,1445.083285,564,0.569122
supply imbalance,discovered,1444.664823,388,0.822034
regulatory standards,discovered,1444.587563,505,0.634422
terms government,discovered,1444.540349,726,0.449257
products united,discovered,1444.453109,623,0.517012
reliability supply,discovered,1444.386298,421,0.759928
major technology,discovered,1444.158505,609,0.528187
construction management,discovered,1443.916646,969,0.353392
require new,discovered,1443.890993,779,0.422222
semiconductor related,discovered,1443.872358,519,0.617122
impact long,discovered,1443.666857,1103,0.320919
storage infrastructure,discovered,1443.356479,487,0.657220
environment increasingly,discovered,1443.190634,477,0.670886
particular emphasis,discovered,1443.067215,769,0.426748
medical center,discovered,1443.065565,1420,0.271044
high base,discovered,1442.961392,1512,0.260870
supplier partners,discovered,1442.907410,811,0.407743
weapon systems,discovered,1442.832599,428,0.746946
especially gas,discovered,1442.826913,431,0.741824
question oil,discovered,1442.772943,597,0.537838
consumer environment,discovered,1442.626068,1528,0.259203
oil energy,discovered,1442.554629,457,0.699847
need develop,discovered,1442.443803,1002,0.344212
especially united,discovered,1442.073092,653,0.493949
produce gas,discovered,1441.726379,421,0.758559
times economic,discovered,1441.488415,561,0.570702
related uncertainties,discovered,1441.222632,385,0.826180
delta variant,discovered,1440.851629,1395,0.273798
factors control,discovered,1440.345094,1000,0.344353
need sort,discovered,1440.328785,1219,0.298848
economic performance,discovered,1440.082743,946,0.359286
demand ongoing,discovered,1439.711202,423,0.754011
pricing volatility,discovered,1439.327912,448,0.712242
level government,discovered,1439.199150,511,0.624694
unique platform,discovered,1439.109033,719,0.451633
tariff war,discovered,1439.081496,318,0.966565
production area,discovered,1438.826079,817,0.404255
volumes primarily,discovered,1438.789005,667,0.483333
feedstock supply,discovered,1438.476765,372,0.851259
uncertainty geopolitical,discovered,1438.469754,312,0.978056
worldwide supply,discovered,1438.464801,362,0.872289
new environmental,discovered,1438.448401,536,0.595556
driven ongoing,discovered,1438.321771,1199,0.301939
availability raw,discovered,1438.246430,522,0.611241
market concerns,discovered,1438.224419,508,0.627936
supply strong,discovered,1438.031009,434,0.734349
energy policies,discovered,1437.856106,361,0.874092
space programs,discovered,1437.733550,442,0.721044
benefit favorable,discovered,1437.720401,1016,0.339799
asia latin,discovered,1437.667854,1311,0.284443
europe high,discovered,1437.649294,678,0.475789
including data,discovered,1437.495497,849,0.391244
environment especially,discovered,1437.349356,1025,0.337504
gas midstream,discovered,1437.181590,443,0.719156
today supply,discovered,1437.177904,475,0.670904
knock effects,discovered,1436.960821,530,0.601589
market focused,discovered,1436.599396,1133,0.313764
volumes remain,discovered,1436.514627,974,0.350612
control data,discovered,1436.487790,576,0.554379
supply team,discovered,1436.291569,433,0.735144
edge cloud,discovered,1436.260433,572,0.558049
years global,discovered,1435.872745,584,0.546816
capabilities expertise,discovered,1435.758072,499,0.638107
infrastructure platform,discovered,1435.577400,611,0.523565
mid march,discovered,1435.120828,1947,0.226054
customers advanced,discovered,1435.024501,549,0.580338
supply limited,discovered,1434.897743,495,0.642857
meters gas,discovered,1434.553187,362,0.870192
critical equipment,discovered,1434.316635,444,0.716129
markets future,discovered,1434.005100,728,0.445260
challenges remain,discovered,1433.844354,975,0.349839
production processes,discovered,1433.828396,875,0.380932
technology stack,discovered,1433.669949,1058,0.329082
security critical,discovered,1433.381739,300,0.996678
prices resulting,discovered,1433.297589,560,0.568528
pandemic created,discovered,1433.236314,496,0.640827
amp industry,discovered,1433.072135,826,0.399227
production systems,discovered,1432.907388,817,0.402860
impacted pandemic,discovered,1432.883660,1127,0.314365
creating additional,discovered,1432.810370,885,0.377238
markets particular,discovered,1432.133115,1180,0.304359
development support,discovered,1432.048646,792,0.413361
oem supply,discovered,1431.910352,515,0.616766
say oil,discovered,1431.787371,579,0.549858
quarter book,discovered,1431.681905,1151,0.309575
grid stability,discovered,1431.615433,357,0.879310
national stockpile,discovered,1431.611416,376,0.839286
chain procurement,discovered,1431.456740,469,0.676768
customers secure,discovered,1431.415566,518,0.613018
continues affected,discovered,1431.327575,503,0.631117
increased trade,discovered,1430.654678,547,0.580679
mining metals,discovered,1430.347778,431,0.735495
final investment,discovered,1430.206684,1299,0.285181
necessary steps,discovered,1429.895939,1312,0.283308
demand slowdown,discovered,1429.784258,522,0.607683
continued covid,discovered,1429.706702,518,0.612293
necessary meet,discovered,1429.426051,614,0.519019
impact increased,discovered,1429.116190,1485,0.262182
chain security,discovered,1428.742401,305,0.987055
greater energy,discovered,1428.709959,334,0.927778
higher realized,discovered,1428.368973,1024,0.336179
chain actually,discovered,1428.338805,442,0.716370
resource allocation,discovered,1428.243817,1217,0.297482
europe increased,discovered,1428.071547,1009,0.339845
day crude,discovered,1427.319721,539,0.587786
canadian natural,discovered,1427.212977,544,0.582441
high supply,discovered,1427.084682,474,0.667606
including national,discovered,1426.936103,541,0.585498
create new,discovered,1426.792576,2896,0.188028
lighting solutions,discovered,1426.699726,557,0.568948
maintenance work,discovered,1426.592973,1292,0.285714
challenging given,discovered,1426.233989,612,0.519525
energy requirements,discovered,1426.140796,430,0.735043
production including,discovered,1425.901957,566,0.559842
necessary actions,discovered,1425.731998,869,0.381308
investment oil,discovered,1425.505310,409,0.771698
discussions government,discovered,1425.456864,766,0.423673
growing production,discovered,1425.383768,856,0.385933
sort trade,discovered,1425.271517,469,0.673851
supply pipeline,discovered,1425.235523,439,0.719672
new enterprise,discovered,1425.161330,1237,0.293824
clean hydrogen,discovered,1425.112877,472,0.669504
gas grid,discovered,1424.914372,385,0.817410
remain pressure,discovered,1424.864044,1021,0.336298
provide end,discovered,1424.733921,769,0.422064
highly specialized,discovered,1424.266630,813,0.402475
position key,discovered,1424.117194,1020,0.336412
multiple large,discovered,1423.651159,621,0.511532
human capital,discovered,1423.633309,1999,0.222136
access market,discovered,1423.631839,1288,0.285905
materials increased,discovered,1423.576878,598,0.530142
gas remains,discovered,1423.009109,362,0.863962
china strategy,discovered,1422.940097,547,0.577614
service agreement,discovered,1422.689609,1140,0.310289
regarding tariff,discovered,1422.487222,355,0.878713
financial crime,discovered,1422.472336,626,0.507293
fish meal,discovered,1422.191477,563,0.561316
driven oil,discovered,1421.980573,538,0.586696
gas particularly,discovered,1421.968421,354,0.880597
technologies developed,discovered,1421.805289,535,0.589857
continued macro,discovered,1421.556639,410,0.767790
ore supply,discovered,1421.477039,353,0.882500
transfer manufacturing,discovered,1421.453586,454,0.694190
environment oil,discovered,1421.418813,415,0.758684
largely completed,discovered,1421.366929,1064,0.325681
develop generation,discovered,1421.298568,679,0.470222
amp energy,discovered,1421.211014,728,0.441748
conventional power,discovered,1421.072061,438,0.719212
production increased,discovered,1421.011365,1767,0.236673
opportunities invest,discovered,1420.926067,1543,0.255421
region particularly,discovered,1420.921800,622,0.509836
outpace supply,discovered,1420.846072,421,0.747780
view potential,discovered,1420.647732,998,0.341313
growing pipeline,discovered,1420.515001,1316,0.281558
recovery domestic,discovered,1420.327437,516,0.610651
exposure energy,discovered,1420.170484,507,0.621324
growing position,discovered,1420.170484,507,0.621324
emissions energy,discovered,1419.981835,318,0.957831
efficient energy,discovered,1419.665146,407,0.772296
attracting retaining,discovered,1419.051498,843,0.389376
maybe china,discovered,1418.789736,508,0.619512
lost production,discovered,1418.523823,815,0.400295
agreement supply,discovered,1418.134518,406,0.773333
supply bottlenecks,discovered,1418.008410,339,0.911290
situation expect,discovered,1417.943173,714,0.448492
intelligence customers,discovered,1417.924141,354,0.878412
vehicle manufacturers,discovered,1417.823535,510,0.616687
address increasing,discovered,1417.637090,452,0.695385
continued recovery,discovered,1417.596949,1295,0.284116
enhance supply,discovered,1417.401051,353,0.880299
like ai,discovered,1417.363018,700,0.456323
downstream oil,discovered,1417.362261,453,0.693721
just energy,discovered,1417.216594,792,0.409726
areas critical,discovered,1417.151691,468,0.671449
customers continuing,discovered,1417.046486,1219,0.295587
carbon prices,discovered,1417.031664,447,0.702830
distributed power,discovered,1416.890260,532,0.591111
creating jobs,discovered,1416.789253,417,0.752708
business security,discovered,1416.679826,448,0.701095
energy investments,discovered,1416.302902,633,0.500000
element business,discovered,1415.775079,943,0.355447
air pollution,discovered,1415.749342,648,0.489057
upcoming election,discovered,1415.702739,408,0.768362
market continued,discovered,1415.212820,1879,0.228589
particularly gas,discovered,1415.165183,467,0.671942
continue 2023,discovered,1415.159943,715,0.447154
contract win,discovered,1414.623471,748,0.429638
unconventional oil,discovered,1414.268356,369,0.844394
uncertainty overall,discovered,1413.926684,412,0.760148
working government,discovered,1413.192139,816,0.398632
hard coking,discovered,1413.104650,575,0.546578
demand improve,discovered,1413.042970,665,0.476703
brazil china,discovered,1412.856220,868,0.378874
2023 2024,discovered,1412.796558,1877,0.228512
heightened level,discovered,1412.677081,679,0.467631
russia war,discovered,1412.582910,305,0.980707
demand security,discovered,1412.535985,416,0.752260
development oil,discovered,1412.059253,433,0.722871
economic market,discovered,1411.999006,788,0.410203
taking risk,discovered,1411.785428,1160,0.304942
remain attractive,discovered,1411.754095,885,0.372789
liberation day,discovered,1411.629207,539,0.581446
materials market,discovered,1411.420733,515,0.608028
growth automotive,discovered,1411.308311,1013,0.335875
supply end,discovered,1411.152189,518,0.604434
overall risk,discovered,1410.886635,1029,0.331935
monitoring potential,discovered,1410.780051,403,0.775000
security architecture,discovered,1410.551517,355,0.872236
growth lng,discovered,1410.452329,381,0.817597
efforts reduce,discovered,1410.323760,1562,0.252506
current industry,discovered,1410.271003,946,0.353513
positively impact,discovered,1409.929341,1937,0.224606
leading independent,discovered,1409.655839,660,0.478955
development high,discovered,1409.469051,752,0.426304
strengthening global,discovered,1409.316478,476,0.656552
commercial nuclear,discovered,1409.266463,402,0.776062
customers asia,discovered,1409.245661,740,0.432243
china production,discovered,1409.227217,577,0.543315
essential businesses,discovered,1409.133422,409,0.763060
market providing,discovered,1409.037386,804,0.402604
wind projects,discovered,1409.020274,1065,0.323413
application delivery,discovered,1408.898143,583,0.537823
situation especially,discovered,1408.898143,583,0.537823
industrial development,discovered,1408.342267,688,0.460817
lot press,discovered,1408.228092,947,0.352832
prices world,discovered,1408.141380,421,0.741197
reduced carbon,discovered,1407.886922,432,0.722408
water scarcity,discovered,1407.884454,376,0.826374
government taking,discovered,1407.873260,545,0.573684
increasing inflation,discovered,1407.781804,458,0.681548
environment low,discovered,1407.193594,719,0.442734
electricity business,discovered,1407.096206,526,0.593679
china driven,discovered,1407.068603,471,0.662447
systems infrastructure,discovered,1406.815606,780,0.412480
period supply,discovered,1406.764105,375,0.827815
fundamentals industry,discovered,1406.737004,541,0.577375
china moving,discovered,1406.555528,453,0.688450
power applications,discovered,1406.480234,627,0.501199
face ongoing,discovered,1406.350173,454,0.686838
especially supply,discovered,1406.222693,440,0.708535
defense contractor,discovered,1406.155913,497,0.627525
need increase,discovered,1405.752434,1906,0.226124
date live,discovered,1405.690260,415,0.750452
trading business,discovered,1405.544737,1569,0.251362
term factors,discovered,1405.484643,526,0.593010
equipment used,discovered,1405.135013,776,0.413867
kong business,discovered,1405.032573,467,0.667143
continuity operations,discovered,1404.989121,413,0.753650
difficult situation,discovered,1404.733718,1398,0.269157
structural changes,discovered,1404.672603,2537,0.197463
lower economic,discovered,1404.572483,557,0.560362
uncertainty near,discovered,1404.182953,386,0.804167
disruptions continue,discovered,1404.182953,386,0.804167
regulatory change,discovered,1403.994356,1130,0.309335
weather current,discovered,1403.762925,685,0.461279
markets developing,discovered,1403.596973,740,0.430733
including things,discovered,1403.340860,778,0.412513
video solutions,discovered,1403.334562,545,0.571878
infrastructure management,discovered,1403.308696,742,0.429647
countries need,discovered,1403.140002,463,0.671988
100 renewable,discovered,1402.868731,636,0.493406
security spending,discovered,1402.661444,324,0.936416
operations united,discovered,1402.590084,497,0.625945
security need,discovered,1402.489852,313,0.960123
market given,discovered,1402.282162,1727,0.237912
outlook industry,discovered,1402.200588,828,0.391304
challenges face,discovered,1402.185235,1480,0.259740
coast australia,discovered,1402.157822,401,0.774131
states countries,discovered,1401.398996,459,0.676991
telecom operators,discovered,1401.109025,732,0.434164
new energies,discovered,1401.010533,449,0.691834
scott rodino,discovered,1400.990278,577,0.540262
development future,discovered,1400.511030,841,0.385957
increasingly looking,discovered,1400.479172,750,0.424929
focus high,discovered,1400.448366,1710,0.239027
end demand,discovered,1400.385346,1342,0.275565
believe enable,discovered,1400.057320,830,0.390038
solutions designed,discovered,1400.057185,591,0.527679
air cargo,discovered,1399.723954,841,0.385780
aviation business,discovered,1399.557627,800,0.402010
electricity sector,discovered,1399.544797,457,0.679049
manufacturing organization,discovered,1399.537228,558,0.557443
potential global,discovered,1399.521965,537,0.578664
impact omicron,discovered,1399.520692,546,0.569343
used power,discovered,1399.171948,461,0.672993
trade situation,discovered,1399.134152,389,0.795501
available supply,discovered,1399.094213,615,0.507845
like national,discovered,1398.534262,564,0.551320
solid oxide,discovered,1398.270550,512,0.605917
industry north,discovered,1398.257088,530,0.585635
agencies including,discovered,1398.211526,452,0.685888
provide excellent,discovered,1398.142983,905,0.363454
mainly europe,discovered,1397.968105,853,0.380974
consumption energy,discovered,1397.942465,433,0.715702
improved demand,discovered,1397.902283,1162,0.302525
supply strategy,discovered,1397.743232,381,0.810638
levels remain,discovered,1397.466472,1490,0.258187
prospective customers,discovered,1397.399092,1369,0.271789
obviously trade,discovered,1397.196951,413,0.749546
pandemic caused,discovered,1397.029769,467,0.663352
security reasons,discovered,1396.862079,344,0.888889
supply like,discovered,1396.639192,431,0.718333
chain ensure,discovered,1396.608174,357,0.860241
products impacted,discovered,1396.425322,616,0.506163
oil processing,discovered,1396.048280,424,0.729776
structural shift,discovered,1395.998257,895,0.366203
supply trading,discovered,1395.815953,404,0.765152
project currently,discovered,1395.713137,814,0.395338
components supply,discovered,1395.688859,421,0.734729
local community,discovered,1395.631084,1097,0.314507
resilient despite,discovered,1395.238917,542,0.571730
new suppliers,discovered,1395.126040,796,0.402630
global equity,discovered,1394.836964,1059,0.322374
value high,discovered,1394.777653,1032,0.328453
provide low,discovered,1394.505549,534,0.579805
differentiated high,discovered,1394.144284,451,0.685410
supply given,discovered,1394.098181,383,0.804622
emergency services,discovered,1393.950819,567,0.546770
electric hybrid,discovered,1393.950819,567,0.546770
commercial defense,discovered,1393.710946,525,0.589226
industry especially,discovered,1393.454567,866,0.375379
services new,discovered,1393.277684,1476,0.259175
summer winter,discovered,1393.175044,614,0.506601
softer market,discovered,1393.147404,939,0.352213
regarding economic,discovered,1393.073494,393,0.784431
environment inflation,discovered,1392.302394,478,0.645946
gas transport,discovered,1392.081710,379,0.811563
reliability security,discovered,1392.015537,398,0.774319
gas increased,discovered,1391.970360,436,0.707792
sharp rise,discovered,1391.645437,732,0.431604
business economic,discovered,1391.580325,777,0.410026
supply expect,discovered,1391.470293,472,0.653740
driven innovation,discovered,1391.336538,802,0.399204
sector private,discovered,1391.281717,470,0.656425
additional energy,discovered,1390.814959,439,0.702400
saving money,discovered,1390.680524,843,0.383008
construction infrastructure,discovered,1390.632633,604,0.513605
100 barrel,discovered,1390.537026,687,0.456175
data systems,discovered,1390.074182,730,0.432208
customer industries,discovered,1389.877221,496,0.621554
general supply,discovered,1389.711438,382,0.804211
issues new,discovered,1389.569540,653,0.477339
analytics capabilities,discovered,1389.486727,849,0.380547
markets affected,discovered,1389.453509,621,0.500000
levels customers,discovered,1389.101555,1027,0.328640
liquid natural,discovered,1389.026706,361,0.847418
cubic meter,discovered,1388.934913,1078,0.317339
enhance reliability,discovered,1388.837227,388,0.791837
china lower,discovered,1388.782982,577,0.535747
climate risk,discovered,1388.761133,446,0.690402
connectivity services,discovered,1388.396668,603,0.513629
growth critical,discovered,1387.774346,523,0.588964
opportunities emerge,discovered,1387.764399,819,0.391491
secretary defense,discovered,1387.317346,341,0.890339
security team,discovered,1387.313955,389,0.789047
market certain,discovered,1387.224901,853,0.378606
potential increased,discovered,1386.236591,717,0.437996
transition cleaner,discovered,1386.002006,347,0.876263
recovery volumes,discovered,1385.960619,677,0.460858
public security,discovered,1385.836241,390,0.786290
experiencing increased,discovered,1385.774860,537,0.573106
provide technical,discovered,1385.696994,451,0.681269
infrastructure spend,discovered,1385.210844,803,0.397328
global landscape,discovered,1385.184235,376,0.813853
crude rail,discovered,1385.138806,743,0.424329
nitrogen fertilizer,discovered,1385.127477,466,0.659123
production order,discovered,1385.125587,766,0.413384
remains subdued,discovered,1384.937047,554,0.555667
term disruptions,discovered,1384.917142,444,0.691589
energy contracts,discovered,1384.784522,566,0.544231
opportunities coming,discovered,1384.704085,1831,0.229075
digital twin,discovered,1384.646539,739,0.426182
growing oil,discovered,1384.482546,387,0.791411
distribution grid,discovered,1384.482546,387,0.791411
limited new,discovered,1384.259952,806,0.395874
able offer,discovered,1384.227722,2702,0.191062
gas network,discovered,1384.092280,400,0.766284
rapidly developing,discovered,1384.063754,551,0.558257
environment related,discovered,1383.582751,481,0.637931
conditions impacted,discovered,1383.533252,493,0.622475
increased cost,discovered,1383.454178,2548,0.195804
wireless communications,discovered,1383.438191,580,0.531136
largest solar,discovered,1383.317235,435,0.705024
view oil,discovered,1383.164213,394,0.777120
opportunities middle,discovered,1382.842604,491,0.624682
near capacity,discovered,1382.829324,808,0.394724
volatility supply,discovered,1382.726457,358,0.850356
demand slowing,discovered,1382.348194,475,0.645380
products global,discovered,1382.113936,763,0.413999
power renewable,discovered,1382.019236,376,0.812095
looking oil,discovered,1381.741259,481,0.637086
remain healthy,discovered,1381.716359,1554,0.250282
driven gas,discovered,1381.664261,393,0.778218
seeing global,discovered,1381.660410,605,0.509688
broad economic,discovered,1381.639001,424,0.722317
converged infrastructure,discovered,1381.340873,429,0.713810
supply parts,discovered,1381.333760,417,0.734155
growing regions,discovered,1381.289984,729,0.430342
support key,discovered,1380.935202,910,0.358409
world looking,discovered,1380.902707,704,0.443604
announced tariffs,discovered,1380.774663,375,0.813449
service capabilities,discovered,1380.370928,1437,0.261892
shift supply,discovered,1380.116277,369,0.825503
countries european,discovered,1379.776100,404,0.756554
response customer,discovered,1379.502391,647,0.478197
gene therapies,discovered,1379.224757,734,0.427241
economies continue,discovered,1378.625864,489,0.625320
chinese authorities,discovered,1378.625864,489,0.625320
market tailwinds,discovered,1378.435801,512,0.597433
war fighter,discovered,1378.322589,378,0.805970
times supply,discovered,1378.233292,398,0.766859
large quantities,discovered,1378.013131,741,0.423429
support transition,discovered,1377.856693,671,0.462121
growth supported,discovered,1377.782521,1662,0.240625
china affected,discovered,1377.476150,346,0.873737
economic cycle,discovered,1377.013159,1694,0.238055
companies government,discovered,1376.994461,441,0.692308
costs continued,discovered,1376.691794,1234,0.287646
inventory buildup,discovered,1376.360407,1289,0.279610
having major,discovered,1376.316656,709,0.439554
service supply,discovered,1376.265867,514,0.594220
materials coming,discovered,1376.198708,564,0.542830
chain systems,discovered,1376.168327,405,0.752788
demand profile,discovered,1376.082985,960,0.343102
customers worldwide,discovered,1375.818813,965,0.341714
energy initiatives,discovered,1375.754589,418,0.729494
credit surety,discovered,1375.629429,438,0.696343
believe strategic,discovered,1375.554601,1045,0.322233
impact profitability,discovered,1375.263464,1887,0.224750
measures protect,discovered,1375.214634,528,0.578313
mission driven,discovered,1375.169737,494,0.617500
products subject,discovered,1375.113724,409,0.744991
remains challenge,discovered,1375.099548,715,0.435976
needs clients,discovered,1374.869854,1079,0.314853
addition continued,discovered,1374.856362,1204,0.292091
chain interruptions,discovered,1374.524829,318,0.935294
demand right,discovered,1374.472266,1200,0.292683
ensure continued,discovered,1374.458670,821,0.387630
supply existing,discovered,1374.396823,413,0.737500
coming europe,discovered,1374.201102,1205,0.291838
china major,discovered,1374.154331,568,0.538389
gas margins,discovered,1374.131722,620,0.495604
space station,discovered,1374.004281,430,0.708402
embedded software,discovered,1373.648146,608,0.504564
steady performance,discovered,1373.458064,1013,0.329217
level energy,discovered,1372.975038,522,0.583893
center excellence,discovered,1372.897872,1391,0.266220
gas just,discovered,1372.895617,636,0.483650
supply components,discovered,1372.882373,482,0.631717
section 301,discovered,1372.847021,355,0.851319
recent decline,discovered,1372.744828,663,0.465590
monitor potential,discovered,1372.376252,396,0.767442
served markets,discovered,1372.060945,853,0.375275
increase imports,discovered,1372.056993,470,0.647383
europe believe,discovered,1371.864826,695,0.446085
value supply,discovered,1371.731533,430,0.707237
war situation,discovered,1371.666770,328,0.911111
solar module,discovered,1371.658336,621,0.494033
increasing activity,discovered,1371.328457,848,0.376889
china local,discovered,1371.326287,501,0.607273
moving energy,discovered,1371.141752,462,0.658120
ammonia prices,discovered,1371.007099,549,0.555106
trade payables,discovered,1370.995503,1344,0.271680
reliability service,discovered,1370.919502,418,0.726957
supply needed,discovered,1370.714261,341,0.881137
customers products,discovered,1370.515536,1639,0.241776
need increased,discovered,1370.509131,595,0.513817
ammonia production,discovered,1370.475411,523,0.581758
applications data,discovered,1370.463955,583,0.523810
transmission line,discovered,1370.338194,1099,0.310102
customers reducing,discovered,1370.199517,692,0.447317
decarbonization energy,discovered,1370.031527,289,0.993127
vaca muerta,discovered,1369.254068,737,0.423077
prices pressure,discovered,1369.240087,600,0.509338
strategic growth,discovered,1369.172811,3390,0.174257
capabilities cloud,discovered,1369.130608,421,0.720890
result current,discovered,1368.667640,947,0.345242
gas high,discovered,1368.527222,397,0.763462
electronics automotive,discovered,1368.373304,441,0.687988
vehicle platforms,discovered,1368.345601,566,0.538023
ensure reliability,discovered,1368.272761,370,0.816777
seeing significant,discovered,1368.005328,3317,0.175586
lot news,discovered,1367.836674,944,0.345914
uncertainty demand,discovered,1367.436499,398,0.760994
high inventories,discovered,1367.340091,688,0.448793
continuing demand,discovered,1367.243729,636,0.481818
demand manufacturing,discovered,1367.128684,450,0.673653
volatility driven,discovered,1367.029662,385,0.785714
russian market,discovered,1366.617787,1148,0.300366
cost efficient,discovered,1366.468196,2160,0.209709
look macro,discovered,1366.054835,853,0.373959
match supply,discovered,1365.819676,476,0.636364
defense government,discovered,1365.712191,388,0.779116
provide enhanced,discovered,1365.692043,742,0.419683
collaboration customers,discovered,1365.275686,576,0.527956
customers affected,discovered,1365.266587,587,0.518551
price decrease,discovered,1365.160228,1145,0.300683
production energy,discovered,1365.068705,403,0.750466
major industry,discovered,1364.979893,640,0.478326
federal customers,discovered,1364.959538,416,0.727273
obviously major,discovered,1364.878300,938,0.347022
european production,discovered,1364.548101,622,0.490923
demand visibility,discovered,1364.510256,470,0.643836
set challenges,discovered,1364.502710,578,0.525933
provide real,discovered,1364.488474,898,0.358769
increased economic,discovered,1364.459874,513,0.590334
solutions reduce,discovered,1364.245884,477,0.634309
contract wins,discovered,1364.172895,1882,0.224128
especially high,discovered,1364.166952,1168,0.296522
achieve carbon,discovered,1364.117423,407,0.742701
80 barrel,discovered,1364.053048,647,0.473299
priority area,discovered,1363.844825,414,0.730159
commodity market,discovered,1363.150344,896,0.359118
conditions subject,discovered,1363.071656,436,0.693164
costs inflation,discovered,1363.032209,769,0.406448
government taken,discovered,1362.429396,483,0.625648
continuing economic,discovered,1361.786785,481,0.627937
played critical,discovered,1361.612812,427,0.706954
conditions impact,discovered,1361.530232,596,0.509837
industry united,discovered,1361.158600,435,0.693780
heavy sour,discovered,1360.936225,454,0.664714
advanced services,discovered,1360.852023,797,0.393969
tanker rates,discovered,1360.834997,613,0.496356
software products,discovered,1360.824392,1366,0.267738
following key,discovered,1360.712214,867,0.367997
headwinds china,discovered,1360.664138,369,0.814570
semi finished,discovered,1360.585332,590,0.514385
demand world,discovered,1360.541749,658,0.465018
customer contracts,discovered,1360.337213,1579,0.245835
oil consumption,discovered,1359.890960,406,0.742230
software applications,discovered,1359.796366,831,0.380495
terms infrastructure,discovered,1359.778295,892,0.359677
focus sustainability,discovered,1359.764701,705,0.437074
chain seeing,discovered,1359.652446,413,0.729682
lower consumption,discovered,1359.452224,641,0.475872
rates continued,discovered,1359.366578,1091,0.309943
optimizing supply,discovered,1359.289670,493,0.611663
technology particularly,discovered,1359.260973,552,0.547619
supply mix,discovered,1359.033219,375,0.801282
delays supply,discovered,1358.776883,423,0.712121
asian demand,discovered,1358.445282,419,0.718696
development opportunities,discovered,1358.333403,2355,0.201041
europe given,discovered,1358.314128,657,0.464968
shortage issues,discovered,1358.295247,330,0.899183
demonstrate resilience,discovered,1358.289138,633,0.481003
solutions markets,discovered,1358.187856,498,0.605103
smart meter,discovered,1358.125198,798,0.392910
sector demand,discovered,1358.004066,518,0.582022
ore trade,discovered,1357.860319,323,0.915014
mineral sands,discovered,1357.834031,464,0.648951
gas growth,discovered,1357.446474,461,0.652975
traditional oil,discovered,1357.283758,395,0.761079
fully support,discovered,1357.085022,811,0.387482
generation markets,discovered,1357.032805,456,0.659913
decline raw,discovered,1356.952732,454,0.662774
electrical power,discovered,1356.880673,698,0.440101
services large,discovered,1356.825693,694,0.442320
budget environment,discovered,1356.819072,508,0.592765
talking energy,discovered,1356.583367,407,0.738657
companies supply,discovered,1356.425797,475,0.633333
tightening monetary,discovered,1356.390151,313,0.937126
environment marked,discovered,1356.252814,368,0.814159
access global,discovered,1355.821301,517,0.582207
markets key,discovered,1355.596342,833,0.378809
recent awards,discovered,1355.487631,559,0.539575
essential products,discovered,1355.407887,549,0.549000
war russia,discovered,1355.374813,299,0.967638
gas discoveries,discovered,1355.360619,342,0.870229
critical software,discovered,1355.205316,334,0.888298
changes energy,discovered,1355.072222,372,0.805195
volumes increased,discovered,1354.951131,2596,0.192553
positive macro,discovered,1354.646740,494,0.608374
consumer goods,discovered,1354.341333,1902,0.222118
textile industry,discovered,1354.265345,517,0.581552
health systems,discovered,1354.129165,1966,0.218469
risk economic,discovered,1354.114826,340,0.874036
markets likely,discovered,1354.070094,591,0.511246
large volumes,discovered,1354.068861,986,0.332322
gas line,discovered,1354.033051,464,0.647141
energy bills,discovered,1353.963159,404,0.742647
design manufacture,discovered,1353.712655,598,0.505495
sustainability energy,discovered,1353.505400,320,0.919540
term contracting,discovered,1353.268102,458,0.655222
volatility continue,discovered,1353.204691,570,0.528757
energy segment,discovered,1353.150934,1502,0.252183
confidence customers,discovered,1352.909169,783,0.397866
technologies services,discovered,1352.907425,596,0.506803
attack surface,discovered,1352.793441,421,0.712352
building inventory,discovered,1352.643215,1660,0.238369
expect oil,discovered,1352.595785,653,0.465763
european automotive,discovered,1352.594519,554,0.543137
project south,discovered,1352.081947,516,0.581736
unique industry,discovered,1351.614397,863,0.367390
require high,discovered,1351.575906,631,0.480213
compliance risk,discovered,1351.546172,556,0.540856
semiconductor materials,discovered,1351.339713,442,0.677914
china automotive,discovered,1351.065412,432,0.693419
remain supportive,discovered,1350.971748,547,0.549197
impact reduced,discovered,1350.959524,1025,0.322530
supply actually,discovered,1350.910747,450,0.665680
control energy,discovered,1350.883552,408,0.733813
local market,discovered,1350.667835,2943,0.182806
semiconductor content,discovered,1350.630815,412,0.726631
costs especially,discovered,1350.521203,956,0.339368
design activity,discovered,1350.049408,1287,0.276477
storage transportation,discovered,1349.837776,507,0.590909
water utilities,discovered,1349.657950,569,0.528319
production result,discovered,1349.510992,601,0.501669
needs growing,discovered,1349.108702,561,0.535305
business brazil,discovered,1349.093044,1036,0.319753
gas capacity,discovered,1348.956957,452,0.661786
supply oil,discovered,1348.851397,319,0.919308
government make,discovered,1348.716737,535,0.560209
real issue,discovered,1348.696266,1298,0.274825
prime contractors,discovered,1348.682038,502,0.596200
challenges seeing,discovered,1348.396704,679,0.448481
indonesia malaysia,discovered,1348.173891,524,0.571429
demand projected,discovered,1348.125109,355,0.837264
construction operation,discovered,1347.856254,550,0.545094
support existing,discovered,1347.727005,1011,0.325185
infrastructure protection,discovered,1347.721013,293,0.976667
customers rapidly,discovered,1347.389960,475,0.629139
wireless carrier,discovered,1347.379348,662,0.458449
shut production,discovered,1347.216852,637,0.474665
like steel,discovered,1347.110755,632,0.478064
gas obviously,discovered,1346.976345,431,0.692926
load growth,discovered,1346.940459,1170,0.293675
rise oil,discovered,1346.810071,357,0.832168
gas purchases,discovered,1346.778247,379,0.786307
additional security,discovered,1346.248636,471,0.633917
products expected,discovered,1346.232627,974,0.333905
social environmental,discovered,1346.194771,661,0.458709
continue volatile,discovered,1345.914323,584,0.514085
gas industrial,discovered,1345.732484,437,0.682813
country economic,discovered,1345.620984,384,0.775758
taking steps,discovered,1345.488726,2321,0.201493
earth elements,discovered,1345.342245,279,1.000000
customers cost,discovered,1345.339429,883,0.359528
prices fall,discovered,1345.271441,885,0.358881
primarily supply,discovered,1345.138926,454,0.657019
outside europe,discovered,1345.018266,1475,0.253960
diverse end,discovered,1344.895183,501,0.595719
american based,discovered,1344.608107,514,0.580791
ahead remainder,discovered,1344.266527,713,0.428486
scale solar,discovered,1344.230939,668,0.453804
recent supply,discovered,1344.197900,318,0.919075
lower realized,discovered,1344.180237,877,0.361203
energy economy,discovered,1343.861617,322,0.909605
focused mission,discovered,1343.828519,499,0.597605
plants united,discovered,1343.482301,360,0.823799
data governance,discovered,1343.042179,452,0.658892
face increasing,discovered,1343.042179,452,0.658892
development china,discovered,1342.942822,745,0.412286
various industries,discovered,1342.924277,747,0.411344
seeing china,discovered,1342.273287,862,0.365719
challenges ve,discovered,1342.269842,1417,0.259714
diesel gasoline,discovered,1342.162105,602,0.498344
energy utilities,discovered,1342.018770,614,0.489243
especially areas,discovered,1341.644458,830,0.376759
party gas,discovered,1341.527936,427,0.696574
medical equipment,discovered,1341.416951,1030,0.319776
investments renewable,discovered,1341.280791,398,0.746717
countries looking,discovered,1341.146548,497,0.598795
recovery economic,discovered,1341.100379,441,0.674312
improvements supply,discovered,1340.877462,696,0.436637
pricing policy,discovered,1340.862214,1069,0.311389
safety quality,discovered,1340.734480,875,0.361123
pipeline expansion,discovered,1340.605423,761,0.404357
gas position,discovered,1340.372957,386,0.768924
incremental gas,discovered,1340.232327,354,0.834906
president elect,discovered,1339.562317,376,0.788260
signs economic,discovered,1339.319236,556,0.536162
recovery chinese,discovered,1339.292007,335,0.876963
outlook near,discovered,1339.290206,559,0.533397
advanced ai,discovered,1339.204877,569,0.524424
delivery platform,discovered,1338.964975,906,0.351163
east eastern,discovered,1338.940960,443,0.670197
data loss,discovered,1338.717176,412,0.720280
consumer discretionary,discovered,1338.582664,730,0.418338
market infrastructure,discovered,1338.413056,636,0.472511
particularly natural,discovered,1338.272244,373,0.793617
technology people,discovered,1338.234383,979,0.331191
include potential,discovered,1338.211145,1080,0.308748
production delays,discovered,1337.882473,520,0.571429
gas vehicles,discovered,1337.790802,348,0.846715
critical success,discovered,1337.753666,1232,0.282634
environment business,discovered,1337.459608,1127,0.299734
high capacity,discovered,1337.320288,1604,0.241384
ultra high,discovered,1337.288751,1356,0.266091
global outlook,discovered,1337.277083,384,0.771084
infrastructure requirements,discovered,1337.196673,394,0.751908
trying mitigate,discovered,1337.036580,590,0.506003
efficiency sustainability,discovered,1337.001761,441,0.672256
overall semiconductor,discovered,1336.695026,475,0.624179
help build,discovered,1336.546851,1735,0.231302
sensitive data,discovered,1336.262944,500,0.593120
needs future,discovered,1336.029293,619,0.483594
steps mitigate,discovered,1335.991969,579,0.514667
terms economic,discovered,1335.866567,971,0.332762
time data,discovered,1335.820637,1366,0.264729
growth remain,discovered,1335.732283,1316,0.270838
needs energy,discovered,1335.507334,326,0.895604
web services,discovered,1335.498362,1090,0.306352
policy initiatives,discovered,1335.357881,399,0.741636
supply reliability,discovered,1335.255559,325,0.897790
view gas,discovered,1335.094889,345,0.851852
related events,discovered,1334.872940,825,0.377057
focus domestic,discovered,1334.842863,532,0.557652
chain inflationary,discovered,1334.615545,358,0.822989
second order,discovered,1334.552687,915,0.347644
uk based,discovered,1334.270632,739,0.412849
tariffs continue,discovered,1334.138220,370,0.797414
predict impact,discovered,1334.100636,550,0.539745
increases customers,discovered,1333.865340,1072,0.309648
positioned continue,discovered,1333.791887,2665,0.189235
large north,discovered,1333.517488,554,0.535783
commercial sectors,discovered,1333.396970,506,0.584971
data service,discovered,1333.197447,965,0.333795
local federal,discovered,1332.702578,388,0.760784
technology software,discovered,1332.634741,619,0.482463
uncertainty increased,discovered,1332.380752,346,0.848039
upstream gas,discovered,1332.336124,364,0.808889
like united,discovered,1332.279813,696,0.434186
customers innovative,discovered,1332.124132,516,0.573333
late 2020,discovered,1332.072520,900,0.351562
infrastructure really,discovered,1331.966200,656,0.457462
related power,discovered,1331.949203,564,0.526119
successful completion,discovered,1331.879643,1523,0.247924
platform provides,discovered,1331.867386,1051,0.313638
prices experienced,discovered,1331.867191,511,0.578709
ensure reliable,discovered,1331.734102,361,0.814898
lube base,discovered,1331.734102,361,0.814898
optimistic outlook,discovered,1331.349486,1229,0.282204
metals minerals,discovered,1330.614191,504,0.586047
systems data,discovered,1330.349632,528,0.559915
say trade,discovered,1330.342750,406,0.726297
gas region,discovered,1329.966576,319,0.908832
tariffs steel,discovered,1329.797782,295,0.964052
caused customers,discovered,1329.655105,432,0.682464
work support,discovered,1329.376768,817,0.378767
spending remains,discovered,1329.374155,592,0.501695
demand area,discovered,1329.374155,592,0.501695
ensure customers,discovered,1329.286441,916,0.346314
hart scott,discovered,1329.204867,593,0.500845
region continues,discovered,1329.022170,743,0.409592
consumers businesses,discovered,1328.997010,709,0.426338
continue engage,discovered,1328.740502,1271,0.275885
enabled solutions,discovered,1328.663244,550,0.537634
prices decline,discovered,1328.350238,799,0.385432
meet energy,discovered,1328.140029,329,0.884409
infrastructure critical,discovered,1328.140029,329,0.884409
generation mix,discovered,1327.937209,546,0.541130
critical operations,discovered,1327.776385,393,0.748571
coming oil,discovered,1327.700581,490,0.601227
diversifying supply,discovered,1327.663303,308,0.933333
market area,discovered,1327.427144,1443,0.255263
oil costs,discovered,1326.707838,488,0.603214
provider enterprise,discovered,1326.487496,484,0.608040
local economic,discovered,1325.929896,429,0.685304
economic policies,discovered,1325.617017,332,0.875989
pipeline construction,discovered,1325.547898,737,0.411502
accelerated demand,discovered,1325.433029,495,0.594238
believe macro,discovered,1325.405726,461,0.637621
state global,discovered,1325.401905,368,0.796537
producer world,discovered,1325.353283,450,0.653120
component suppliers,discovered,1325.253345,561,0.526266
lower tariff,discovered,1325.218988,434,0.677067
gives unique,discovered,1325.168359,681,0.440492
industry sector,discovered,1324.979275,844,0.368077
term macroeconomic,discovered,1324.830841,363,0.806667
result pandemic,discovered,1324.209855,907,0.347909
services demand,discovered,1324.120260,595,0.497492
investment climate,discovered,1323.400131,505,0.581797
activity united,discovered,1323.369736,410,0.715532
ability offer,discovered,1323.327730,1242,0.279227
energy transmission,discovered,1323.326297,460,0.638003
far seen,discovered,1323.312718,1112,0.300297
supply quality,discovered,1323.236110,422,0.695222
local sourcing,discovered,1323.212181,448,0.654971
market government,discovered,1322.952073,535,0.549846
inflation increased,discovered,1322.922228,651,0.457806
significant risk,discovered,1322.506031,938,0.338873
serve important,discovered,1322.358864,536,0.548618
need manage,discovered,1322.100274,1183,0.287975
market higher,discovered,1322.082626,1323,0.268248
capacity produce,discovered,1321.993459,786,0.389109
high powered,discovered,1321.973982,663,0.450102
provide gas,discovered,1321.937330,296,0.957929
rig activity,discovered,1321.755463,892,0.351874
ability service,discovered,1321.724836,1014,0.319975
range products,discovered,1321.724195,2224,0.203756
continue offer,discovered,1321.287023,1502,0.248758
systems technology,discovered,1321.245735,694,0.432130
southern european,discovered,1321.015311,680,0.439845
demand reduction,discovered,1320.560415,492,0.595642
people worried,discovered,1320.319426,691,0.433501
energy investment,discovered,1320.258772,485,0.603985
japan united,discovered,1320.258772,485,0.603985
remain relatively,discovered,1319.830877,2389,0.197275
restrictions continue,discovered,1319.746786,428,0.683706
overall uncertainty,discovered,1319.442467,368,0.793103
security think,discovered,1319.425644,397,0.736549
demand terms,discovered,1319.306873,805,0.380975
expanding business,discovered,1319.061092,1419,0.256833
amid ongoing,discovered,1319.033099,334,0.867532
demand countries,discovered,1318.734694,410,0.713043
including cloud,discovered,1318.552525,497,0.588863
despite uncertainties,discovered,1318.517294,533,0.550052
electricity grid,discovered,1318.387047,468,0.624833
look increase,discovered,1318.329149,1248,0.277704
gap supply,discovered,1317.992667,342,0.848635
market experiencing,discovered,1317.950736,663,0.448883
products needed,discovered,1317.895133,515,0.568433
concerns inflation,discovered,1317.757845,324,0.890110
stakeholders including,discovered,1317.634251,874,0.356589
able process,discovered,1317.474109,724,0.415614
shale production,discovered,1317.416310,448,0.652111
suppliers ensure,discovered,1317.301650,400,0.729927
investment customers,discovered,1317.282149,605,0.487510
growth countries,discovered,1317.151316,947,0.335459
opportunity near,discovered,1316.501046,600,0.490998
proprietary technologies,discovered,1316.345285,630,0.469449
international airport,discovered,1316.257903,888,0.351962
value potential,discovered,1316.256184,844,0.366161
risk just,discovered,1316.226713,805,0.380255
help offset,discovered,1316.030671,2410,0.196286
overall security,discovered,1315.953845,389,0.749518
drinking water,discovered,1315.893429,947,0.335221
continue positioned,discovered,1315.840036,776,0.391721
multiyear growth,discovered,1315.611805,688,0.433796
come china,discovered,1315.599745,728,0.413167
positioned long,discovered,1315.489388,1020,0.317559
broadband services,discovered,1315.346706,1123,0.297090
advanced nuclear,discovered,1314.818969,303,0.938080
services based,discovered,1314.769835,751,0.402250
oil gathering,discovered,1314.593635,454,0.642150
navigate dynamic,discovered,1314.376592,503,0.580161
access high,discovered,1314.358549,816,0.375691
global aluminum,discovered,1314.287352,362,0.802661
regional national,discovered,1314.072726,813,0.376738
strong infrastructure,discovered,1313.986152,536,0.545270
production increases,discovered,1313.850782,928,0.339927
experience significant,discovered,1313.722553,971,0.328707
material production,discovered,1313.630622,485,0.600991
new projects,discovered,1313.628615,6062,0.144244
second supply,discovered,1313.556180,372,0.781513
lower export,discovered,1313.474671,504,0.578645
impacted significant,discovered,1313.287430,845,0.365169
transportation energy,discovered,1313.088705,468,0.622340
utility scale,discovered,1312.788231,1171,0.288566
based view,discovered,1312.571641,804,0.379783
markets southeast,discovered,1312.570494,573,0.511151
expanding production,discovered,1312.511276,656,0.451480
point need,discovered,1312.374238,1306,0.269167
provides long,discovered,1312.222182,509,0.572553
uncertainty especially,discovered,1312.195957,358,0.809955
management energy,discovered,1312.171753,423,0.687805
manufacturing sectors,discovered,1312.064090,465,0.625841
weather patterns,discovered,1311.932875,1085,0.303581
solutions offer,discovered,1311.910348,900,0.347490
half 2023,discovered,1311.765281,3362,0.172119
gas diesel,discovered,1311.622686,496,0.586982
markets region,discovered,1311.591925,771,0.392766
impact general,discovered,1311.331897,553,0.528176
new markets,discovered,1311.233280,8685,0.132782
does supply,discovered,1310.798474,381,0.762000
proven ability,discovered,1310.656363,1292,0.270746
major challenge,discovered,1310.348641,759,0.397590
global climate,discovered,1310.323364,326,0.881081
production disruptions,discovered,1310.321926,491,0.592280
term commercial,discovered,1310.213205,762,0.396256
expand existing,discovered,1310.200963,1172,0.288031
major energy,discovered,1310.044466,387,0.750000
america particularly,discovered,1309.973529,780,0.388640
price inflation,discovered,1309.656417,1990,0.213680
engineering expertise,discovered,1309.600510,570,0.512590
various governments,discovered,1309.588622,397,0.731123
market european,discovered,1309.541661,637,0.462600
solutions new,discovered,1309.467079,971,0.327930
discussed past,discovered,1309.397525,2592,0.189960
support supply,discovered,1309.363386,445,0.652493
supporting global,discovered,1309.274051,394,0.736449
cape good,discovered,1309.194993,336,0.857143
analytics ai,discovered,1309.100449,502,0.579008
country going,discovered,1308.938609,829,0.369759
support higher,discovered,1308.897438,1311,0.268098
companies looking,discovered,1308.419032,1660,0.234133
mitigate tariff,discovered,1308.331881,343,0.840686
new economic,discovered,1308.323785,554,0.526116
power steering,discovered,1308.309494,421,0.689034
addition growing,discovered,1308.292072,748,0.401934
demand improving,discovered,1308.255566,737,0.406957
engaged discussions,discovered,1308.225731,807,0.377632
directed energy,discovered,1307.833949,396,0.731978
chip manufacturing,discovered,1307.796024,357,0.809524
areas particularly,discovered,1307.776677,937,0.336324
defense products,discovered,1307.674543,476,0.609475
accelerating demand,discovered,1307.555613,586,0.498723
chain particularly,discovered,1307.418961,390,0.742857
security risks,discovered,1307.387846,283,0.979239
advance technology,discovered,1307.380457,574,0.508415
infrastructure issues,discovered,1307.321803,444,0.652941
higher global,discovered,1307.273770,541,0.537773
demand issues,discovered,1307.154066,506,0.573696
analytics data,discovered,1307.124652,621,0.472603
relative supply,discovered,1307.087671,429,0.675591
technology working,discovered,1306.977401,663,0.445565
life low,discovered,1306.939510,453,0.639831
chain better,discovered,1306.886888,432,0.670807
gas purchase,discovered,1306.861293,361,0.800443
volatile energy,discovered,1306.819654,314,0.907514
earth prices,discovered,1306.766106,271,1.000000
growth united,discovered,1306.643697,867,0.356497
significant new,discovered,1306.641316,2803,0.183924
export licenses,discovered,1306.530735,356,0.810934
clean affordable,discovered,1306.401782,294,0.954545
quality low,discovered,1306.283449,789,0.384129
balancing supply,discovered,1306.004378,353,0.817130
think tariffs,discovered,1305.971092,448,0.646465
prices dropped,discovered,1305.965780,866,0.356672
remained weak,discovered,1305.921126,812,0.375231
coal coal,discovered,1305.638400,506,0.573046
markets overall,discovered,1305.360297,943,0.334279
reliable resilient,discovered,1305.267167,324,0.882834
civil infrastructure,discovered,1305.216516,427,0.677778
regarding raw,discovered,1305.178819,442,0.654815
trends support,discovered,1304.960646,505,0.573864
activity industry,discovered,1304.893225,620,0.472561
including advanced,discovered,1304.880752,487,0.594628
products advanced,discovered,1304.638745,550,0.528338
concern supply,discovered,1304.452475,291,0.960396
additional production,discovered,1304.213891,1196,0.283412
impacted performance,discovered,1304.205328,819,0.372273
second source,discovered,1303.854290,869,0.355274
security information,discovered,1303.768691,304,0.929664
union countries,discovered,1303.606866,338,0.849246
sharp increase,discovered,1303.343557,1631,0.235864
million barrel,discovered,1303.277219,827,0.369196
government departments,discovered,1302.873320,437,0.661120
key industry,discovered,1302.596863,781,0.386442
massive increase,discovered,1302.555159,669,0.440711
bird flu,discovered,1302.333771,491,0.588729
leading producer,discovered,1302.091905,420,0.687398
new brunswick,discovered,1302.066872,754,0.397679
silver prices,discovered,1301.934090,635,0.461483
transition away,discovered,1301.755378,734,0.406648
electronic systems,discovered,1301.492412,839,0.364624
conditions remained,discovered,1301.481707,563,0.515568
solutions include,discovered,1301.478093,617,0.473523
figure deal,discovered,1301.320471,668,0.440924
ultra low,discovered,1301.083268,1199,0.282516
industry driven,discovered,1300.922996,565,0.513636
make supply,discovered,1300.874151,430,0.670827
infrastructure expansion,discovered,1300.746495,491,0.588024
customers create,discovered,1300.475865,878,0.351763
minor bulk,discovered,1300.282846,356,0.807256
ongoing impacts,discovered,1300.179466,411,0.701365
based production,discovered,1299.968636,831,0.367049
europe region,discovered,1299.744958,751,0.398408
industries serve,discovered,1299.543660,765,0.392308
course ongoing,discovered,1299.130598,629,0.464549
transition clean,discovered,1299.092770,303,0.929448
especially market,discovered,1299.072763,875,0.352396
robust global,discovered,1298.842997,430,0.669782
ship product,discovered,1298.835528,1112,0.296533
cost solution,discovered,1298.732554,542,0.533465
markets include,discovered,1298.648215,719,0.412981
continues drive,discovered,1298.604014,2211,0.202677
gas inventory,discovered,1298.450759,417,0.690397
period high,discovered,1298.387845,807,0.375349
existing nuclear,discovered,1298.347940,305,0.924242
technical assistance,discovered,1298.329030,474,0.607692
growing concerns,discovered,1298.218600,336,0.850633
fiscal stimulus,discovered,1298.123511,659,0.445270
companies united,discovered,1298.090663,550,0.525813
future generations,discovered,1297.959355,606,0.480190
impacted oil,discovered,1297.946792,371,0.774530
duty trucks,discovered,1297.828936,823,0.369390
driven key,discovered,1297.724060,824,0.369010
ongoing tariff,discovered,1297.691439,308,0.916667
conventional gas,discovered,1297.622169,367,0.782516
supply fundamentals,discovered,1297.595363,365,0.786638
help secure,discovered,1297.278241,515,0.559783
lng canada,discovered,1296.667843,567,0.510351
russia belarus,discovered,1296.398149,489,0.588448
impact local,discovered,1296.061815,552,0.523223
national network,discovered,1295.956889,738,0.403279
investment years,discovered,1295.735049,1047,0.308486
slowing growth,discovered,1295.626783,1066,0.304658
property cat,discovered,1295.518648,1040,0.309893
vessel supply,discovered,1295.304371,378,0.759036
facing lot,discovered,1295.023054,510,0.564159
strategically aligned,discovered,1294.961669,575,0.503062
infrastructure meet,discovered,1294.926604,381,0.752964
security customer,discovered,1294.911249,340,0.839506
energy fuel,discovered,1294.509655,447,0.642241
different industries,discovered,1294.385539,1321,0.265048
cyber incident,discovered,1294.316729,513,0.560656
manage energy,discovered,1293.949787,395,0.726103
antidumping duties,discovered,1293.886542,404,0.710018
result ongoing,discovered,1293.695632,1209,0.279991
believe prices,discovered,1293.670518,597,0.485366
clean fuel,discovered,1293.372778,462,0.620968
historically high,discovered,1293.299188,1544,0.242006
term uncertainties,discovered,1293.181343,389,0.736742
cloud edge,discovered,1293.171704,466,0.615588
sector seeing,discovered,1293.133635,557,0.517658
global fleet,discovered,1292.865118,669,0.437827
gas opportunities,discovered,1292.858052,448,0.640000
chain help,discovered,1292.754755,350,0.815851
current government,discovered,1292.502894,541,0.531957
stimulus spending,discovered,1292.322839,548,0.525407
energy purchases,discovered,1292.220539,416,0.688742
efficient manner,discovered,1292.152626,1511,0.244815
retail sector,discovered,1292.137580,1423,0.253338
demand centers,discovered,1292.092235,359,0.796009
energy businesses,discovered,1292.043132,666,0.439314
customers cautious,discovered,1291.974001,644,0.452565
impacted negatively,discovered,1291.944750,1017,0.314180
improve availability,discovered,1291.898130,443,0.646715
demand electric,discovered,1291.739376,442,0.648094
business processes,discovered,1291.642669,1970,0.213296
liquids prices,discovered,1291.622725,462,0.620134
impacted current,discovered,1291.509571,741,0.400757
prices electricity,discovered,1291.374485,483,0.593366
inflation increasing,discovered,1291.228123,422,0.678457
logistical issues,discovered,1291.199374,564,0.510870
industry standards,discovered,1291.185327,1009,0.315806
customers difficult,discovered,1291.070672,632,0.459971
quarter impacted,discovered,1291.062277,2914,0.180344
long awaited,discovered,1291.056260,796,0.377788
government including,discovered,1291.046174,336,0.846348
critical product,discovered,1290.886466,426,0.671924
drive supply,discovered,1290.423184,407,0.702936
prices resulted,discovered,1290.136375,604,0.478985
east middle,discovered,1290.013098,378,0.756000
megawatts renewable,discovered,1289.881625,417,0.685855
important especially,discovered,1289.742268,699,0.420578
plan includes,discovered,1289.734951,1172,0.285089
risk remains,discovered,1289.730513,491,0.583135
world changing,discovered,1289.378569,705,0.417407
security vendors,discovered,1289.154719,347,0.820331
volumes natural,discovered,1289.109509,359,0.794248
gas equivalent,discovered,1289.000264,526,0.545078
face global,discovered,1288.981842,344,0.826923
hardware products,discovered,1288.957754,684,0.428303
industry oil,discovered,1288.627313,392,0.728625
import restrictions,discovered,1288.386521,377,0.757028
business including,discovered,1288.275753,2974,0.178812
environment changing,discovered,1288.018861,749,0.396296
china imports,discovered,1287.953275,383,0.745136
cloud network,discovered,1287.757167,461,0.619624
possible impact,discovered,1287.753977,761,0.391059
low price,discovered,1287.732798,2420,0.194128
mid east,discovered,1287.705206,485,0.589307
inflation levels,discovered,1287.679223,637,0.455651
demand building,discovered,1287.551593,688,0.425743
years industry,discovered,1287.549778,1118,0.293747
closely supply,discovered,1287.501852,336,0.844221
lot disruption,discovered,1287.357020,635,0.456835
area business,discovered,1287.009409,1941,0.214451
limited production,discovered,1286.963338,594,0.485294
china potential,discovered,1286.895345,371,0.768116
markets providing,discovered,1286.807515,557,0.515264
budget deficits,discovered,1286.788695,427,0.668232
defense aerospace,discovered,1286.238497,822,0.367128
going energy,discovered,1286.012177,571,0.503084
increased infrastructure,discovered,1285.897875,497,0.574566
right given,discovered,1285.717061,1426,0.252300
trade discussions,discovered,1285.650312,317,0.887955
new initiative,discovered,1285.334040,1318,0.264287
volumes result,discovered,1285.294104,635,0.456178
western united,discovered,1284.811229,611,0.472179
energy fuels,discovered,1284.679624,301,0.926154
decarbonization goals,discovered,1284.540414,343,0.826506
sector driven,discovered,1284.074805,406,0.701209
compound semiconductor,discovered,1283.904311,449,0.634181
new ai,discovered,1283.869541,972,0.323031
upstream midstream,discovered,1283.670502,610,0.472502
fact gas,discovered,1283.637771,355,0.799550
customers terms,discovered,1283.636822,1727,0.227028
prices short,discovered,1283.519356,459,0.620270
technology research,discovered,1283.515474,471,0.604621
terms tariffs,discovered,1283.263428,480,0.593325
dynamics supply,discovered,1282.756358,326,0.864721
production demand,discovered,1282.749498,735,0.401201
non chinese,discovered,1282.655121,520,0.548523
customers solve,discovered,1282.626030,554,0.516309
industrial scale,discovered,1282.626030,554,0.516309
like indonesia,discovered,1282.541260,461,0.617135
prices north,discovered,1282.447486,607,0.474219
markets outside,discovered,1282.393157,1786,0.223055
positioned global,discovered,1282.369305,399,0.712500
america parts,discovered,1282.205250,475,0.598991
maybe potential,discovered,1282.178748,984,0.319896
china import,discovered,1282.050038,325,0.866667
areas concern,discovered,1281.969585,548,0.521408
confidence long,discovered,1281.803723,1213,0.277765
ready help,discovered,1281.560014,447,0.635846
make important,discovered,1281.451991,1115,0.293344
diversified customer,discovered,1281.409010,936,0.331562
customers accelerate,discovered,1281.207078,620,0.464768
tax incentives,discovered,1280.707879,931,0.332738
region united,discovered,1280.252391,394,0.720293
continues recover,discovered,1280.188304,948,0.328255
application management,discovered,1279.930887,716,0.409377
price increases,discovered,1279.855959,22505,0.113543
deep domain,discovered,1279.758655,616,0.467020
increased defense,discovered,1279.751850,312,0.896552
business particularly,discovered,1279.579149,2887,0.180370
solutions remain,discovered,1279.512889,466,0.609150
lower steel,discovered,1279.206931,529,0.538149
situation global,discovered,1278.962489,364,0.777778
infrastructure segments,discovered,1278.962489,364,0.777778
business defense,discovered,1278.779428,424,0.668770
going global,discovered,1278.646226,784,0.379477
north asia,discovered,1277.979589,679,0.427851
centers cloud,discovered,1277.858998,383,0.739382
deliver projects,discovered,1277.784894,696,0.418773
new investment,discovered,1277.438661,2610,0.187527
new mining,discovered,1277.320365,714,0.409639
production higher,discovered,1277.184572,1213,0.277130
created significant,discovered,1277.111539,861,0.352147
chinese new,discovered,1276.781207,3021,0.177174
serial production,discovered,1276.773967,474,0.597730
strengthen global,discovered,1276.730521,499,0.568337
supply lot,discovered,1276.703530,442,0.640580
volatility risk,discovered,1276.494667,441,0.641921
power requirements,discovered,1276.404187,514,0.552095
infectious diseases,discovered,1276.378705,854,0.354210
impacted rising,discovered,1276.354272,410,0.690236
believe recent,discovered,1276.262485,877,0.347052
positively affected,discovered,1276.235454,1095,0.296106
gas flows,discovered,1276.144551,382,0.740310
provide mission,discovered,1276.117592,278,0.975439
software supply,discovered,1276.095664,314,0.889518
renewable hydrogen,discovered,1276.067094,389,0.727103
particularly key,discovered,1275.831723,588,0.485950
persistently high,discovered,1275.817389,446,0.634424
improve safety,discovered,1275.713866,858,0.352796
scale projects,discovered,1275.360171,1112,0.292940
technology upgrades,discovered,1275.282817,687,0.422769
reliable secure,discovered,1275.255007,351,0.803204
digital workplace,discovered,1275.123551,432,0.654545
falling oil,discovered,1274.951213,387,0.730189
rich plays,discovered,1274.850994,391,0.722736
opec countries,discovered,1274.591325,286,0.956522
data platforms,discovered,1274.502331,489,0.578698
infrastructure important,discovered,1274.499658,361,0.781385
intelligence agency,discovered,1274.438810,307,0.905605
haynesville shale,discovered,1274.396561,682,0.425187
issues impacted,discovered,1274.004855,686,0.422935
seen continued,discovered,1273.865805,1520,0.242077
software systems,discovered,1273.774006,725,0.403450
growing north,discovered,1273.508254,589,0.484375
related headwinds,discovered,1273.419650,713,0.409065
roads bridges,discovered,1273.325958,405,0.697074
political tensions,discovered,1273.306635,287,0.953488
meet long,discovered,1273.277319,684,0.423792
end consumers,discovered,1273.227904,882,0.344935
turmoil financial,discovered,1272.860329,428,0.659476
technology perspective,discovered,1272.794400,894,0.341352
gas directed,discovered,1272.785302,316,0.882682
aluminum demand,discovered,1272.635437,349,0.806005
contracts ve,discovered,1272.602641,1409,0.252554
address emerging,discovered,1272.478248,391,0.721402
gas engines,discovered,1271.891014,474,0.595477
general inflation,discovered,1271.781530,813,0.367043
global pharmaceutical,discovered,1271.586127,553,0.512987
battery metals,discovered,1271.467189,326,0.857895
headwinds quarter,discovered,1271.376399,872,0.347549
uncertainty financial,discovered,1271.087634,376,0.749004
impact statement,discovered,1271.070987,555,0.511050
early 2026,discovered,1270.724177,817,0.365385
capacity expected,discovered,1270.598585,803,0.370387
supply levels,discovered,1270.590534,407,0.692177
decline rates,discovered,1270.372559,1340,0.259841
government decision,discovered,1270.185298,549,0.515977
political events,discovered,1270.125692,409,0.688552
gas comes,discovered,1270.115055,391,0.720074
offset rising,discovered,1269.659289,679,0.425439
growth power,discovered,1269.590718,779,0.379260
impacted challenging,discovered,1269.438581,524,0.539095
address impact,discovered,1269.429619,495,0.569620
view current,discovered,1269.356233,1141,0.287116
regarding global,discovered,1269.267920,469,0.600512
space customers,discovered,1268.911711,541,0.522705
partners support,discovered,1268.826683,622,0.459380
continues weigh,discovered,1268.673970,406,0.692833
environment expect,discovered,1268.621801,1459,0.247121
fuel cycle,discovered,1268.606562,327,0.853786
disk drives,discovered,1268.257603,701,0.413569
gas takeaway,discovered,1268.099763,395,0.711712
demand future,discovered,1267.950405,615,0.463801
uncertainty timing,discovered,1267.876199,725,0.401885
integrated gas,discovered,1267.769014,537,0.525955
regarding demand,discovered,1267.623193,517,0.545359
security initiatives,discovered,1267.425013,287,0.950331
economies like,discovered,1267.224055,356,0.787611
canadian gas,discovered,1267.091820,388,0.723881
area particular,discovered,1267.046400,740,0.394877
related markets,discovered,1266.918775,746,0.392219
inventory corrections,discovered,1266.875814,665,0.432380
continued development,discovered,1266.874089,1445,0.248282
capital equipment,discovered,1266.845707,3047,0.176107
strongly believe,discovered,1266.730967,2583,0.187677
india pakistan,discovered,1266.489808,349,0.802299
impacted china,discovered,1266.284069,344,0.813239
shifting consumer,discovered,1266.160363,436,0.644018
gas driven,discovered,1265.958015,376,0.746032
china recent,discovered,1265.771586,357,0.784615
continued experience,discovered,1265.567868,1545,0.239053
tariffs products,discovered,1265.448498,289,0.944444
bring table,discovered,1265.352663,1373,0.255537
generation renewable,discovered,1265.096868,331,0.842239
domain knowledge,discovered,1264.896403,579,0.489020
different economic,discovered,1264.385909,738,0.395075
upcoming elections,discovered,1264.374040,354,0.790179
political stability,discovered,1264.280993,378,0.741176
government enterprise,discovered,1263.919307,434,0.645833
chain lead,discovered,1263.827390,342,0.816229
risk potentially,discovered,1263.456541,431,0.650075
help achieve,discovered,1263.338656,1712,0.226186
space just,discovered,1263.316866,1102,0.292851
times like,discovered,1263.264723,1700,0.227000
critical industry,discovered,1263.225967,402,0.696707
manufacturing engineering,discovered,1263.151663,659,0.434697
general macroeconomic,discovered,1263.100124,396,0.707143
extract value,discovered,1263.083242,1005,0.311821
fuel efficient,discovered,1262.971350,1101,0.292975
terms electricity,discovered,1262.809798,417,0.671498
demand stronger,discovered,1262.400002,691,0.417019
america including,discovered,1262.308515,632,0.450785
country region,discovered,1262.163550,676,0.424890
industry long,discovered,1261.778730,1058,0.300739
seeing particularly,discovered,1261.636149,955,0.323072
face higher,discovered,1261.525550,513,0.546908
copper demand,discovered,1261.519201,358,0.779956
recognize challenges,discovered,1261.376814,446,0.627286
tariff discussions,discovered,1261.269953,317,0.873278
customers leading,discovered,1260.748465,643,0.443448
world live,discovered,1260.239912,716,0.404063
core industrial,discovered,1260.187262,673,0.425949
increasing role,discovered,1260.154275,464,0.602597
trade offs,discovered,1259.826461,1304,0.262797
programs support,discovered,1259.800334,755,0.386585
steel consumption,discovered,1259.799306,647,0.440736
semiconductor manufacturers,discovered,1259.677395,519,0.540062
largest energy,discovered,1259.659017,408,0.684564
production storage,discovered,1259.468405,346,0.804651
business believe,discovered,1259.232048,2585,0.187170
components used,discovered,1259.192343,503,0.556416
sourcing supply,discovered,1259.087812,523,0.535861
needs market,discovered,1259.020824,922,0.330940
strong natural,discovered,1258.516962,379,0.735922
government local,discovered,1258.494338,448,0.623088
industry today,discovered,1258.342102,1119,0.289147
demand combined,discovered,1258.074198,485,0.576010
petrochemical industry,discovered,1257.965374,517,0.541361
managed cloud,discovered,1257.931395,480,0.581818
increasingly clear,discovered,1257.899492,581,0.484975
mobile satellite,discovered,1257.869386,466,0.598972
reduced consumer,discovered,1257.838584,451,0.618656
aviation market,discovered,1257.743694,589,0.478862
markets focus,discovered,1257.539560,758,0.384772
important future,discovered,1257.519328,1392,0.252586
3d printing,discovered,1257.479681,1066,0.298516
exposure tariffs,discovered,1257.469133,342,0.812352
ongoing conflict,discovered,1257.453109,293,0.930159
high global,discovered,1257.410678,349,0.796804
oems continue,discovered,1257.321313,471,0.592453
energy inflation,discovered,1257.300941,454,0.614344
address significant,discovered,1257.035366,677,0.422861
extreme cold,discovered,1257.033403,461,0.604987
europe remains,discovered,1257.001381,744,0.390551
key issues,discovered,1256.714071,1141,0.285250
recessionary pressures,discovered,1256.647587,375,0.742574
current pandemic,discovered,1256.094604,563,0.498671
partners like,discovered,1256.089245,1450,0.246599
headwinds continue,discovered,1255.920003,813,0.363433
linked oil,discovered,1255.837768,376,0.740157
homeland defense,discovered,1255.746527,332,0.834171
integrated platform,discovered,1255.731257,1168,0.280837
term industry,discovered,1255.725625,737,0.393276
broader global,discovered,1255.667922,468,0.595420
transition fuel,discovered,1255.661324,282,0.955932
space defense,discovered,1255.626353,807,0.365489
needs met,discovered,1255.562703,528,0.529589
government contracting,discovered,1255.465612,481,0.579518
continue signs,discovered,1255.415775,548,0.511194
maintain leadership,discovered,1255.157649,1133,0.286328
situation middle,discovered,1255.081645,345,0.804196
positioned manage,discovered,1255.013259,666,0.428296
software service,discovered,1255.004996,2019,0.207994
company technology,discovered,1254.723297,700,0.410317
time government,discovered,1254.670186,577,0.486920
ensure meet,discovered,1254.570450,730,0.396093
chain efficiencies,discovered,1254.548648,867,0.345556
given rising,discovered,1254.508118,558,0.502250
important national,discovered,1254.501545,312,0.881356
impact macroeconomic,discovered,1254.302482,455,0.611559
security things,discovered,1254.214675,327,0.844961
backdrop remains,discovered,1254.127249,375,0.741107
conditions global,discovered,1254.095900,396,0.702128
market believe,discovered,1254.052928,2285,0.196711
significant investments,discovered,1253.935733,3122,0.173908
effectively compete,discovered,1253.842033,630,0.449358
big issue,discovered,1253.835125,2084,0.204896
large growth,discovered,1253.777870,1086,0.294229
international opportunities,discovered,1253.710759,1099,0.291899
services oil,discovered,1253.658521,367,0.756701
technology advanced,discovered,1253.250325,552,0.506887
large national,discovered,1253.212678,1133,0.286039
look china,discovered,1253.178422,948,0.323219
cost impacts,discovered,1253.041316,671,0.424953
mobility solutions,discovered,1252.733400,739,0.391627
uk gas,discovered,1252.580745,363,0.764211
technology called,discovered,1252.260144,592,0.474739
given high,discovered,1252.153320,2013,0.208062
america especially,discovered,1252.075210,614,0.459237
american producers,discovered,1252.017910,345,0.802326
investing significant,discovered,1251.733232,543,0.514205
critical service,discovered,1251.554494,357,0.776087
trade expected,discovered,1251.466504,324,0.850394
contract portfolio,discovered,1251.342289,819,0.360317
supply pressure,discovered,1251.323447,452,0.614130
customers turn,discovered,1251.279226,702,0.408377
donald trump,discovered,1251.120991,392,0.707581
help advance,discovered,1251.013257,551,0.506900
need products,discovered,1250.928636,788,0.371348
production capability,discovered,1250.787505,912,0.331999
cost environment,discovered,1250.775590,1609,0.232414
delivering high,discovered,1250.737684,1273,0.265485
gas rig,discovered,1250.584558,339,0.814904
leverage capabilities,discovered,1250.504371,799,0.367188
like example,discovered,1250.412120,2087,0.204508
prices inflation,discovered,1250.066969,540,0.516252
strategy make,discovered,1250.003032,984,0.314176
delivery systems,discovered,1249.974105,1104,0.290450
security analytics,discovered,1249.855602,352,0.785714
security safety,discovered,1249.826283,477,0.581707
gas quarter,discovered,1249.782242,526,0.529175
driven largely,discovered,1249.552192,2102,0.203781
fact china,discovered,1249.461215,494,0.562002
solutions technology,discovered,1249.414019,515,0.539832
pose challenges,discovered,1249.385063,343,0.805164
foreign countries,discovered,1249.211777,640,0.441684
delivering innovative,discovered,1249.128579,691,0.413278
existing systems,discovered,1249.128446,774,0.376276
cost ownership,discovered,1248.994005,1932,0.211865
west east,discovered,1248.979037,828,0.356743
potential increase,discovered,1248.849860,1455,0.245321
market united,discovered,1248.842594,950,0.321925
infrastructure ve,discovered,1248.793487,794,0.368617
government issued,discovered,1248.699841,417,0.664013
meeting growing,discovered,1248.677565,347,0.795872
relates supply,discovered,1248.311232,388,0.713235
administration congress,discovered,1248.297201,362,0.763713
wide ranging,discovered,1248.266585,792,0.369231
federal spending,discovered,1248.149078,486,0.570423
given trade,discovered,1247.862844,360,0.767591
covid lockdown,discovered,1247.626042,645,0.438179
customers security,discovered,1247.240086,356,0.775599
energy important,discovered,1246.761726,333,0.826303
major chinese,discovered,1246.742335,418,0.661392
industrial internet,discovered,1246.686212,415,0.666132
primarily europe,discovered,1246.604419,854,0.347862
note quarter,discovered,1246.545964,1705,0.225112
deep industry,discovered,1246.497840,637,0.442669
hydroelectric power,discovered,1246.476913,387,0.714022
prices general,discovered,1246.101246,558,0.499106
asia australia,discovered,1246.068194,792,0.368715
considerable uncertainty,discovered,1246.003971,468,0.590909
patent pending,discovered,1245.979460,646,0.437077
focus emerging,discovered,1245.792582,493,0.561503
heightened geopolitical,discovered,1245.601083,261,0.996183
global players,discovered,1245.488600,784,0.371564
able meet,discovered,1245.478244,2547,0.187459
png lng,discovered,1245.306728,539,0.515296
government really,discovered,1245.049231,639,0.440994
residue gas,discovered,1244.933434,397,0.695271
crude differentials,discovered,1244.918609,525,0.528169
measures mitigate,discovered,1244.875358,466,0.592875
capabilities address,discovered,1244.875013,439,0.628940
industrial energy,discovered,1244.868170,607,0.461597
automotive semiconductor,discovered,1244.738851,328,0.836735
private lte,discovered,1244.536494,331,0.829574
uncertainty persists,discovered,1244.390241,320,0.855615
materials china,discovered,1244.379276,315,0.867769
role enabling,discovered,1244.102320,352,0.782222
existing manufacturing,discovered,1243.926955,521,0.531633
given nature,discovered,1243.308226,1632,0.229956
trading patterns,discovered,1243.241605,453,0.608871
customer base,discovered,1242.988841,22506,0.113142
projects government,discovered,1242.931160,408,0.675497
delivering customers,discovered,1242.848613,1006,0.308116
world increasingly,discovered,1242.799025,418,0.659306
consumption china,discovered,1242.747943,417,0.660856
chain availability,discovered,1242.682595,292,0.924051
asset prices,discovered,1242.642125,1037,0.301717
volumes especially,discovered,1242.592211,619,0.452816
impacted trade,discovered,1242.472545,322,0.849604
production efficiency,discovered,1242.337970,1036,0.301865
resource adequacy,discovered,1242.267464,371,0.742000
regions continue,discovered,1241.888830,615,0.455218
demand semiconductors,discovered,1241.587633,321,0.851459
ahead demand,discovered,1241.417850,653,0.431593
domestic crude,discovered,1241.315106,328,0.834606
sd wan,discovered,1241.314170,929,0.325736
shipping delays,discovered,1241.174706,528,0.523810
feedstock cost,discovered,1241.095194,473,0.582512
capacity remains,discovered,1241.074836,560,0.495575
industry segment,discovered,1240.840282,933,0.324635
5g technology,discovered,1240.734976,494,0.558192
related areas,discovered,1240.721326,730,0.392473
buy raw,discovered,1240.678880,447,0.615702
demand constrained,discovered,1240.677940,414,0.664526
strong positions,discovered,1240.628761,910,0.330548
stronger dollar,discovered,1240.604505,1765,0.220680
sustainable way,discovered,1240.512827,1019,0.304999
market price,discovered,1240.191556,3641,0.164342
sulfuric acid,discovered,1240.124296,1000,0.308928
manufacturing technologies,discovered,1239.883919,400,0.687285
response higher,discovered,1239.814593,532,0.519531
obviously impact,discovered,1239.736916,1954,0.209995
face today,discovered,1239.412323,548,0.505069
gas volume,discovered,1239.399935,496,0.555431
energy high,discovered,1239.057820,420,0.654206
project management,discovered,1238.497063,2309,0.194787
supporting development,discovered,1238.430740,489,0.562716
wholesale energy,discovered,1238.353135,390,0.703971
example technology,discovered,1238.084213,449,0.611717
substantial increases,discovered,1237.932799,830,0.353643
east particularly,discovered,1237.917042,328,0.832487
especially south,discovered,1237.822726,571,0.485544
existing power,discovered,1237.767915,444,0.618384
fundamental demand,discovered,1237.446243,613,0.455085
housing markets,discovered,1237.415760,913,0.329128
resulting supply,discovered,1237.358015,298,0.905775
start supply,discovered,1236.994232,454,0.604527
optimistic medium,discovered,1236.924003,351,0.780000
better energy,discovered,1236.689070,410,0.668842
bit gas,discovered,1236.232676,486,0.565116
factors play,discovered,1236.133024,1386,0.250724
impact felt,discovered,1235.878271,852,0.346201
seeing especially,discovered,1235.815347,700,0.405093
mind customers,discovered,1235.800062,472,0.581281
market balance,discovered,1235.761027,902,0.331740
aluminum steel,discovered,1235.585622,451,0.607817
reduced energy,discovered,1235.585622,451,0.607817
market critical,discovered,1235.174816,457,0.599738
prices prices,discovered,1234.911518,807,0.360751
oil coal,discovered,1234.781302,325,0.837629
demand fuel,discovered,1234.670056,410,0.667752
gas long,discovered,1234.591770,331,0.823383
production manufacturing,discovered,1234.490245,556,0.496429
customers mitigate,discovered,1234.190799,336,0.811594
growing gas,discovered,1234.074264,303,0.891176
america africa,discovered,1233.912710,782,0.369565
projects united,discovered,1233.731822,380,0.719697
parts china,discovered,1233.667687,454,0.602922
launch vehicles,discovered,1233.426728,492,0.557191
electric motor,discovered,1233.306785,484,0.566082
customers drive,discovered,1233.246020,1306,0.259230
right china,discovered,1233.168845,577,0.479236
customers lower,discovered,1232.976532,1123,0.284664
image sensors,discovered,1232.964429,757,0.379069
weaker global,discovered,1232.963101,315,0.860656
chain expect,discovered,1232.806703,406,0.673300
volatility remain,discovered,1232.785782,352,0.775330
social distancing,discovered,1232.654210,1948,0.209733
auto demand,discovered,1232.495012,378,0.722753
previous calls,discovered,1232.456333,4686,0.151911
close proximity,discovered,1232.253840,1049,0.297673
relative demand,discovered,1232.152624,612,0.454006
ongoing work,discovered,1232.017594,1012,0.305003
significantly affected,discovered,1231.901036,887,0.335096
related customers,discovered,1231.844095,711,0.398766
gas powered,discovered,1231.753225,468,0.584270
game changing,discovered,1231.603564,1369,0.251979
despite difficult,discovered,1231.493520,1705,0.223724
processes procedures,discovered,1231.386679,735,0.387863
ore exports,discovered,1231.323776,331,0.821340
demand offshore,discovered,1231.312008,369,0.739479
hub prices,discovered,1231.274784,351,0.776549
inflation geopolitical,discovered,1231.079386,262,0.988679
inflation expected,discovered,1231.071931,536,0.512428
including inflation,discovered,1231.009884,417,0.654631
strategic alliance,discovered,1230.773743,1245,0.266481
regarding trade,discovered,1230.768004,312,0.866667
gas spot,discovered,1230.690256,305,0.884058
software platform,discovered,1230.591449,1346,0.254346
new order,discovered,1230.179414,1639,0.228178
kong government,discovered,1230.087034,311,0.868715
impact clients,discovered,1229.976121,583,0.473599
security technologies,discovered,1229.895461,383,0.711896
automobile production,discovered,1229.771587,350,0.777778
lead higher,discovered,1229.338253,1257,0.264743
applications customers,discovered,1229.337819,666,0.420720
china currently,discovered,1229.265136,509,0.537487
difficult assess,discovered,1229.015485,819,0.355315
brought covid,discovered,1228.902711,482,0.566392
risk impact,discovered,1228.657102,408,0.667758
terms sourcing,discovered,1228.338105,638,0.436389
development critical,discovered,1228.262828,343,0.792148
critical facilities,discovered,1228.233078,297,0.902736
supply project,discovered,1228.111107,296,0.905199
defense agencies,discovered,1227.938392,325,0.833333
reduced availability,discovered,1227.338607,399,0.682051
events japan,discovered,1227.071278,401,0.678511
markets notably,discovered,1227.006789,588,0.468900
value growth,discovered,1226.997593,2234,0.196776
materials cost,discovered,1226.858728,855,0.343373
engineering procurement,discovered,1226.792076,753,0.379154
chip makers,discovered,1226.659342,407,0.668309
like automotive,discovered,1226.379804,710,0.397759
prices affect,discovered,1226.092786,436,0.623748
vulnerability management,discovered,1226.092606,513,0.532158
low power,discovered,1226.043397,1837,0.215131
production region,discovered,1225.888638,471,0.577914
markets automotive,discovered,1225.787307,524,0.521393
highly strategic,discovered,1225.735877,712,0.396657
favorable environment,discovered,1225.651310,908,0.328153
efficient environmentally,discovered,1225.546919,310,0.868347
required meet,discovered,1225.440376,752,0.379223
electric energy,discovered,1225.420845,439,0.619182
china lockdowns,discovered,1225.377835,367,0.739919
factors continue,discovered,1225.276855,879,0.336009
mining customers,discovered,1224.762553,513,0.531606
overall market,discovered,1224.745560,6674,0.138565
gas remain,discovered,1224.724448,286,0.928571
competitive supply,discovered,1224.704710,586,0.469551
price raw,discovered,1224.697032,898,0.330633
projects energy,discovered,1224.672342,410,0.662359
cost oil,discovered,1224.339572,579,0.474590
demand mining,discovered,1224.328176,436,0.622857
safe efficient,discovered,1224.293111,608,0.454070
created covid,discovered,1224.091453,503,0.541442
increased funding,discovered,1224.039350,673,0.415432
generation plants,discovered,1223.982135,435,0.624103
industry production,discovered,1223.798721,865,0.339749
headwinds global,discovered,1223.593455,317,0.849866
future natural,discovered,1223.488612,295,0.904908
mission support,discovered,1223.272785,353,0.767391
agreement reached,discovered,1223.261448,928,0.322558
technologies allow,discovered,1223.219406,497,0.547357
increase exports,discovered,1223.195325,567,0.483376
demand driver,discovered,1223.178209,577,0.475680
coming industry,discovered,1223.009001,681,0.410984
networking solutions,discovered,1222.994284,482,0.563743
government program,discovered,1222.909613,625,0.442635
offer broad,discovered,1222.786030,493,0.551454
carbon products,discovered,1222.750271,518,0.525888
believe need,discovered,1222.698989,1725,0.221608
projects region,discovered,1222.692395,431,0.629197
risk future,discovered,1222.613846,597,0.461004
monitoring management,discovered,1222.555870,379,0.715094
gas important,discovered,1222.469178,329,0.820449
dollar market,discovered,1222.332751,831,0.349895
provide high,discovered,1221.895488,1706,0.222774
green steel,discovered,1221.524764,482,0.563084
china likely,discovered,1221.375575,338,0.799054
local partner,discovered,1221.305601,643,0.431254
believe oil,discovered,1221.303244,426,0.635821
leadership experience,discovered,1220.916363,704,0.399093
prices saw,discovered,1220.848642,678,0.411908
technologies high,discovered,1220.695372,370,0.731225
opportunities help,discovered,1220.610019,938,0.319591
global food,discovered,1220.320737,557,0.490317
secured additional,discovered,1220.213050,661,0.420751
power sources,discovered,1220.103859,434,0.623563
protect people,discovered,1219.918114,542,0.502783
countries different,discovered,1219.839290,741,0.382353
corona pandemic,discovered,1219.779749,573,0.477500
remains soft,discovered,1219.764652,754,0.377000
semiconductor company,discovered,1219.756865,599,0.458652
anticipated impact,discovered,1219.531933,766,0.372206
today energy,discovered,1219.430435,354,0.762931
market drivers,discovered,1219.110967,847,0.344169
transportation volumes,discovered,1219.039491,497,0.545554
liquid gas,discovered,1218.980944,352,0.766885
energy portfolio,discovered,1218.566390,931,0.320924
achieved despite,discovered,1218.556114,1301,0.257981
negative performance,discovered,1218.374083,785,0.364777
vehicles new,discovered,1218.337723,464,0.582915
use coal,discovered,1218.227068,391,0.690813
coal exports,discovered,1218.227068,391,0.690813
prices sales,discovered,1218.111795,629,0.438633
infrastructure solution,discovered,1217.940848,358,0.753684
invest critical,discovered,1217.856929,333,0.808252
rates remain,discovered,1217.660551,2075,0.202597
chain conditions,discovered,1217.326112,431,0.626453
current scenario,discovered,1217.286919,849,0.343169
semiconductor demand,discovered,1217.272752,396,0.681583
infrastructure infrastructure,discovered,1217.222505,444,0.608219
electricity distribution,discovered,1217.178944,586,0.466932
strong technology,discovered,1216.892328,829,0.349347
markets market,discovered,1216.818605,1061,0.292932
demand network,discovered,1216.767536,456,0.592208
potential future,discovered,1216.309335,2470,0.187990
improved energy,discovered,1216.263657,352,0.765217
seeing lot,discovered,1216.111085,5523,0.144831
demand prices,discovered,1216.028450,621,0.442939
order bring,discovered,1215.809207,892,0.330493
believe high,discovered,1215.637007,1215,0.268449
increase largely,discovered,1215.329866,1610,0.228856
market chinese,discovered,1215.307784,459,0.587708
know europe,discovered,1215.196797,741,0.381173
covid variants,discovered,1215.137907,342,0.786207
chain constraint,discovered,1214.882648,311,0.859116
owned enterprise,discovered,1214.882648,311,0.859116
feel impact,discovered,1214.818636,1017,0.301066
disproportionately impacted,discovered,1214.605675,538,0.504217
government fiscal,discovered,1214.594433,778,0.366463
greater use,discovered,1213.960444,700,0.399088
expanded capacity,discovered,1213.813011,980,0.308661
ip network,discovered,1213.793512,634,0.434247
19 infection,discovered,1213.720170,392,0.686515
unfair trade,discovered,1213.711294,314,0.850949
development agency,discovered,1213.698945,341,0.787529
polar vortex,discovered,1213.683105,502,0.538049
macro indicators,discovered,1213.629064,582,0.468599
demand far,discovered,1213.606890,653,0.423202
reduction oil,discovered,1213.473987,424,0.634731
services sector,discovered,1213.417759,1204,0.269653
check point,discovered,1213.406430,775,0.367299
megawatt power,discovered,1213.333035,519,0.521084
political regulatory,discovered,1213.218829,423,0.636090
energy growth,discovered,1213.133009,458,0.587933
enable better,discovered,1213.029378,921,0.322366
various challenges,discovered,1212.774370,510,0.529595
inflation risk,discovered,1212.646906,406,0.662316
technologies ve,discovered,1212.588268,619,0.443092
support market,discovered,1212.528305,971,0.310422
supply volumes,discovered,1212.455622,320,0.835509
outlook gas,discovered,1212.438479,326,0.821159
impact order,discovered,1212.370941,657,0.420615
ongoing uncertainties,discovered,1212.305887,323,0.828205
risk particularly,discovered,1212.133592,382,0.703499
innovative ways,discovered,1212.006890,941,0.317262
hydrogen storage,discovered,1211.977497,351,0.764706
customers growing,discovered,1211.719578,1397,0.246776
negative rates,discovered,1211.705071,844,0.343508
disruptions covid,discovered,1211.440264,384,0.699454
volumes mainly,discovered,1211.439285,517,0.522222
major risk,discovered,1210.913082,572,0.475083
capacity europe,discovered,1210.893842,707,0.394972
significant raw,discovered,1210.800478,441,0.609116
business base,discovered,1210.394622,944,0.316248
networking security,discovered,1210.301252,388,0.691622
super critical,discovered,1210.237799,364,0.736842
customers data,discovered,1210.158401,828,0.348192
client activity,discovered,1210.041706,1371,0.249227
solutions cloud,discovered,1209.915816,514,0.524490
tariffs imports,discovered,1209.816696,286,0.919614
external events,discovered,1209.805132,480,0.560093
demand solid,discovered,1209.653175,615,0.444685
infrastructure high,discovered,1209.643786,377,0.711321
global enterprise,discovered,1208.953130,723,0.387252
private clouds,discovered,1208.911550,427,0.627941
quarter crude,discovered,1208.841512,432,0.620690
federal infrastructure,discovered,1208.831884,349,0.767033
enabled services,discovered,1208.601457,567,0.478078
issues associated,discovered,1208.504055,933,0.318539
bring significant,discovered,1208.419743,812,0.353043
data mining,discovered,1208.155558,640,0.428954
low global,discovered,1208.036111,337,0.792941
available customers,discovered,1207.902572,1222,0.266463
europe example,discovered,1207.823405,765,0.369744
given energy,discovered,1207.585417,358,0.747390
weeks ago,discovered,1207.543802,7635,0.134081
new storage,discovered,1207.500321,531,0.507648
driven ai,discovered,1207.303014,522,0.515810
security portfolio,discovered,1207.099064,753,0.374254
supply projects,discovered,1206.957149,318,0.836842
thinking supply,discovered,1206.841895,369,0.724951
wholesale gas,discovered,1206.840814,324,0.822335
space satellite,discovered,1206.840814,324,0.822335
changes customers,discovered,1206.711893,601,0.452901
focus data,discovered,1206.564994,594,0.457627
power fuel,discovered,1206.556428,757,0.372539
decrease gas,discovered,1206.520585,342,0.780822
security continue,discovered,1206.513673,329,0.810345
respect gas,discovered,1206.513673,329,0.810345
regional demand,discovered,1206.490499,460,0.582278
commercial projects,discovered,1206.385198,813,0.352253
entered strategic,discovered,1206.263353,621,0.439802
indefinite delivery,discovered,1206.027268,363,0.736308
increases natural,discovered,1205.975244,326,0.817043
expected support,discovered,1205.812379,654,0.420308
capture significant,discovered,1205.696299,850,0.340408
overall industry,discovered,1205.569033,2315,0.192372
leading solutions,discovered,1205.564470,658,0.418043
increase output,discovered,1205.562849,759,0.371512
customers supporting,discovered,1205.404774,543,0.496344
expertise technology,discovered,1205.170931,500,0.536481
make long,discovered,1205.125571,1069,0.289623
diesel natural,discovered,1205.005120,291,0.903727
strategic customers,discovered,1204.912862,1041,0.294734
signed multi,discovered,1204.642907,457,0.585147
impact volumes,discovered,1204.635790,1120,0.280913
power supplies,discovered,1204.540320,844,0.341977
contract support,discovered,1204.437208,454,0.588846
central role,discovered,1204.133129,598,0.454062
amazon web,discovered,1204.050316,603,0.450673
electricity energy,discovered,1204.010024,327,0.813433
middle distillates,discovered,1204.000601,433,0.616809
platform support,discovered,1203.828491,897,0.326776
doing technology,discovered,1203.796516,513,0.522936
current infrastructure,discovered,1203.704244,632,0.432285
supply infrastructure,discovered,1203.526129,277,0.938983
new cloud,discovered,1203.454570,997,0.303224
technology plays,discovered,1203.299991,391,0.682373
volatility going,discovered,1203.260099,714,0.389738
help increase,discovered,1203.225176,1432,0.242424
american industrial,discovered,1203.142979,439,0.608033
mexico united,discovered,1202.992784,408,0.653846
denial service,discovered,1202.859190,305,0.866477
demand equilibrium,discovered,1202.782854,298,0.884273
complex global,discovered,1202.726921,445,0.599730
civil government,discovered,1202.349171,297,0.886567
happening europe,discovered,1202.166351,741,0.377868
areas cloud,discovered,1202.112824,328,0.809877
highly effective,discovered,1201.875437,1035,0.295377
offer unique,discovered,1201.781271,676,0.407474
markets worldwide,discovered,1201.532354,614,0.442682
communications technology,discovered,1201.425814,484,0.551881
canada continue,discovered,1201.157239,585,0.462085
products industry,discovered,1201.079708,871,0.333333
predictive maintenance,discovered,1201.015091,527,0.508687
barrels crude,discovered,1201.001423,438,0.608333
lightbridge fuel,discovered,1200.857396,342,0.777273
suppliers including,discovered,1200.733835,383,0.695100
european demand,discovered,1200.714848,596,0.454268
related pandemic,discovered,1200.619148,772,0.365357
position long,discovered,1200.561921,1221,0.265608
housing supply,discovered,1200.552008,515,0.519677
european central,discovered,1200.310460,537,0.499535
risk obviously,discovered,1200.287112,460,0.579345
continue secure,discovered,1199.657626,606,0.447232
include new,discovered,1199.579034,1693,0.221568
world leader,discovered,1199.559040,974,0.307449
demand used,discovered,1199.517404,476,0.560000
increase import,discovered,1199.476550,314,0.841823
reliability affordability,discovered,1199.186420,299,0.879412
notably china,discovered,1198.617416,397,0.669477
northern mexico,discovered,1198.550437,383,0.693841
year marked,discovered,1198.529762,875,0.331691
barrels storage,discovered,1198.411957,422,0.629851
digital health,discovered,1198.040013,1017,0.298240
weapons systems,discovered,1197.924009,334,0.793349
coal export,discovered,1197.904493,378,0.702602
decision support,discovered,1197.729592,831,0.344527
took effect,discovered,1197.689285,1155,0.274477
technology meet,discovered,1197.668592,411,0.646226
impacting supply,discovered,1197.636314,303,0.868195
projects middle,discovered,1197.616628,496,0.537378
believe risk,discovered,1197.599454,697,0.396023
technology related,discovered,1197.349097,871,0.332570
offshore production,discovered,1196.835481,487,0.546577
including gas,discovered,1196.675916,353,0.751064
technology build,discovered,1196.455411,539,0.496317
products remains,discovered,1196.373733,723,0.383962
term agreements,discovered,1196.343926,1281,0.257539
methane gas,discovered,1196.068783,282,0.921569
manufacturing industries,discovered,1195.894614,430,0.616930
beginning january,discovered,1195.744823,1414,0.243290
gas stations,discovered,1195.431452,866,0.333590
customers markets,discovered,1195.409795,1133,0.277492
security segment,discovered,1195.270124,554,0.483421
policy government,discovered,1194.943998,405,0.654281
customers operations,discovered,1194.903365,628,0.431912
security really,discovered,1194.888344,336,0.786885
center capacity,discovered,1194.651341,653,0.417519
mainly related,discovered,1194.507509,2702,0.180193
growth remains,discovered,1194.506210,1672,0.222488
gas services,discovered,1194.416492,689,0.398958
given tight,discovered,1194.353430,549,0.487134
getting tighter,discovered,1194.351473,537,0.497222
protect employees,discovered,1194.322749,623,0.434752
opportunities oil,discovered,1194.312487,366,0.723320
services supply,discovered,1194.090599,412,0.642746
look alternative,discovered,1193.863153,651,0.418380
power producers,discovered,1193.769986,429,0.617266
ability export,discovered,1193.736570,367,0.721022
tariff deficit,discovered,1193.556648,583,0.460870
gas combined,discovered,1193.553367,321,0.820972
fulfill demand,discovered,1193.428525,692,0.397245
monetary fiscal,discovered,1193.191259,354,0.746835
class supply,discovered,1192.907339,404,0.654781
china exports,discovered,1192.809610,328,0.803922
south dakota,discovered,1192.593632,998,0.301147
multi billion,discovered,1192.499808,976,0.305764
contracts gas,discovered,1192.430599,278,0.929766
approach risk,discovered,1192.418960,623,0.434146
market supported,discovered,1192.402645,534,0.499065
build gas,discovered,1192.385515,320,0.822622
supply important,discovered,1192.302511,306,0.857143
scale supply,discovered,1192.288680,382,0.692029
mr trump,discovered,1192.281595,375,0.704887
water based,discovered,1191.969914,551,0.484609
conditions customer,discovered,1191.838245,454,0.582798
given long,discovered,1191.604124,1164,0.272281
inventories low,discovered,1191.586420,780,0.360277
seeing weakness,discovered,1191.566954,1042,0.292368
increase competitive,discovered,1191.350853,670,0.407543
markets saw,discovered,1191.172409,1035,0.293617
application areas,discovered,1191.153280,694,0.395667
year tariff,discovered,1191.005328,389,0.678883
production continues,discovered,1190.589922,791,0.356146
mobile market,discovered,1190.547774,1371,0.246938
macro picture,discovered,1190.432871,702,0.391741
strategic supplier,discovered,1190.279679,454,0.582051
sanctions imposed,discovered,1190.176340,273,0.941379
electrical energy,discovered,1190.001956,465,0.568460
industry industries,discovered,1189.994406,495,0.535135
combustion engine,discovered,1189.798307,952,0.310604
recovery supply,discovered,1189.749144,328,0.801956
tailings storage,discovered,1189.588076,362,0.728370
additional investment,discovered,1189.536326,2034,0.202287
external demand,discovered,1189.425231,340,0.774487
volumes higher,discovered,1189.333307,1854,0.211090
services portfolio,discovered,1189.224905,905,0.321835
basically supply,discovered,1189.120222,350,0.752688
extremely exciting,discovered,1188.980139,638,0.424202
continue cautious,discovered,1188.833568,900,0.323044
volatile market,discovered,1188.770052,1363,0.247548
play pivotal,discovered,1188.756763,401,0.657377
chain covid,discovered,1188.615390,306,0.854749
vehicle battery,discovered,1188.548106,373,0.706439
chain end,discovered,1188.503916,412,0.639752
care workers,discovered,1188.423393,653,0.415659
utica shale,discovered,1188.322831,538,0.494031
rich natural,discovered,1188.234295,276,0.932432
35 years,discovered,1188.208857,1222,0.263817
bit trade,discovered,1188.157172,514,0.515547
situation continue,discovered,1188.148866,858,0.334373
strengthening supply,discovered,1188.066324,313,0.836898
significant oil,discovered,1187.793898,375,0.702247
major problem,discovered,1187.774569,677,0.402976
diversified global,discovered,1187.462601,550,0.483729
impact consumption,discovered,1187.199845,475,0.555556
prices current,discovered,1187.112492,731,0.378169
uncertainty terms,discovered,1186.879792,587,0.455745
provides customers,discovered,1186.872748,905,0.321378
security digital,discovered,1186.752578,280,0.921053
risk things,discovered,1186.631513,448,0.587927
equipment manufacturers,discovered,1186.287156,1107,0.280253
believe natural,discovered,1186.269286,470,0.560859
need greater,discovered,1186.266116,557,0.477702
price supply,discovered,1186.043924,381,0.690217
infrastructure long,discovered,1185.967097,364,0.722222
looking gas,discovered,1185.913105,441,0.596752
chinese business,discovered,1185.713860,655,0.413771
data artificial,discovered,1185.495032,296,0.878338
zero targets,discovered,1185.453450,302,0.862857
player global,discovered,1185.436692,384,0.684492
information longer,discovered,1185.403927,365,0.719921
news flow,discovered,1185.403921,1404,0.243075
response current,discovered,1185.263287,548,0.484527
utility company,discovered,1185.142723,535,0.495370
fiscal policies,discovered,1184.961146,306,0.852368
budget pressures,discovered,1184.828195,442,0.594886
defense area,discovered,1184.707931,390,0.673575
volumes negatively,discovered,1184.599182,397,0.661667
activity driven,discovered,1184.543903,724,0.380452
demand grow,discovered,1184.404862,692,0.394752
day processing,discovered,1184.324807,444,0.592000
planned unplanned,discovered,1184.281885,576,0.462651
partners supply,discovered,1184.120387,380,0.690909
rule law,discovered,1184.120387,380,0.690909
signing long,discovered,1184.071096,449,0.585398
intelligence market,discovered,1184.039585,373,0.703774
priority list,discovered,1183.916895,902,0.321569
trade association,discovered,1183.781334,497,0.530416
increasingly uncertain,discovered,1183.595528,338,0.775229
auto sector,discovered,1183.427711,811,0.347770
commodity demand,discovered,1183.162520,308,0.846154
markets industrial,discovered,1182.995757,582,0.457907
sector remain,discovered,1182.824195,459,0.572319
diversification supply,discovered,1182.710886,264,0.960000
remain important,discovered,1182.494183,1057,0.288168
wins include,discovered,1182.472423,538,0.491773
provide infrastructure,discovered,1181.936947,415,0.631659
enterprise class,discovered,1181.919581,762,0.364593
solution includes,discovered,1181.664785,487,0.539911
address evolving,discovered,1181.417601,424,0.618076
chain terms,discovered,1181.167018,512,0.514573
process solutions,discovered,1180.999153,748,0.369748
logistics issues,discovered,1180.883886,574,0.462903
non regulated,discovered,1180.719567,947,0.310085
cyber threat,discovered,1180.709077,258,0.973585
think driven,discovered,1180.475381,1183,0.268011
wondering quantify,discovered,1180.376534,956,0.307990
export duties,discovered,1180.280789,378,0.692308
jones act,discovered,1180.279234,736,0.374364
east business,discovered,1180.173442,528,0.499527
customers value,discovered,1180.080070,1642,0.223158
technology advances,discovered,1180.066945,475,0.552326
aerospace market,discovered,1180.058916,906,0.319802
offset tariff,discovered,1179.998877,362,0.722555
battery production,discovered,1179.809370,459,0.570896
megawatt solar,discovered,1179.611824,663,0.407749
nuclear fleet,discovered,1179.466839,525,0.501912
relatively tight,discovered,1179.271058,626,0.428181
contract awarded,discovered,1179.187356,760,0.364683
chain partner,discovered,1178.986319,331,0.788095
internet security,discovered,1178.631158,396,0.660000
drivers including,discovered,1178.602451,559,0.473328
world increasing,discovered,1178.541142,393,0.664975
supply things,discovered,1178.430763,370,0.706107
prices economic,discovered,1178.109729,310,0.837838
political support,discovered,1178.024377,348,0.750000
resilience supply,discovered,1177.970664,263,0.959854
landing gear,discovered,1177.894232,727,0.377466
addressing critical,discovered,1177.871262,313,0.830239
gas actually,discovered,1177.592802,431,0.606188
discussed previously,discovered,1177.519888,2333,0.189891
lower fuel,discovered,1177.223441,1401,0.242429
different geographies,discovered,1177.149912,1674,0.220728
low economic,discovered,1176.983658,368,0.709056
country continues,discovered,1176.939753,445,0.587071
development advanced,discovered,1176.858579,478,0.547537
materials needed,discovered,1176.780215,315,0.824607
sovereign risk,discovered,1176.716071,387,0.674216
mou signed,discovered,1176.560047,390,0.668954
trade conflicts,discovered,1176.355147,254,0.980695
order avoid,discovered,1176.348833,838,0.337767
ability attract,discovered,1176.266583,1146,0.272727
national economic,discovered,1175.852418,317,0.819121
multi domain,discovered,1175.732297,322,0.807018
demand medium,discovered,1175.663163,340,0.765766
higher export,discovered,1175.626672,448,0.582575
weakness global,discovered,1175.228984,401,0.649919
gas strategy,discovered,1175.095321,303,0.853521
consumer preferences,discovered,1174.983925,880,0.325564
impacted government,discovered,1174.733024,363,0.717391
green economy,discovered,1174.668447,316,0.820779
volatility gas,discovered,1174.668447,316,0.820779
pushing prices,discovered,1174.639334,477,0.547646
demand heavy,discovered,1174.529274,428,0.608819
large strategic,discovered,1174.427008,725,0.377408
